[218月2026 05:35:40.772] [main/INFO] [net.neoforged.fml.startup.Entrypoint/]: JVM Uptime at startup: 353ms
[218月2026 05:35:41.002] [main/INFO] [net.neoforged.fml.loading.FMLLoader/]: Starting FancyModLoader version 11.0.15 (CLIENT in PROD)
[218月2026 05:35:41.003] [main/INFO] [net.neoforged.fml.loading.FMLLoader/]: Game directory: D:\DOWLOD\.minecraft\versions\26.1.2-NeoForge_26.1.2.97
[218月2026 05:35:41.069] [main/INFO] [net.neoforged.fml.loading.EarlyServiceDiscovery/]: Found 3 early service jars (out of 117) in 38ms
[218月2026 05:35:41.070] [main/INFO] [net.neoforged.fml.loading.FMLLoader/]: Loading FML Early Services:
[218月2026 05:35:41.071] [main/INFO] [net.neoforged.fml.loading.FMLLoader/]:  - D:/DOWLOD/.minecraft/libraries/net/neoforged/fancymodloader/earlydisplay/11.0.15/earlydisplay-11.0.15.jar
[218月2026 05:35:41.072] [main/INFO] [net.neoforged.fml.loading.FMLLoader/]:  - D:/DOWLOD/.minecraft/libraries/net/neoforged/fancymodloader/loader/11.0.15/loader-11.0.15.jar
[218月2026 05:35:41.073] [main/INFO] [net.neoforged.fml.loading.FMLLoader/]:  - mods/[钠] sodium-neoforge-0.9.1+mc26.1.2.jar
[218月2026 05:35:41.081] [main/INFO] [net.neoforged.fml.loading.ImmediateWindowHandler/]: Running graphics bootstrap plugin sodium
[218月2026 05:35:41.085] [main/INFO] [Sodium-GraphicsAdapterProbe/]: Searching for graphics cards...
[218月2026 05:35:41.276] [main/INFO] [Sodium-GraphicsAdapterProbe/]: Found graphics adapter: AdapterInfo{vendor=AMD, description='AMD Radeon(TM) Graphics', adapterType=0x00002303, openglIcdFilePath='C:\Windows\System32\DriverStore\FileRepository\u0202642.inf_amd64_870f6b155aa057ce\B026261\atig6pxx.dll', openglIcdVersion=32.0.21045.1000}
[218月2026 05:35:41.277] [main/INFO] [Sodium-GraphicsAdapterProbe/]: Found graphics adapter: AdapterInfo{vendor=AMD, description='AMD  Radeon RX 7800 XT', adapterType=0x0000230B, openglIcdFilePath='C:\Windows\System32\DriverStore\FileRepository\u0202643.inf_amd64_8835e06f359414be\B026283\atig6pxx.dll', openglIcdVersion=32.0.31035.1003}
[218月2026 05:35:41.279] [main/WARN] [Sodium-Workarounds/]: Sodium has applied one or more workarounds to prevent crashes or other issues on your system: [AMD_GAME_OPTIMIZATION_BROKEN]
[218月2026 05:35:41.279] [main/WARN] [Sodium-Workarounds/]: This is not necessarily an issue, but it may result in certain features or optimizations being disabled. You can sometimes fix these issues by upgrading your graphics driver.
[218月2026 05:35:41.279] [main/INFO] [Sodium-AmdWorkarounds/]: Modifying process environment to apply workarounds for the AMD graphics driver...
[218月2026 05:35:41.282] [main/INFO] [net.neoforged.fml.loading.ImmediateWindowHandler/]: Loading ImmediateWindowProvider fmlearlywindow
[218月2026 05:35:42.361] [ForkJoinPool.commonPool-worker-1/INFO] [net.neoforged.fml.loading.moddiscovery.locators.GameLocator/]: Marking unmodified client jar as claimed to prevent loading: D:\DOWLOD\.minecraft\versions\26.1.2-NeoForge_26.1.2.97\26.1.2-NeoForge_26.1.2.97.jar
[218月2026 05:35:42.369] [ForkJoinPool.commonPool-worker-1/INFO] [net.neoforged.fml.loading.moddiscovery.locators.GameLocator/]: Failed to find common Minecraft classes and resources on the classpath. Assuming we're launching production.
[218月2026 05:35:42.395] [fml-loadingscreen/INFO] [net.neoforged.fml.earlydisplay.render.LoadingScreenRenderer/]: GL info: AMD  Radeon RX 7800 XT GL version 3.3.0 Core Profile Context 26.7.1.260716, ATI Technologies Inc.
[218月2026 05:35:42.723] [ForkJoinPool.commonPool-worker-1/INFO] [net.neoforged.fml.loading.moddiscovery.locators.JarInJarDependencyLocator/]: Found 21 dependencies adding them to mods collection
[218月2026 05:35:42.725] [ForkJoinPool.commonPool-worker-1/INFO] [net.neoforged.fml.loading.moddiscovery.ModDiscoverer/]: 
     Mod List:
		Name Version (Mod Id)

		3d-Skin-Layers 1.11.2 (skinlayers3d)
		Architectury 20.0.12 (architectury)
		Carry On 2.10.0 (carryon)
		Cloth Config v26.1 API 26.1.154 (cloth_config)
		Dynamic FPS 3.11.7 (dynamic_fps)
		Dynamic FPS Common 3.11.7 (dynamic_fps_common)
		ImmediatelyFast 1.15.3+26.1 (immediatelyfast)
		Iris 1.11.3+mc26.1.2 (iris)
		LambDynamicLights 4.11.1+26.1.2 (lambdynlights)
		LambDynamicLights (API) 4.11.1+26.1.2 (lambdynlights_api)
		LAN World Plug-n-Play 2.0.0 (mcwifipnp)
		Minecraft 26.1.2 (minecraft)
		Mouse Tweaks 2.31 (mousetweaks)
		NeoForge 26.1.2.97 (neoforge)
		Pride Lib 1.6.0+26.1 (pride)
		Reese's Sodium Options 2.2.3+mc26.1.2 (reeses_sodium_options)
		Roughly Enough Items (REI) 26.1.819 (roughlyenoughitems)
		Sodium 0.9.1+mc26.1.2 (sodium)
		SpruceUI 10.0.0+26.1 (spruceui)
		Timeless and Classics Zero 1.1.8+neoforge.26.1.2.r13 (tacz)
		TRansition 1.0.21 (transition)
		TRender 1.0.15 (trender)
		Xaero's Minimap 26.4.2 (xaerominimap)
		XaeroLib 1.7.1 (xaerolib)
		Yumi Minecraft Libraries: Foundation 1.1.0+26.1 (yumi_mc_core)
[218月2026 05:35:42.919] [main/INFO] [mixin/]: SpongePowered MIXIN Subsystem Version=0.8.7 Source=file:/D:/DOWLOD/.minecraft/libraries/net/fabricmc/sponge-mixin/0.17.3+mixin.0.8.7/sponge-mixin-0.17.3+mixin.0.8.7.jar Service=FML Env=CLIENT
[218月2026 05:35:42.940] [main/INFO] [net.neoforged.fml.loading.FMLLoader/]: Loading FML Plugins:
[218月2026 05:35:42.940] [main/INFO] [net.neoforged.fml.loading.FMLLoader/]:  - mods/iris-neoforge-1.11.3+mc26.1.2.jar > jcpp-1.4.14.jar
[218月2026 05:35:42.940] [main/INFO] [net.neoforged.fml.loading.FMLLoader/]:  - mods/tacz-1.1.8+neoforge.26.1.2.r13.jar > luaj-jse-3.0.1.jar
[218月2026 05:35:42.941] [main/INFO] [net.neoforged.fml.loading.FMLLoader/]:  - mods/iris-neoforge-1.11.3+mc26.1.2.jar > glsl-transformer-3.0.0-pre3.jar
[218月2026 05:35:42.941] [main/INFO] [net.neoforged.fml.loading.FMLLoader/]:  - mods/tacz-1.1.8+neoforge.26.1.2.r13.jar > commons-math3-3.6.1.jar
[218月2026 05:35:42.941] [main/INFO] [net.neoforged.fml.loading.FMLLoader/]:  - mods/[动态 FPS] dynamic-fps-3.11.7+minecraft-26.1.0-neoforge.jar > battery-2.1.0.jar
[218月2026 05:35:42.942] [main/INFO] [net.neoforged.fml.loading.FMLLoader/]:  - mods/iris-neoforge-1.11.3+mc26.1.2.jar > antlr4-runtime-4.13.1.jar
[218月2026 05:35:42.942] [main/INFO] [net.neoforged.fml.loading.FMLLoader/]:  - mods/ImmediatelyFast-NeoForge-1.15.3+26.1.jar > Reflect-1.6.2.jar
[218月2026 05:35:42.942] [main/INFO] [net.neoforged.fml.loading.FMLLoader/]:  - ~libraries/net/neoforged/neoforge/26.1.2.97/neoforge-26.1.2.97-universal.jar > net.neoforged.neoforge-coremods-26.1.2.97.jar
[218月2026 05:35:43.024] [main/INFO] [net.neoforged.fml.loading.FMLLoader/]: Building game content classloader:
 - architectury (jar(mods/architectury-neoforge-20.0.12.jar))
 - carryon (jar(mods/[搬运] carryon-neoforge-26.1.2-2.10.0.jar))
 - cloth_config (jar(mods/cloth-config-26.1.154.jar))
 - dev.yumi.commons.collections (jar(mods/[Lambd的动态光源] lambdynamiclights-4.11.1+26.1.2.jar > lambdynamiclights-api-4.11.1+26.1.2.jar > yumi-commons-collections-2.0.0.jar))
 - dev.yumi.commons.core (jar(mods/[Lambd的动态光源] lambdynamiclights-4.11.1+26.1.2.jar > lambdynamiclights-api-4.11.1+26.1.2.jar > yumi-commons-core-2.0.0.jar))
 - dev.yumi.commons.event (jar(mods/[Lambd的动态光源] lambdynamiclights-4.11.1+26.1.2.jar > lambdynamiclights-api-4.11.1+26.1.2.jar > yumi-commons-event-2.0.0.jar))
 - dynamic_fps (jar(mods/[动态 FPS] dynamic-fps-3.11.7+minecraft-26.1.0-neoforge.jar))
 - dynamic_fps_common (jar(mods/[动态 FPS] dynamic-fps-3.11.7+minecraft-26.1.0-neoforge.jar > net.lostluma.dynamic-fps-3.11.7+minecraft-26.1.0-common.jar))
 - immediatelyfast (jar(mods/ImmediatelyFast-NeoForge-1.15.3+26.1.jar))
 - iris (jar(mods/iris-neoforge-1.11.3+mc26.1.2.jar))
 - lambdynlights (jar(mods/[Lambd的动态光源] lambdynamiclights-4.11.1+26.1.2.jar))
 - lambdynlights_api (jar(mods/[Lambd的动态光源] lambdynamiclights-4.11.1+26.1.2.jar > lambdynamiclights-api-4.11.1+26.1.2.jar))
 - mcwifipnp (jar(mods/[更高级联机设置] mcwifipnp-2.0.0-26.1.2-neoforge.jar))
 - minecraft (jar(~libraries/net/neoforged/minecraft-client-patched/26.1.2.97/minecraft-client-patched-26.1.2.97.jar))
 - mixinextras.neoforge (jar(~libraries/net/neoforged/neoforge/26.1.2.97/neoforge-26.1.2.97-universal.jar > mixinextras-neoforge-0.5.4.jar))
 - mousetweaks (jar(mods/[鼠标手势] MouseTweaks-neoforge-mc26.1-2.31.jar))
 - neoforge (jar(~libraries/net/neoforged/neoforge/26.1.2.97/neoforge-26.1.2.97-universal.jar))
 - net.neoforged.fml.generated (empty(VirtualJar/net.neoforged.fml.generated))
 - pride (jar(mods/[Lambd的动态光源] lambdynamiclights-4.11.1+26.1.2.jar > pridelib-1.6.0+26.1.jar))
 - reeses_sodium_options (jar(mods/[Reese的钠视频界面] reeses-sodium-options-neoforge-2.2.3+mc26.1.2.jar))
 - roughlyenoughitems (jar(mods/[REI物品管理器] RoughlyEnoughItems-26.1.819.jar))
 - skinlayers3d (jar(mods/[3D 皮肤层] skinlayers3d-neoforge-1.11.2-mc26.1.2.jar))
 - sodium (jar(mods/[钠] sodium-neoforge-0.9.1+mc26.1.2.jar > net.caffeinemc.sodium-neoforge-0.9.1+mc26.1.2-mod.jar))
 - spruceui (jar(mods/[Lambd的动态光源] lambdynamiclights-4.11.1+26.1.2.jar > spruceui-10.0.0+26.1.jar))
 - tacz (jar(mods/tacz-1.1.8+neoforge.26.1.2.r13.jar))
 - transition (jar(mods/[3D 皮肤层] skinlayers3d-neoforge-1.11.2-mc26.1.2.jar > TRansition-1.0.21-26.1.2-neoforge-SNAPSHOT.jar))
 - trender (jar(mods/[3D 皮肤层] skinlayers3d-neoforge-1.11.2-mc26.1.2.jar > TRender-1.0.15-26.1.2-neoforge-SNAPSHOT.jar))
 - xaerolib (jar(mods/[Xaero的小地图] xaerominimap-neoforge-26.1.2-26.4.2.jar > xaerolib-neoforge-26.1.2-1.7.1.jar))
 - xaerominimap (jar(mods/[Xaero的小地图] xaerominimap-neoforge-26.1.2-26.4.2.jar))
 - yumi_mc_core (jar(mods/[Lambd的动态光源] lambdynamiclights-4.11.1+26.1.2.jar > yumi-mc-foundation-1.1.0+26.1.jar))
[218月2026 05:35:43.042] [main/INFO] [net.neoforged.fml.loading.FMLLoader/]: Built game content classloader in 38ms
[218月2026 05:35:43.078] [main/INFO] [mixin/]: Compatibility level set to JAVA_25
[218月2026 05:35:43.108] [main/WARN] [mixin/]: Reference map 'iris.refmap.json' for mixins.iris.json could not be read. If this is a development environment you can ignore this message
[218月2026 05:35:43.109] [main/WARN] [mixin/]: Reference map 'iris.refmap.json' for mixins.iris.vertexformat.json could not be read. If this is a development environment you can ignore this message
[218月2026 05:35:43.109] [main/WARN] [mixin/]: Reference map 'iris.refmap.json' for mixins.iris.compat.sodium.json could not be read. If this is a development environment you can ignore this message
[218月2026 05:35:43.192] [main/WARN] [mixin/]: Reference map 'carryon.refmap.json' for carryon.mixins.json could not be read. If this is a development environment you can ignore this message
[218月2026 05:35:43.198] [main/INFO] [Sodium/]: Loaded configuration file for Sodium: 36 options available, 1 override(s) found
[218月2026 05:35:43.200] [main/WARN] [mixin/]: Reference map 'xaerolib.refmap.json' for xaerolib.mixins.json could not be read. If this is a development environment you can ignore this message
[218月2026 05:35:43.201] [main/WARN] [mixin/]: Reference map 'skinlayers3d.refmap.mixins.json' for skinlayers3d.mixins.json could not be read. If this is a development environment you can ignore this message
[218月2026 05:35:43.202] [main/WARN] [mixin/]: Reference map 'mcwifipnp-refmap.json' for mcwifipnp.mixins.json could not be read. If this is a development environment you can ignore this message
[218月2026 05:35:43.425] [main/WARN] [mixin/]: Error loading class: com/portingdeadmods/cable_facades/events/GameClientEvents$2 (java.lang.ClassNotFoundException: com.portingdeadmods.cable_facades.events.GameClientEvents$2)
[218月2026 05:35:43.425] [main/WARN] [mixin/]: Error loading class: com/direwolf20/justdirethings/client/renderers/OurRenderTypes (java.lang.ClassNotFoundException: com.direwolf20.justdirethings.client.renderers.OurRenderTypes)
[218月2026 05:35:43.425] [main/WARN] [mixin/]: Error loading class: mekanism/client/render/entity/RenderFlame (java.lang.ClassNotFoundException: mekanism.client.render.entity.RenderFlame)
[218月2026 05:35:43.426] [main/WARN] [mixin/]: Error loading class: mekanism/client/render/armor/MekaSuitArmor (java.lang.ClassNotFoundException: mekanism.client.render.armor.MekaSuitArmor)
[218月2026 05:35:43.426] [main/WARN] [mixin/]: Error loading class: mekanism/client/render/lib/effect/BillboardingEffectRenderer (java.lang.ClassNotFoundException: mekanism.client.render.lib.effect.BillboardingEffectRenderer)
[218月2026 05:35:43.427] [main/WARN] [mixin/]: Error loading class: blusunrize/immersiveengineering/client/utils/IEGLShaders (java.lang.ClassNotFoundException: blusunrize.immersiveengineering.client.utils.IEGLShaders)
[218月2026 05:35:43.525] [main/WARN] [Sodium/]: Force-disabling mixin 'features.render.world.sky.LevelRendererMixin' as rule 'mixin.features.render.world.sky' (added by mods [iris]) disables it and children
[218月2026 05:35:43.583] [main/WARN] [mixin/]: Error loading class: traben/entity_model_features/models/parts/EMFModelPart (java.lang.ClassNotFoundException: traben.entity_model_features.models.parts.EMFModelPart)
[218月2026 05:35:43.648] [main/INFO] [MixinExtras|Service/]: Initializing MixinExtras via com.llamalad7.mixinextras.service.MixinExtrasServiceImpl(version=0.5.4).
[218月2026 05:35:44.452] [Datafixer Bootstrap/INFO] [com.mojang.datafixers.DataFixerBuilder/]: 294 Datafixer optimizations took 243 milliseconds
[218月2026 05:35:44.541] [main/WARN] [oshi.driver.windows.perfmon.PerfmonDisabled/]: Invalid registry value type detected for PerfOS counters. Should be REG_DWORD. Ignoring: HKEY_LOCAL_MACHINE\SYSTEM\CurrentControlSet\Services\PerfOS\Performance\Disable Performance Counters.
[218月2026 05:35:47.601] [pool-18-thread-1/INFO] [dev.yumi.mc.core.impl.YumiFoundationMod/]: Initializing mods (entrypoint yumi:init)...
[218月2026 05:35:47.731] [modloading-worker-0/INFO] [net.minecraft.server.LoggedPrintStream/]: [STDOUT]: [TRender] Initializing Client...
[218月2026 05:35:47.743] [modloading-worker-0/INFO] [net.neoforged.neoforge.common.NeoForgeMod/NEOFORGE-MOD]: NeoForge mod loading, version 26.1.2.97, for MC 26.1.2
[218月2026 05:35:47.758] [modloading-worker-0/INFO] [xaero.hud.minimap.MinimapLogs/]: No Optifine!
[218月2026 05:35:47.759] [modloading-worker-0/INFO] [xaero.hud.minimap.MinimapLogs/]: Xaero's Minimap: No Vivecraft!
[218月2026 05:35:47.759] [modloading-worker-0/INFO] [xaero.hud.minimap.MinimapLogs/]: Xaero's Minimap: Iris found!
[218月2026 05:35:47.781] [modloading-worker-0/INFO] [xaero.lib.XaeroLib/]: Registering common data for channel xaerolib:main!
[218月2026 05:35:47.781] [modloading-worker-0/WARN] [Iris/]: Found fine program match for neoforge:pipeline/entity_smooth_cutout_cull: ENTITIES_CUTOUT
[218月2026 05:35:47.786] [modloading-worker-0/INFO] [xaero.lib.XaeroLib/]: Registering client data for channel xaerolib:main!
[218月2026 05:35:47.788] [modloading-worker-0/WARN] [Iris/]: Found fine program match for neoforge:pipeline/entity_translucent_cull: ENTITIES_TRANSLUCENT
[218月2026 05:35:47.788] [modloading-worker-0/WARN] [Iris/]: Found fine program match for neoforge:pipeline/entity_unlit_translucent: ENTITIES_TRANSLUCENT
[218月2026 05:35:47.798] [modloading-worker-0/INFO] [xaero.lib.XaeroLib/]: Loading primary common config for channel xaerolib:main!
[218月2026 05:35:47.814] [modloading-worker-0/INFO] [xaero.lib.XaeroLib/]: Loading server config profiles for channel xaerolib:main!
[218月2026 05:35:47.822] [modloading-worker-0/INFO] [xaero.lib.XaeroLib/]: Loading primary client config for channel xaerolib:main!
[218月2026 05:35:47.828] [modloading-worker-0/INFO] [xaero.lib.XaeroLib/]: Loading client config profiles for channel xaerolib:main!
[218月2026 05:35:47.835] [modloading-worker-0/INFO] [xaero.common.HudMod/]: Registering common data for channel xaerominimap:main!
[218月2026 05:35:47.862] [modloading-worker-0/INFO] [com.tacz.guns.GunMod/]: TaCZ NeoForge 26.1.2 port work package ⑥ loading. modId=tacz
[218月2026 05:35:47.865] [modloading-worker-0/INFO] [xaero.common.HudMod/]: Registering client data for channel xaerominimap:main!
[218月2026 05:35:47.875] [modloading-worker-0/WARN] [Iris/]: Found fine program match for tacz:pipeline/scope_depth_aperture: HAND_CUTOUT
[218月2026 05:35:47.875] [modloading-worker-0/INFO] [com.tacz.guns.GunMod/]: [TACZ Iris] Assigned scope_depth_aperture to the Iris HAND program.
[218月2026 05:35:47.876] [modloading-worker-0/WARN] [Iris/]: Found fine program match for tacz:pipeline/scope_depth_cleanup: HAND_CUTOUT
[218月2026 05:35:47.876] [modloading-worker-0/INFO] [com.tacz.guns.GunMod/]: [TACZ Iris] Assigned scope_depth_cleanup to the Iris HAND program.
[218月2026 05:35:47.876] [modloading-worker-0/WARN] [Iris/]: Found fine program match for tacz:pipeline/scope_etched_reticle: HAND_CUTOUT
[218月2026 05:35:47.876] [modloading-worker-0/INFO] [com.tacz.guns.GunMod/]: [TACZ Iris] Assigned scope_etched_reticle to the Iris HAND program.
[218月2026 05:35:47.876] [modloading-worker-0/WARN] [Iris/]: Found fine program match for tacz:pipeline/scope_visible_reticle: HAND_TRANSLUCENT
[218月2026 05:35:47.876] [modloading-worker-0/INFO] [com.tacz.guns.GunMod/]: [TACZ Iris] Assigned scope_visible_reticle to the Iris HAND_TRANSLUCENT program.
[218月2026 05:35:47.876] [modloading-worker-0/WARN] [Iris/]: Found fine program match for tacz:pipeline/scope_viewmodel_cutout: HAND_CUTOUT
[218月2026 05:35:47.876] [modloading-worker-0/INFO] [com.tacz.guns.GunMod/]: [TACZ Iris] Assigned scope_viewmodel_cutout to the Iris HAND program.
[218月2026 05:35:47.876] [modloading-worker-0/WARN] [Iris/]: Found fine program match for tacz:pipeline/scope_flash_translucent: HAND_TRANSLUCENT
[218月2026 05:35:47.876] [modloading-worker-0/INFO] [com.tacz.guns.GunMod/]: [TACZ Iris] Assigned scope_flash_translucent to the Iris HAND_TRANSLUCENT program.
[218月2026 05:35:47.877] [modloading-worker-0/WARN] [Iris/]: Found fine program match for tacz:pipeline/scope_flash_swirl: HAND_TRANSLUCENT
[218月2026 05:35:47.877] [modloading-worker-0/INFO] [com.tacz.guns.GunMod/]: [TACZ Iris] Assigned scope_flash_swirl to the Iris HAND_TRANSLUCENT program.
[218月2026 05:35:47.877] [modloading-worker-0/INFO] [com.tacz.guns.GunMod/]: TaCZ NeoForge 26.1.2 port work package ⑤ client loading. modId=tacz
[218月2026 05:35:47.878] [modloading-worker-0/INFO] [xaero.common.HudMod/]: Loading primary common config for channel xaerominimap:main!
[218月2026 05:35:47.884] [modloading-worker-0/INFO] [xaero.common.HudMod/]: Loading server config profiles for channel xaerominimap:main!
[218月2026 05:35:47.890] [modloading-worker-0/INFO] [xaero.common.HudMod/]: Loading primary client config for channel xaerominimap:main!
[218月2026 05:35:47.897] [modloading-worker-0/INFO] [xaero.common.HudMod/]: Loading client config profiles for channel xaerominimap:main!
[218月2026 05:35:47.945] [modloading-worker-0/INFO] [REI/]: [REI] Config loaded
[218月2026 05:35:47.989] [modloading-worker-0/INFO] [REI/]: [REI] Registered plugin provider DefaultPluginImpl [roughlyenoughitems] for REICommonPlugin
[218月2026 05:35:47.990] [modloading-worker-0/INFO] [REI/]: [REI] Registered plugin provider DefaultRuntimePlugin [roughlyenoughitems] for REICommonPlugin
[218月2026 05:35:47.996] [modloading-worker-0/INFO] [REI/]: [REI] Registered plugin provider REIPlugin [tacz] for REICommonPlugin
[218月2026 05:35:48.044] [modloading-worker-0/INFO] [REI/]: [REI] Registered plugin provider DefaultClientPluginImpl [roughlyenoughitems] for REIClientPlugin
[218月2026 05:35:48.052] [modloading-worker-0/INFO] [REI/]: [REI] Registered plugin provider DefaultClientRuntimePlugin [roughlyenoughitems] for REIClientPlugin
[218月2026 05:35:48.053] [modloading-worker-0/INFO] [REI/]: [REI] Registered plugin provider HideIngredientsFromTagsPlugin [roughlyenoughitems] for REIClientPlugin
[218月2026 05:35:48.057] [modloading-worker-0/INFO] [REI/]: [REI] Registered plugin provider REIClientPlugin [tacz] for REIClientPlugin
[218月2026 05:35:48.496] [Render thread/INFO] [com.mojang.authlib.yggdrasil.YggdrasilAuthenticationService/]: Environment: Environment[sessionHost=https://sessionserver.mojang.com, servicesHost=https://api.minecraftservices.com, profilesHost=https://api.mojang.com, name=PROD]
[218月2026 05:35:48.515] [Render thread/INFO] [net.minecraft.client.Minecraft/]: Setting user: GOOSTL
[218月2026 05:35:48.585] [Render thread/INFO] [LambDynamicLights/]: [LambDynLights] Initializing LambDynamicLights...
[218月2026 05:35:48.600] [Render thread/INFO] [LambDynamicLights|Config/]: [LambDynLights] Configuration loaded.
[218月2026 05:35:48.738] [Render thread/INFO] [net.minecraft.client.Minecraft/]: Backend library: LWJGL version 3.4.1+2
[218月2026 05:35:48.767] [ForkJoinPool.commonPool-worker-2/WARN] [Iris/]: [Iris Update Check] Failed to get update info!
javax.net.ssl.SSLHandshakeException: (certificate_unknown) PKIX path building failed: sun.security.provider.certpath.SunCertPathBuilderException: unable to find valid certification path to requested target
	at java.base/sun.security.ssl.Alert.createSSLException(Alert.java:130) ~[?:?]
	at java.base/sun.security.ssl.TransportContext.fatal(TransportContext.java:376) ~[?:?]
	at java.base/sun.security.ssl.TransportContext.fatal(TransportContext.java:319) ~[?:?]
	at java.base/sun.security.ssl.TransportContext.fatal(TransportContext.java:314) ~[?:?]
	at java.base/sun.security.ssl.CertificateMessage$T13CertificateConsumer.checkServerCerts(CertificateMessage.java:1295) ~[?:?]
	at java.base/sun.security.ssl.CertificateMessage$T13CertificateConsumer.onConsumeCertificate(CertificateMessage.java:1172) ~[?:?]
	at java.base/sun.security.ssl.CertificateMessage$T13CertificateConsumer.consume(CertificateMessage.java:1115) ~[?:?]
	at java.base/sun.security.ssl.SSLHandshake.consume(SSLHandshake.java:421) ~[?:?]
	at java.base/sun.security.ssl.HandshakeContext.dispatch(HandshakeContext.java:477) ~[?:?]
	at java.base/sun.security.ssl.HandshakeContext.dispatch(HandshakeContext.java:448) ~[?:?]
	at java.base/sun.security.ssl.TransportContext.dispatch(TransportContext.java:199) ~[?:?]
	at java.base/sun.security.ssl.SSLTransport.decode(SSLTransport.java:172) ~[?:?]
	at java.base/sun.security.ssl.SSLSocketImpl.decode(SSLSocketImpl.java:1506) ~[?:?]
	at java.base/sun.security.ssl.SSLSocketImpl.readHandshakeRecord(SSLSocketImpl.java:1421) ~[?:?]
	at java.base/sun.security.ssl.SSLSocketImpl.startHandshake(SSLSocketImpl.java:455) ~[?:?]
	at java.base/sun.security.ssl.SSLSocketImpl.startHandshake(SSLSocketImpl.java:426) ~[?:?]
	at java.base/sun.net.www.protocol.https.HttpsClient.afterConnect(HttpsClient.java:483) ~[?:?]
	at java.base/sun.net.www.protocol.https.AbstractDelegateHttpsURLConnection.connect(AbstractDelegateHttpsURLConnection.java:187) ~[?:?]
	at java.base/sun.net.www.protocol.http.HttpURLConnection.getInputStream0(HttpURLConnection.java:1377) ~[?:?]
	at java.base/sun.net.www.protocol.http.HttpURLConnection.getInputStream(HttpURLConnection.java:1302) ~[?:?]
	at java.base/sun.net.www.protocol.https.HttpsURLConnectionImpl.getInputStream(HttpsURLConnectionImpl.java:223) ~[?:?]
	at java.base/java.net.URL.openStream(URL.java:1263) ~[?:?]
	at TRANSFORMER/iris@1.11.3+mc26.1.2/net.irisshaders.iris.UpdateChecker.lambda$checkForUpdates$0(UpdateChecker.java:89) ~[?:?]
	at java.base/java.util.concurrent.CompletableFuture$AsyncSupply.run(CompletableFuture.java:1789) [?:?]
	at java.base/java.util.concurrent.CompletableFuture$AsyncSupply.exec(CompletableFuture.java:1781) [?:?]
	at java.base/java.util.concurrent.ForkJoinTask.doExec(ForkJoinTask.java:511) [?:?]
	at java.base/java.util.concurrent.ForkJoinPool$WorkQueue.topLevelExec(ForkJoinPool.java:1450) [?:?]
	at java.base/java.util.concurrent.ForkJoinPool.runWorker(ForkJoinPool.java:2019) [?:?]
	at java.base/java.util.concurrent.ForkJoinWorkerThread.run(ForkJoinWorkerThread.java:187) [?:?]
Caused by: sun.security.validator.ValidatorException: PKIX path building failed: sun.security.provider.certpath.SunCertPathBuilderException: unable to find valid certification path to requested target
	at java.base/sun.security.validator.PKIXValidator.doBuild(PKIXValidator.java:387) ~[?:?]
	at java.base/sun.security.validator.PKIXValidator.engineValidate(PKIXValidator.java:270) ~[?:?]
	at java.base/sun.security.validator.Validator.validate(Validator.java:256) ~[?:?]
	at java.base/sun.security.ssl.X509TrustManagerImpl.checkTrusted(X509TrustManagerImpl.java:230) ~[?:?]
	at java.base/sun.security.ssl.X509TrustManagerImpl.checkServerTrusted(X509TrustManagerImpl.java:132) ~[?:?]
	at java.base/sun.security.ssl.CertificateMessage$T13CertificateConsumer.checkServerCerts(CertificateMessage.java:1279) ~[?:?]
	... 24 more
Caused by: sun.security.provider.certpath.SunCertPathBuilderException: unable to find valid certification path to requested target
	at java.base/sun.security.provider.certpath.SunCertPathBuilder.build(SunCertPathBuilder.java:148) ~[?:?]
	at java.base/sun.security.provider.certpath.SunCertPathBuilder.engineBuild(SunCertPathBuilder.java:129) ~[?:?]
	at java.base/java.security.cert.CertPathBuilder.build(CertPathBuilder.java:299) ~[?:?]
	at java.base/sun.security.validator.PKIXValidator.doBuild(PKIXValidator.java:382) ~[?:?]
	... 29 more
[218月2026 05:35:48.999] [Render thread/INFO] [Iris/]: Debug functionality is disabled.
[218月2026 05:35:49.000] [Render thread/INFO] [Iris/]: ARB_direct_state_access detected, enabling DSA.
[218月2026 05:35:49.014] [Render thread/INFO] [Iris/]: Shaders are disabled because enableShaders is set to false in iris.properties
[218月2026 05:35:49.014] [Render thread/INFO] [ImmediatelyFast/]: Initializing ImmediatelyFast 1.15.3+26.1 on AMD  Radeon RX 7800 XT (ATI Technologies Inc.) with OpenGL 3.3.0 Core Profile Context 26.7.1.260716
[218月2026 05:35:49.014] [Render thread/INFO] [ImmediatelyFast/]: Found Iris 1.11.3+mc26.1.2. Enabling compatibility.
[218月2026 05:35:49.075] [Render thread/INFO] [net.minecraft.client.Minecraft/]: Using optional rendering extensions: GL_ARB_buffer_storage, GL_KHR_debug, GL_ARB_vertex_attrib_binding, GL_ARB_direct_state_access, GL_EXT_texture_filter_anisotropic
[218月2026 05:35:49.084] [Render thread/INFO] [com.tacz.guns.GunMod/]: WP③ onAddPackFinders called with packType=CLIENT_RESOURCES
[218月2026 05:35:49.200] [Render thread/INFO] [com.tacz.guns.GunMod/]: WP③ RepositorySource.loadPacks invoked for packType=CLIENT_RESOURCES
[218月2026 05:35:49.203] [Render thread/INFO] [com.tacz.guns.GunMod/GunPackFinder]: discoverExtensions called with packType=CLIENT_RESOURCES, firstLoad=true
[218月2026 05:35:49.220] [Render thread/INFO] [com.tacz.guns.GunMod/GunPackFinder]: Start scanning for gun packs in D:\DOWLOD\.minecraft\versions\26.1.2-NeoForge_26.1.2.97\tacz
[218月2026 05:35:49.222] [Render thread/INFO] [com.tacz.guns.GunMod/GunPackFinder]: - Cold War from 1947-1991 v0.51.zip, Main namespace: rainforest
[218月2026 05:35:49.225] [Render thread/INFO] [com.tacz.guns.GunMod/GunPackFinder]: - KhanPowder_v0.8.99_hotfix.zip, Main namespace: murasamet
[218月2026 05:35:49.226] [Render thread/INFO] [com.tacz.guns.GunMod/GunPackFinder]: - tacz_default_gun, Main namespace: tacz
[218月2026 05:35:49.227] [Render thread/INFO] [com.tacz.guns.GunMod/GunPackFinder]: - [Tacz1.1.7+]CIBR_GunsPack_v0.3_1.1.7.zip, Main namespace: cib
[218月2026 05:35:49.227] [Render thread/INFO] [com.tacz.guns.GunMod/GunPackFinder]: Found 4 possible gunpack(s) and added them to resource set.
[218月2026 05:35:49.673] [Render thread/INFO] [Iris/]: Hardware information:
[218月2026 05:35:49.674] [Render thread/INFO] [Iris/]: CPU: 16x AMD Ryzen 7 7700 8-Core Processor 
[218月2026 05:35:49.674] [Render thread/INFO] [Iris/]: GPU: AMD  Radeon RX 7800 XT (Supports OpenGL 3.3.0 Core Profile Context 26.7.1.260716)
[218月2026 05:35:49.674] [Render thread/INFO] [Iris/]: OS: Windows 11 (10.0)
[218月2026 05:35:50.061] [modloading-worker-0/INFO] [xaero.lib.XaeroLib/]: Loading XaeroLib common 1/2!
[218月2026 05:35:50.061] [modloading-worker-0/INFO] [com.tacz.guns.GunMod/]: WP② registries ready: gun=tacz:modern_kinetic_gun workbench_a=tacz:workbench_a gun_smith_table=tacz:gun_smith_table recipe=tacz:gun_smith_table_crafting
[218月2026 05:35:50.079] [modloading-sync-worker/INFO] [com.tacz.guns.GunMod/SYNCED_ENTITY_DATA_TAC_COPY]: Registered synced data key tacz:shoot_cool_down for minecraft:living_entity
[218月2026 05:35:50.079] [modloading-sync-worker/INFO] [com.tacz.guns.GunMod/SYNCED_ENTITY_DATA_TAC_COPY]: Registered synced data key tacz:melee_cool_down for minecraft:living_entity
[218月2026 05:35:50.079] [modloading-sync-worker/INFO] [com.tacz.guns.GunMod/SYNCED_ENTITY_DATA_TAC_COPY]: Registered synced data key tacz:reload_state for minecraft:living_entity
[218月2026 05:35:50.079] [modloading-sync-worker/INFO] [com.tacz.guns.GunMod/SYNCED_ENTITY_DATA_TAC_COPY]: Registered synced data key tacz:aiming_progress for minecraft:living_entity
[218月2026 05:35:50.079] [modloading-sync-worker/INFO] [com.tacz.guns.GunMod/SYNCED_ENTITY_DATA_TAC_COPY]: Registered synced data key tacz:draw_cool_down for minecraft:living_entity
[218月2026 05:35:50.079] [modloading-sync-worker/INFO] [com.tacz.guns.GunMod/SYNCED_ENTITY_DATA_TAC_COPY]: Registered synced data key tacz:is_aiming for minecraft:living_entity
[218月2026 05:35:50.079] [modloading-sync-worker/INFO] [com.tacz.guns.GunMod/SYNCED_ENTITY_DATA_TAC_COPY]: Registered synced data key tacz:sprint_time for minecraft:living_entity
[218月2026 05:35:50.079] [modloading-sync-worker/INFO] [com.tacz.guns.GunMod/SYNCED_ENTITY_DATA_TAC_COPY]: Registered synced data key tacz:is_bolting for minecraft:living_entity
[218月2026 05:35:50.079] [modloading-sync-worker/INFO] [com.tacz.guns.GunMod/SYNCED_ENTITY_DATA_TAC_COPY]: Registered synced data key tacz:throwable_using for minecraft:living_entity
[218月2026 05:35:50.082] [modloading-worker-0/INFO] [xaero.minimap.XaeroMinimap/]: Loading Xaero's Minimap - Stage 1/3
[218月2026 05:35:50.082] [modloading-worker-0/INFO] [xaero.lib.XaeroLib/]: Loading XaeroLib client 1/3!
[218月2026 05:35:50.083] [modloading-worker-0/INFO] [net.minecraft.server.LoggedPrintStream/]: [STDOUT]: [Mouse Tweaks] Main.initialize()
[218月2026 05:35:50.085] [modloading-worker-0/INFO] [net.minecraft.server.LoggedPrintStream/]: [STDOUT]: [Mouse Tweaks] Initialized.
[218月2026 05:35:50.096] [NeoForge Version Check/INFO] [net.neoforged.fml.VersionChecker/]: [dynamic_fps] Starting version check at https://api.lostluma.net/updates/dynamic-fps?platform=neoforge
[218月2026 05:35:50.992] [modloading-worker-0/WARN] [xaero.lib.XaeroLib/]: io exception while checking patreon: Read timed out
[218月2026 05:35:51.003] [modloading-sync-worker/WARN] [Iris/]: Found fine program match for minecraft:pipeline/entity_cutout: HAND_CUTOUT
[218月2026 05:35:51.003] [modloading-sync-worker/WARN] [com.tacz.guns.GunMod/]: [TACZ Iris] Iris cannot classify render pipeline entity_cutout; vanilla pipeline used.
java.lang.reflect.InvocationTargetException
	at java.base/jdk.internal.reflect.DirectMethodHandleAccessor.invoke(DirectMethodHandleAccessor.java:119) ~[?:?]
	at java.base/java.lang.reflect.Method.invoke(Method.java:565) ~[?:?]
	at TRANSFORMER/tacz@1.1.8+neoforge.26.1.2.r13/com.tacz.guns.compat.iris.IrisCompat.assignPipelineToIris(IrisCompat.java:57) ~[tacz-1.1.8+neoforge.26.1.2.r13.jar:?]
	at TRANSFORMER/tacz@1.1.8+neoforge.26.1.2.r13/com.tacz.guns.compat.iris.IrisCompat.assignCommonEntityPipelinesToHandIfNeeded(IrisCompat.java:75) ~[tacz-1.1.8+neoforge.26.1.2.r13.jar:?]
	at TRANSFORMER/tacz@1.1.8+neoforge.26.1.2.r13/com.tacz.guns.compat.shader.ShaderCompat.assignCommonEntityPipelinesToHandIfNeeded(ShaderCompat.java:35) ~[tacz-1.1.8+neoforge.26.1.2.r13.jar:?]
	at TRANSFORMER/tacz@1.1.8+neoforge.26.1.2.r13/com.tacz.guns.client.GunModClient.lambda$onClientSetup$0(GunModClient.java:32) ~[tacz-1.1.8+neoforge.26.1.2.r13.jar:?]
	at java.base/java.util.concurrent.CompletableFuture$AsyncRun.run(CompletableFuture.java:1825) [?:?]
	at net.neoforged.fml.DeferredWorkQueue.lambda$makeRunnable$0(DeferredWorkQueue.java:67) [loader-11.0.15.jar:11.0]
	at net.neoforged.fml.DeferredWorkQueue.makeRunnable(DeferredWorkQueue.java:62) [loader-11.0.15.jar:11.0]
	at net.neoforged.fml.DeferredWorkQueue.lambda$runTasks$0(DeferredWorkQueue.java:47) [loader-11.0.15.jar:11.0]
	at java.base/java.util.concurrent.ConcurrentLinkedDeque.forEach(ConcurrentLinkedDeque.java:1650) [?:?]
	at net.neoforged.fml.DeferredWorkQueue.runTasks(DeferredWorkQueue.java:47) [loader-11.0.15.jar:11.0]
	at java.base/java.util.concurrent.CompletableFuture$AsyncRun.run(CompletableFuture.java:1825) [?:?]
	at java.base/java.util.concurrent.ThreadPoolExecutor.runWorker(ThreadPoolExecutor.java:1090) [?:?]
	at java.base/java.util.concurrent.ThreadPoolExecutor$Worker.run(ThreadPoolExecutor.java:614) [?:?]
	at java.base/java.lang.Thread.run(Thread.java:1474) [?:?]
Caused by: java.lang.IllegalStateException: Shader already assigned: minecraft:pipeline/entity_cutout: HAND_CUTOUT
	at TRANSFORMER/iris@1.11.3+mc26.1.2/net.irisshaders.iris.pipeline.IrisPipelines.assignPipeline(IrisPipelines.java:235) ~[iris-neoforge-1.11.3+mc26.1.2.jar:?]
	at TRANSFORMER/iris@1.11.3+mc26.1.2/net.irisshaders.iris.apiimpl.IrisApiV0Impl.assignPipeline(IrisApiV0Impl.java:83) ~[iris-neoforge-1.11.3+mc26.1.2.jar:?]
	at java.base/jdk.internal.reflect.DirectMethodHandleAccessor.invoke(DirectMethodHandleAccessor.java:104) ~[?:?]
	... 15 more
[218月2026 05:35:51.004] [modloading-sync-worker/WARN] [Iris/]: Found fine program match for minecraft:pipeline/entity_translucent: HAND_TRANSLUCENT
[218月2026 05:35:51.005] [modloading-sync-worker/WARN] [Iris/]: Found fine program match for minecraft:pipeline/entity_translucent_emissive: HAND_TRANSLUCENT
[218月2026 05:35:51.005] [modloading-sync-worker/INFO] [com.tacz.guns.GunMod/]: TaCZ client setup (work package ⑥ ShaderCompat). minecraft=GOOSTL
[218月2026 05:35:51.005] [modloading-sync-worker/INFO] [xaero.minimap.XaeroMinimap/]: Loading Xaero's Minimap - Stage 2/3
[218月2026 05:35:51.421] [NeoForge Version Check/INFO] [net.neoforged.fml.VersionChecker/]: [dynamic_fps] Found status: UP_TO_DATE Current: 3.11.7 Target: null
[218月2026 05:35:51.959] [modloading-sync-worker/WARN] [xaero.hud.minimap.MinimapLogs/]: io exception while checking versions: Read timed out
[218月2026 05:35:51.961] [modloading-sync-worker/INFO] [xaero.hud.minimap.MinimapLogs/]: Registered player tracker system: minimap_synced
[218月2026 05:35:51.962] [modloading-sync-worker/INFO] [xaero.lib.XaeroLib/]: Loading XaeroLib common 2/2!
[218月2026 05:35:51.962] [modloading-sync-worker/INFO] [xaero.lib.XaeroLib/]: Loading XaeroLib client 2/3!
[218月2026 05:35:52.000] [modloading-sync-worker/INFO] [com.tacz.guns.GunMod/]: WP③ payloads registered (play + configuration), version=1.0.5
[218月2026 05:35:52.098] [Render thread/INFO] [net.minecraft.server.packs.resources.ReloadableResourceManager/]: Reloading ResourceManager: tacz_resources, vanilla, mod_resources, mod/sodium, mod/iris, mod/lambdynlights, mod/yumi_mc_core, mod/mousetweaks, mod/immediatelyfast, mod/lambdynlights_api, mod/architectury, mod/transition, mod/dynamic_fps, mod/carryon, mod/xaerolib, mod/tacz, mod/roughlyenoughitems, mod/trender, mod/cloth_config, mod/skinlayers3d, mod/reeses_sodium_options, mod/pride, mod/xaerominimap, mod/neoforge, mod/spruceui, mod/mcwifipnp, mod/dynamic_fps_common
[218月2026 05:35:52.342] [Render thread/INFO] [xaero.minimap.XaeroMinimap/]: Loading Xaero's Minimap - Stage 3/3
[218月2026 05:35:52.342] [Render thread/INFO] [xaero.lib.XaeroLib/]: Loading XaeroLib client 3/3!
[218月2026 05:35:52.355] [Worker-Main-1/INFO] [net.minecraft.client.gui.font.providers.UnihexProvider/]: Found unifont_pua-17.0.01.hex, loading
[218月2026 05:35:52.369] [Worker-Main-13/INFO] [net.minecraft.client.gui.font.providers.UnihexProvider/]: Found unifont_all_no_pua-17.0.01.hex, loading
[218月2026 05:35:52.408] [Render thread/INFO] [com.mojang.blaze3d.systems.RenderSystem/]: Thread[#3,Render thread,10,main]
[218月2026 05:35:52.409] [Render thread/INFO] [com.mojang.blaze3d.systems.RenderSystem/]: OpenGL Vendor: ATI Technologies Inc.
[218月2026 05:35:52.409] [Render thread/INFO] [com.mojang.blaze3d.systems.RenderSystem/]: OpenGL Renderer: AMD  Radeon RX 7800 XT
[218月2026 05:35:52.409] [Render thread/INFO] [com.mojang.blaze3d.systems.RenderSystem/]: OpenGL Version: 3.3.0 Core Profile Context 26.7.1.260716
[218月2026 05:35:52.553] [Worker-Main-13/INFO] [net.minecraft.client.gui.font.providers.UnihexProvider/]: Found unifont_jp_patch-17.0.01.hex, loading
[218月2026 05:35:53.309] [Render thread/WARN] [com.mojang.blaze3d.opengl.GlProgram/]: tacz:pipeline/scope_depth_cleanup shader program does not use sampler Sampler0 defined in the pipeline. This might be a bug.
[218月2026 05:35:53.413] [Render thread/INFO] [com.mojang.blaze3d.audio.Library/]: OpenAL initialized on device OpenAL Soft on 耳机 (High Definition Audio Device)
[218月2026 05:35:53.415] [Render thread/INFO] [net.minecraft.client.sounds.SoundEngine/SOUNDS]: Sound engine started
[218月2026 05:35:53.415] [Render thread/INFO] [net.minecraft.client.renderer.texture.TextureAtlas/]: Created: 512x256x0 minecraft:textures/atlas/particles.png-atlas
[218月2026 05:35:53.426] [Render thread/INFO] [net.minecraft.client.renderer.texture.TextureAtlas/]: Created: 128x128x0 minecraft:textures/atlas/decorated_pot.png-atlas
[218月2026 05:35:53.428] [Render thread/INFO] [net.minecraft.client.renderer.texture.TextureAtlas/]: Created: 2048x1024x0 minecraft:textures/atlas/armor_trims.png-atlas
[218月2026 05:35:53.434] [Render thread/INFO] [net.minecraft.client.renderer.texture.TextureAtlas/]: Created: 512x256x0 minecraft:textures/atlas/paintings.png-atlas
[218月2026 05:35:53.435] [Render thread/INFO] [net.minecraft.client.renderer.texture.TextureAtlas/]: Created: 1024x512x0 minecraft:textures/atlas/shield_patterns.png-atlas
[218月2026 05:35:53.435] [Render thread/INFO] [net.minecraft.client.renderer.texture.TextureAtlas/]: Created: 4096x2048x4 minecraft:textures/atlas/blocks.png-atlas
[218月2026 05:35:53.522] [Render thread/INFO] [net.minecraft.client.renderer.texture.TextureAtlas/]: Created: 512x512x0 minecraft:textures/atlas/chest.png-atlas
[218月2026 05:35:53.523] [Render thread/INFO] [net.minecraft.client.renderer.texture.TextureAtlas/]: Created: 256x128x0 minecraft:textures/atlas/celestials.png-atlas
[218月2026 05:35:53.523] [Render thread/INFO] [net.minecraft.client.renderer.texture.TextureAtlas/]: Created: 1024x512x0 minecraft:textures/atlas/banner_patterns.png-atlas
[218月2026 05:35:53.523] [Render thread/INFO] [net.minecraft.client.renderer.texture.TextureAtlas/]: Created: 512x512x0 minecraft:textures/atlas/beds.png-atlas
[218月2026 05:35:53.523] [Render thread/INFO] [net.minecraft.client.renderer.texture.TextureAtlas/]: Created: 1024x512x0 minecraft:textures/atlas/items.png-atlas
[218月2026 05:35:53.528] [Render thread/INFO] [net.minecraft.client.renderer.texture.TextureAtlas/]: Created: 1024x1024x0 minecraft:textures/atlas/gui.png-atlas
[218月2026 05:35:53.531] [Render thread/INFO] [net.minecraft.client.renderer.texture.TextureAtlas/]: Created: 128x64x0 minecraft:textures/atlas/map_decorations.png-atlas
[218月2026 05:35:53.531] [Render thread/INFO] [net.minecraft.client.renderer.texture.TextureAtlas/]: Created: 512x256x0 minecraft:textures/atlas/signs.png-atlas
[218月2026 05:35:53.532] [Render thread/INFO] [net.minecraft.client.renderer.texture.TextureAtlas/]: Created: 512x512x0 minecraft:textures/atlas/shulker_boxes.png-atlas
[218月2026 05:35:53.601] [Render thread/INFO] [net.neoforged.neoforge.client.entity.animation.json.AnimationLoader/]: Loaded 0 entity animations
[218月2026 05:35:54.500] [Render thread/INFO] [com.tacz.guns.GunMod/]: WP④ client gun pack loaded: displays=255 guns=0 ammo=0 attachments=0 blocks=0 recipes=0
[218月2026 05:35:54.712] [Render thread/INFO] [Iris/]: Creating pipeline for dimension minecraft:overworld
[218月2026 05:36:01.702] [Render thread/INFO] [com.tacz.guns.GunMod/]: WP③ onAddPackFinders called with packType=SERVER_DATA
[218月2026 05:36:01.715] [Render thread/INFO] [com.tacz.guns.GunMod/]: WP③ RepositorySource.loadPacks invoked for packType=SERVER_DATA
[218月2026 05:36:01.715] [Render thread/INFO] [com.tacz.guns.GunMod/GunPackFinder]: discoverExtensions called with packType=SERVER_DATA, firstLoad=false
[218月2026 05:36:01.715] [Render thread/INFO] [com.tacz.guns.GunMod/GunPackFinder]: Start scanning for gun packs in D:\DOWLOD\.minecraft\versions\26.1.2-NeoForge_26.1.2.97\tacz
[218月2026 05:36:01.715] [Render thread/INFO] [com.tacz.guns.GunMod/GunPackFinder]: - Cold War from 1947-1991 v0.51.zip, Main namespace: rainforest
[218月2026 05:36:01.716] [Render thread/INFO] [com.tacz.guns.GunMod/GunPackFinder]: - KhanPowder_v0.8.99_hotfix.zip, Main namespace: murasamet
[218月2026 05:36:01.716] [Render thread/INFO] [com.tacz.guns.GunMod/GunPackFinder]: - tacz_default_gun, Main namespace: tacz
[218月2026 05:36:01.716] [Render thread/INFO] [com.tacz.guns.GunMod/GunPackFinder]: - [Tacz1.1.7+]CIBR_GunsPack_v0.3_1.1.7.zip, Main namespace: cib
[218月2026 05:36:01.716] [Render thread/INFO] [com.tacz.guns.GunMod/GunPackFinder]: Found 4 possible gunpack(s) and added them to resource set.
[218月2026 05:36:02.721] [Worker-Main-8/INFO] [com.tacz.guns.GunMod/]: WP④ CommonAssetsManager listeners registered (gun index fills after reload). placeholderGuns=0
[218月2026 05:36:02.896] [Worker-Main-11/INFO] [com.tacz.guns.GunMod/TableRecipeLoader]: Found 281 recipe file(s) in legacy 'recipes/' directory (old gun pack layout), 1699 in 'recipe/'.
[218月2026 05:36:03.280] [Render thread/INFO] [net.minecraft.world.item.crafting.RecipeManager/]: Loaded 1699 recipes
[218月2026 05:36:03.286] [Render thread/INFO] [net.minecraft.advancements.AdvancementTree/]: Loaded 1617 advancements
[218月2026 05:36:03.289] [Render thread/INFO] [net.neoforged.neoforge.common.crafting.RecipePriorityManager/]: Loaded 0 recipe priority overrides
[218月2026 05:36:03.374] [Render thread/WARN] [com.tacz.guns.GunMod/ScriptLoader]: Failed to read script file: murasamet:blunderbuss_gun_logic
[218月2026 05:36:03.442] [Render thread/INFO] [com.tacz.guns.GunMod/]: WP④ gun pack loaded: guns=253 ammo=44 attachments=145 blocks=9 recipes=441
[218月2026 05:36:03.511] [Render thread/WARN] [net.minecraft.world.item.crafting.RecipeManager/]: Recipe tacz:ammo/12g can't be placed due to empty ingredients and will be ignored
[218月2026 05:36:03.511] [Render thread/WARN] [net.minecraft.world.item.crafting.RecipeManager/]: Recipe tacz:ammo/22wmr can't be placed due to empty ingredients and will be ignored
[218月2026 05:36:03.511] [Render thread/WARN] [net.minecraft.world.item.crafting.RecipeManager/]: Recipe tacz:ammo/308 can't be placed due to empty ingredients and will be ignored
[218月2026 05:36:03.512] [Render thread/WARN] [net.minecraft.world.item.crafting.RecipeManager/]: Recipe tacz:ammo/30_06 can't be placed due to empty ingredients and will be ignored
[218月2026 05:36:03.512] [Render thread/WARN] [net.minecraft.world.item.crafting.RecipeManager/]: Recipe tacz:ammo/338 can't be placed due to empty ingredients and will be ignored
[218月2026 05:36:03.512] [Render thread/WARN] [net.minecraft.world.item.crafting.RecipeManager/]: Recipe tacz:ammo/357mag can't be placed due to empty ingredients and will be ignored
[218月2026 05:36:03.512] [Render thread/WARN] [net.minecraft.world.item.crafting.RecipeManager/]: Recipe tacz:ammo/40mm can't be placed due to empty ingredients and will be ignored
[218月2026 05:36:03.512] [Render thread/WARN] [net.minecraft.world.item.crafting.RecipeManager/]: Recipe tacz:ammo/45_70 can't be placed due to empty ingredients and will be ignored
[218月2026 05:36:03.512] [Render thread/WARN] [net.minecraft.world.item.crafting.RecipeManager/]: Recipe tacz:ammo/45acp can't be placed due to empty ingredients and will be ignored
[218月2026 05:36:03.512] [Render thread/WARN] [net.minecraft.world.item.crafting.RecipeManager/]: Recipe tacz:ammo/46x30 can't be placed due to empty ingredients and will be ignored
[218月2026 05:36:03.512] [Render thread/WARN] [net.minecraft.world.item.crafting.RecipeManager/]: Recipe tacz:ammo/500mag can't be placed due to empty ingredients and will be ignored
[218月2026 05:36:03.512] [Render thread/WARN] [net.minecraft.world.item.crafting.RecipeManager/]: Recipe tacz:ammo/50ae can't be placed due to empty ingredients and will be ignored
[218月2026 05:36:03.512] [Render thread/WARN] [net.minecraft.world.item.crafting.RecipeManager/]: Recipe tacz:ammo/50bmg can't be placed due to empty ingredients and will be ignored
[218月2026 05:36:03.512] [Render thread/WARN] [net.minecraft.world.item.crafting.RecipeManager/]: Recipe tacz:ammo/545x39 can't be placed due to empty ingredients and will be ignored
[218月2026 05:36:03.512] [Render thread/WARN] [net.minecraft.world.item.crafting.RecipeManager/]: Recipe tacz:ammo/556x45 can't be placed due to empty ingredients and will be ignored
[218月2026 05:36:03.512] [Render thread/WARN] [net.minecraft.world.item.crafting.RecipeManager/]: Recipe tacz:ammo/57x28 can't be placed due to empty ingredients and will be ignored
[218月2026 05:36:03.512] [Render thread/WARN] [net.minecraft.world.item.crafting.RecipeManager/]: Recipe tacz:ammo/58x42 can't be placed due to empty ingredients and will be ignored
[218月2026 05:36:03.512] [Render thread/WARN] [net.minecraft.world.item.crafting.RecipeManager/]: Recipe tacz:ammo/68x51fury can't be placed due to empty ingredients and will be ignored
[218月2026 05:36:03.512] [Render thread/WARN] [net.minecraft.world.item.crafting.RecipeManager/]: Recipe tacz:ammo/762x25 can't be placed due to empty ingredients and will be ignored
[218月2026 05:36:03.512] [Render thread/WARN] [net.minecraft.world.item.crafting.RecipeManager/]: Recipe tacz:ammo/762x39 can't be placed due to empty ingredients and will be ignored
[218月2026 05:36:03.512] [Render thread/WARN] [net.minecraft.world.item.crafting.RecipeManager/]: Recipe tacz:ammo/762x54 can't be placed due to empty ingredients and will be ignored
[218月2026 05:36:03.512] [Render thread/WARN] [net.minecraft.world.item.crafting.RecipeManager/]: Recipe tacz:ammo/792x57 can't be placed due to empty ingredients and will be ignored
[218月2026 05:36:03.512] [Render thread/WARN] [net.minecraft.world.item.crafting.RecipeManager/]: Recipe tacz:ammo/9mm can't be placed due to empty ingredients and will be ignored
[218月2026 05:36:03.512] [Render thread/WARN] [net.minecraft.world.item.crafting.RecipeManager/]: Recipe tacz:ammo/rpg_rocket can't be placed due to empty ingredients and will be ignored
[218月2026 05:36:03.513] [Render thread/WARN] [net.minecraft.world.item.crafting.RecipeManager/]: Recipe tacz:attachments/ammo_mod_fmj can't be placed due to empty ingredients and will be ignored
[218月2026 05:36:03.513] [Render thread/WARN] [net.minecraft.world.item.crafting.RecipeManager/]: Recipe tacz:attachments/ammo_mod_he can't be placed due to empty ingredients and will be ignored
[218月2026 05:36:03.513] [Render thread/WARN] [net.minecraft.world.item.crafting.RecipeManager/]: Recipe tacz:attachments/ammo_mod_hp can't be placed due to empty ingredients and will be ignored
[218月2026 05:36:03.513] [Render thread/WARN] [net.minecraft.world.item.crafting.RecipeManager/]: Recipe tacz:attachments/ammo_mod_i can't be placed due to empty ingredients and will be ignored
[218月2026 05:36:03.513] [Render thread/WARN] [net.minecraft.world.item.crafting.RecipeManager/]: Recipe tacz:attachments/ammo_mod_slug can't be placed due to empty ingredients and will be ignored
[218月2026 05:36:03.513] [Render thread/WARN] [net.minecraft.world.item.crafting.RecipeManager/]: Recipe tacz:attachments/bayonet_6h3 can't be placed due to empty ingredients and will be ignored
[218月2026 05:36:03.513] [Render thread/WARN] [net.minecraft.world.item.crafting.RecipeManager/]: Recipe tacz:attachments/bayonet_m9 can't be placed due to empty ingredients and will be ignored
[218月2026 05:36:03.513] [Render thread/WARN] [net.minecraft.world.item.crafting.RecipeManager/]: Recipe tacz:attachments/deagle_golden_long_barrel can't be placed due to empty ingredients and will be ignored
[218月2026 05:36:03.513] [Render thread/WARN] [net.minecraft.world.item.crafting.RecipeManager/]: Recipe tacz:attachments/extended_mag_1 can't be placed due to empty ingredients and will be ignored
[218月2026 05:36:03.513] [Render thread/WARN] [net.minecraft.world.item.crafting.RecipeManager/]: Recipe tacz:attachments/extended_mag_2 can't be placed due to empty ingredients and will be ignored
[218月2026 05:36:03.513] [Render thread/WARN] [net.minecraft.world.item.crafting.RecipeManager/]: Recipe tacz:attachments/extended_mag_3 can't be placed due to empty ingredients and will be ignored
[218月2026 05:36:03.513] [Render thread/WARN] [net.minecraft.world.item.crafting.RecipeManager/]: Recipe tacz:attachments/grip_cobra can't be placed due to empty ingredients and will be ignored
[218月2026 05:36:03.513] [Render thread/WARN] [net.minecraft.world.item.crafting.RecipeManager/]: Recipe tacz:attachments/grip_magpul_afg_2 can't be placed due to empty ingredients and will be ignored
[218月2026 05:36:03.513] [Render thread/WARN] [net.minecraft.world.item.crafting.RecipeManager/]: Recipe tacz:attachments/grip_osovets_black can't be placed due to empty ingredients and will be ignored
[218月2026 05:36:03.513] [Render thread/WARN] [net.minecraft.world.item.crafting.RecipeManager/]: Recipe tacz:attachments/grip_rk0 can't be placed due to empty ingredients and will be ignored
[218月2026 05:36:03.513] [Render thread/WARN] [net.minecraft.world.item.crafting.RecipeManager/]: Recipe tacz:attachments/grip_rk1_b25u can't be placed due to empty ingredients and will be ignored
[218月2026 05:36:03.513] [Render thread/WARN] [net.minecraft.world.item.crafting.RecipeManager/]: Recipe tacz:attachments/grip_rk6 can't be placed due to empty ingredients and will be ignored
[218月2026 05:36:03.513] [Render thread/WARN] [net.minecraft.world.item.crafting.RecipeManager/]: Recipe tacz:attachments/grip_se_5 can't be placed due to empty ingredients and will be ignored
[218月2026 05:36:03.513] [Render thread/WARN] [net.minecraft.world.item.crafting.RecipeManager/]: Recipe tacz:attachments/grip_td can't be placed due to empty ingredients and will be ignored
[218月2026 05:36:03.513] [Render thread/WARN] [net.minecraft.world.item.crafting.RecipeManager/]: Recipe tacz:attachments/grip_vertical_military can't be placed due to empty ingredients and will be ignored
[218月2026 05:36:03.513] [Render thread/WARN] [net.minecraft.world.item.crafting.RecipeManager/]: Recipe tacz:attachments/grip_vertical_ranger can't be placed due to empty ingredients and will be ignored
[218月2026 05:36:03.513] [Render thread/WARN] [net.minecraft.world.item.crafting.RecipeManager/]: Recipe tacz:attachments/grip_vertical_talon can't be placed due to empty ingredients and will be ignored
[218月2026 05:36:03.513] [Render thread/WARN] [net.minecraft.world.item.crafting.RecipeManager/]: Recipe tacz:attachments/laser_compact can't be placed due to empty ingredients and will be ignored
[218月2026 05:36:03.513] [Render thread/WARN] [net.minecraft.world.item.crafting.RecipeManager/]: Recipe tacz:attachments/laser_lopro can't be placed due to empty ingredients and will be ignored
[218月2026 05:36:03.513] [Render thread/WARN] [net.minecraft.world.item.crafting.RecipeManager/]: Recipe tacz:attachments/laser_nightstick can't be placed due to empty ingredients and will be ignored
[218月2026 05:36:03.513] [Render thread/WARN] [net.minecraft.world.item.crafting.RecipeManager/]: Recipe tacz:attachments/laser_peq6 can't be placed due to empty ingredients and will be ignored
[218月2026 05:36:03.513] [Render thread/WARN] [net.minecraft.world.item.crafting.RecipeManager/]: Recipe tacz:attachments/light_extended_mag_1 can't be placed due to empty ingredients and will be ignored
[218月2026 05:36:03.513] [Render thread/WARN] [net.minecraft.world.item.crafting.RecipeManager/]: Recipe tacz:attachments/light_extended_mag_2 can't be placed due to empty ingredients and will be ignored
[218月2026 05:36:03.513] [Render thread/WARN] [net.minecraft.world.item.crafting.RecipeManager/]: Recipe tacz:attachments/light_extended_mag_3 can't be placed due to empty ingredients and will be ignored
[218月2026 05:36:03.513] [Render thread/WARN] [net.minecraft.world.item.crafting.RecipeManager/]: Recipe tacz:attachments/muzzle_brake_cthulhu can't be placed due to empty ingredients and will be ignored
[218月2026 05:36:03.513] [Render thread/WARN] [net.minecraft.world.item.crafting.RecipeManager/]: Recipe tacz:attachments/muzzle_brake_cyclone_d2 can't be placed due to empty ingredients and will be ignored
[218月2026 05:36:03.513] [Render thread/WARN] [net.minecraft.world.item.crafting.RecipeManager/]: Recipe tacz:attachments/muzzle_brake_mastiff_sg can't be placed due to empty ingredients and will be ignored
[218月2026 05:36:03.513] [Render thread/WARN] [net.minecraft.world.item.crafting.RecipeManager/]: Recipe tacz:attachments/muzzle_brake_pioneer can't be placed due to empty ingredients and will be ignored
[218月2026 05:36:03.513] [Render thread/WARN] [net.minecraft.world.item.crafting.RecipeManager/]: Recipe tacz:attachments/muzzle_brake_timeless50 can't be placed due to empty ingredients and will be ignored
[218月2026 05:36:03.513] [Render thread/WARN] [net.minecraft.world.item.crafting.RecipeManager/]: Recipe tacz:attachments/muzzle_brake_trex can't be placed due to empty ingredients and will be ignored
[218月2026 05:36:03.514] [Render thread/WARN] [net.minecraft.world.item.crafting.RecipeManager/]: Recipe tacz:attachments/muzzle_choke_sg can't be placed due to empty ingredients and will be ignored
[218月2026 05:36:03.514] [Render thread/WARN] [net.minecraft.world.item.crafting.RecipeManager/]: Recipe tacz:attachments/muzzle_compensator_trident can't be placed due to empty ingredients and will be ignored
[218月2026 05:36:03.514] [Render thread/WARN] [net.minecraft.world.item.crafting.RecipeManager/]: Recipe tacz:attachments/muzzle_silencer_knight_qd can't be placed due to empty ingredients and will be ignored
[218月2026 05:36:03.514] [Render thread/WARN] [net.minecraft.world.item.crafting.RecipeManager/]: Recipe tacz:attachments/muzzle_silencer_mirage can't be placed due to empty ingredients and will be ignored
[218月2026 05:36:03.514] [Render thread/WARN] [net.minecraft.world.item.crafting.RecipeManager/]: Recipe tacz:attachments/muzzle_silencer_phantom_s1 can't be placed due to empty ingredients and will be ignored
[218月2026 05:36:03.514] [Render thread/WARN] [net.minecraft.world.item.crafting.RecipeManager/]: Recipe tacz:attachments/muzzle_silencer_ptilopsis can't be placed due to empty ingredients and will be ignored
[218月2026 05:36:03.514] [Render thread/WARN] [net.minecraft.world.item.crafting.RecipeManager/]: Recipe tacz:attachments/muzzle_silencer_sg can't be placed due to empty ingredients and will be ignored
[218月2026 05:36:03.514] [Render thread/WARN] [net.minecraft.world.item.crafting.RecipeManager/]: Recipe tacz:attachments/muzzle_silencer_ursus can't be placed due to empty ingredients and will be ignored
[218月2026 05:36:03.514] [Render thread/WARN] [net.minecraft.world.item.crafting.RecipeManager/]: Recipe tacz:attachments/muzzle_silencer_vulture can't be placed due to empty ingredients and will be ignored
[218月2026 05:36:03.514] [Render thread/WARN] [net.minecraft.world.item.crafting.RecipeManager/]: Recipe tacz:attachments/muzzle_silencer_wraith can't be placed due to empty ingredients and will be ignored
[218月2026 05:36:03.514] [Render thread/WARN] [net.minecraft.world.item.crafting.RecipeManager/]: Recipe tacz:attachments/oem_stock_heavy can't be placed due to empty ingredients and will be ignored
[218月2026 05:36:03.514] [Render thread/WARN] [net.minecraft.world.item.crafting.RecipeManager/]: Recipe tacz:attachments/oem_stock_light can't be placed due to empty ingredients and will be ignored
[218月2026 05:36:03.514] [Render thread/WARN] [net.minecraft.world.item.crafting.RecipeManager/]: Recipe tacz:attachments/oem_stock_tactical can't be placed due to empty ingredients and will be ignored
[218月2026 05:36:03.514] [Render thread/WARN] [net.minecraft.world.item.crafting.RecipeManager/]: Recipe tacz:attachments/scope_1873_6x can't be placed due to empty ingredients and will be ignored
[218月2026 05:36:03.514] [Render thread/WARN] [net.minecraft.world.item.crafting.RecipeManager/]: Recipe tacz:attachments/scope_98k can't be placed due to empty ingredients and will be ignored
[218月2026 05:36:03.514] [Render thread/WARN] [net.minecraft.world.item.crafting.RecipeManager/]: Recipe tacz:attachments/scope_acog_ta31 can't be placed due to empty ingredients and will be ignored
[218月2026 05:36:03.514] [Render thread/WARN] [net.minecraft.world.item.crafting.RecipeManager/]: Recipe tacz:attachments/scope_contender can't be placed due to empty ingredients and will be ignored
[218月2026 05:36:03.514] [Render thread/WARN] [net.minecraft.world.item.crafting.RecipeManager/]: Recipe tacz:attachments/scope_elcan_4x can't be placed due to empty ingredients and will be ignored
[218月2026 05:36:03.514] [Render thread/WARN] [net.minecraft.world.item.crafting.RecipeManager/]: Recipe tacz:attachments/scope_hamr can't be placed due to empty ingredients and will be ignored
[218月2026 05:36:03.514] [Render thread/WARN] [net.minecraft.world.item.crafting.RecipeManager/]: Recipe tacz:attachments/scope_lpvo_1_6 can't be placed due to empty ingredients and will be ignored
[218月2026 05:36:03.514] [Render thread/WARN] [net.minecraft.world.item.crafting.RecipeManager/]: Recipe tacz:attachments/scope_mk5hd can't be placed due to empty ingredients and will be ignored
[218月2026 05:36:03.514] [Render thread/WARN] [net.minecraft.world.item.crafting.RecipeManager/]: Recipe tacz:attachments/scope_qmk152 can't be placed due to empty ingredients and will be ignored
[218月2026 05:36:03.514] [Render thread/WARN] [net.minecraft.world.item.crafting.RecipeManager/]: Recipe tacz:attachments/scope_retro_2x can't be placed due to empty ingredients and will be ignored
[218月2026 05:36:03.514] [Render thread/WARN] [net.minecraft.world.item.crafting.RecipeManager/]: Recipe tacz:attachments/scope_standard_8x can't be placed due to empty ingredients and will be ignored
[218月2026 05:36:03.514] [Render thread/WARN] [net.minecraft.world.item.crafting.RecipeManager/]: Recipe tacz:attachments/scope_vudu can't be placed due to empty ingredients and will be ignored
[218月2026 05:36:03.514] [Render thread/WARN] [net.minecraft.world.item.crafting.RecipeManager/]: Recipe tacz:attachments/shotgun_extended_mag_1 can't be placed due to empty ingredients and will be ignored
[218月2026 05:36:03.514] [Render thread/WARN] [net.minecraft.world.item.crafting.RecipeManager/]: Recipe tacz:attachments/shotgun_extended_mag_2 can't be placed due to empty ingredients and will be ignored
[218月2026 05:36:03.514] [Render thread/WARN] [net.minecraft.world.item.crafting.RecipeManager/]: Recipe tacz:attachments/shotgun_extended_mag_3 can't be placed due to empty ingredients and will be ignored
[218月2026 05:36:03.514] [Render thread/WARN] [net.minecraft.world.item.crafting.RecipeManager/]: Recipe tacz:attachments/sight_552 can't be placed due to empty ingredients and will be ignored
[218月2026 05:36:03.514] [Render thread/WARN] [net.minecraft.world.item.crafting.RecipeManager/]: Recipe tacz:attachments/sight_acro_pistol can't be placed due to empty ingredients and will be ignored
[218月2026 05:36:03.514] [Render thread/WARN] [net.minecraft.world.item.crafting.RecipeManager/]: Recipe tacz:attachments/sight_acro_rifle can't be placed due to empty ingredients and will be ignored
[218月2026 05:36:03.514] [Render thread/WARN] [net.minecraft.world.item.crafting.RecipeManager/]: Recipe tacz:attachments/sight_coyote can't be placed due to empty ingredients and will be ignored
[218月2026 05:36:03.514] [Render thread/WARN] [net.minecraft.world.item.crafting.RecipeManager/]: Recipe tacz:attachments/sight_deltapoint_pistol can't be placed due to empty ingredients and will be ignored
[218月2026 05:36:03.514] [Render thread/WARN] [net.minecraft.world.item.crafting.RecipeManager/]: Recipe tacz:attachments/sight_deltapoint_rifle can't be placed due to empty ingredients and will be ignored
[218月2026 05:36:03.514] [Render thread/WARN] [net.minecraft.world.item.crafting.RecipeManager/]: Recipe tacz:attachments/sight_exp3 can't be placed due to empty ingredients and will be ignored
[218月2026 05:36:03.514] [Render thread/WARN] [net.minecraft.world.item.crafting.RecipeManager/]: Recipe tacz:attachments/sight_fastfire_pistol can't be placed due to empty ingredients and will be ignored
[218月2026 05:36:03.514] [Render thread/WARN] [net.minecraft.world.item.crafting.RecipeManager/]: Recipe tacz:attachments/sight_fastfire_rifle can't be placed due to empty ingredients and will be ignored
[218月2026 05:36:03.515] [Render thread/WARN] [net.minecraft.world.item.crafting.RecipeManager/]: Recipe tacz:attachments/sight_okp7 can't be placed due to empty ingredients and will be ignored
[218月2026 05:36:03.515] [Render thread/WARN] [net.minecraft.world.item.crafting.RecipeManager/]: Recipe tacz:attachments/sight_pk06_pistol can't be placed due to empty ingredients and will be ignored
[218月2026 05:36:03.515] [Render thread/WARN] [net.minecraft.world.item.crafting.RecipeManager/]: Recipe tacz:attachments/sight_pk06_rifle can't be placed due to empty ingredients and will be ignored
[218月2026 05:36:03.515] [Render thread/WARN] [net.minecraft.world.item.crafting.RecipeManager/]: Recipe tacz:attachments/sight_rmr_dot can't be placed due to empty ingredients and will be ignored
[218月2026 05:36:03.515] [Render thread/WARN] [net.minecraft.world.item.crafting.RecipeManager/]: Recipe tacz:attachments/sight_sro_dot can't be placed due to empty ingredients and will be ignored
[218月2026 05:36:03.515] [Render thread/WARN] [net.minecraft.world.item.crafting.RecipeManager/]: Recipe tacz:attachments/sight_srs_02 can't be placed due to empty ingredients and will be ignored
[218月2026 05:36:03.515] [Render thread/WARN] [net.minecraft.world.item.crafting.RecipeManager/]: Recipe tacz:attachments/sight_t1 can't be placed due to empty ingredients and will be ignored
[218月2026 05:36:03.515] [Render thread/WARN] [net.minecraft.world.item.crafting.RecipeManager/]: Recipe tacz:attachments/sight_t2 can't be placed due to empty ingredients and will be ignored
[218月2026 05:36:03.515] [Render thread/WARN] [net.minecraft.world.item.crafting.RecipeManager/]: Recipe tacz:attachments/sight_uh1 can't be placed due to empty ingredients and will be ignored
[218月2026 05:36:03.515] [Render thread/WARN] [net.minecraft.world.item.crafting.RecipeManager/]: Recipe tacz:attachments/sniper_extended_mag_1 can't be placed due to empty ingredients and will be ignored
[218月2026 05:36:03.515] [Render thread/WARN] [net.minecraft.world.item.crafting.RecipeManager/]: Recipe tacz:attachments/sniper_extended_mag_2 can't be placed due to empty ingredients and will be ignored
[218月2026 05:36:03.515] [Render thread/WARN] [net.minecraft.world.item.crafting.RecipeManager/]: Recipe tacz:attachments/sniper_extended_mag_3 can't be placed due to empty ingredients and will be ignored
[218月2026 05:36:03.515] [Render thread/WARN] [net.minecraft.world.item.crafting.RecipeManager/]: Recipe tacz:attachments/stock_ak12 can't be placed due to empty ingredients and will be ignored
[218月2026 05:36:03.515] [Render thread/WARN] [net.minecraft.world.item.crafting.RecipeManager/]: Recipe tacz:attachments/stock_carbon_bone_c5 can't be placed due to empty ingredients and will be ignored
[218月2026 05:36:03.515] [Render thread/WARN] [net.minecraft.world.item.crafting.RecipeManager/]: Recipe tacz:attachments/stock_heavy_spas_12 can't be placed due to empty ingredients and will be ignored
[218月2026 05:36:03.515] [Render thread/WARN] [net.minecraft.world.item.crafting.RecipeManager/]: Recipe tacz:attachments/stock_hk_slim_line can't be placed due to empty ingredients and will be ignored
[218月2026 05:36:03.515] [Render thread/WARN] [net.minecraft.world.item.crafting.RecipeManager/]: Recipe tacz:attachments/stock_m4ss can't be placed due to empty ingredients and will be ignored
[218月2026 05:36:03.515] [Render thread/WARN] [net.minecraft.world.item.crafting.RecipeManager/]: Recipe tacz:attachments/stock_militech_b5 can't be placed due to empty ingredients and will be ignored
[218月2026 05:36:03.515] [Render thread/WARN] [net.minecraft.world.item.crafting.RecipeManager/]: Recipe tacz:attachments/stock_moe can't be placed due to empty ingredients and will be ignored
[218月2026 05:36:03.515] [Render thread/WARN] [net.minecraft.world.item.crafting.RecipeManager/]: Recipe tacz:attachments/stock_ripstock can't be placed due to empty ingredients and will be ignored
[218月2026 05:36:03.515] [Render thread/WARN] [net.minecraft.world.item.crafting.RecipeManager/]: Recipe tacz:attachments/stock_sba3 can't be placed due to empty ingredients and will be ignored
[218月2026 05:36:03.515] [Render thread/WARN] [net.minecraft.world.item.crafting.RecipeManager/]: Recipe tacz:attachments/stock_tactical_ar can't be placed due to empty ingredients and will be ignored
[218月2026 05:36:03.515] [Render thread/WARN] [net.minecraft.world.item.crafting.RecipeManager/]: Recipe tacz:attachments/stock_tactical_spas_12 can't be placed due to empty ingredients and will be ignored
[218月2026 05:36:03.518] [Render thread/WARN] [net.minecraft.world.item.crafting.RecipeManager/]: Recipe tacz:gun/aa12 can't be placed due to empty ingredients and will be ignored
[218月2026 05:36:03.518] [Render thread/WARN] [net.minecraft.world.item.crafting.RecipeManager/]: Recipe tacz:gun/ai_awp can't be placed due to empty ingredients and will be ignored
[218月2026 05:36:03.518] [Render thread/WARN] [net.minecraft.world.item.crafting.RecipeManager/]: Recipe tacz:gun/ak47 can't be placed due to empty ingredients and will be ignored
[218月2026 05:36:03.518] [Render thread/WARN] [net.minecraft.world.item.crafting.RecipeManager/]: Recipe tacz:gun/aug can't be placed due to empty ingredients and will be ignored
[218月2026 05:36:03.518] [Render thread/WARN] [net.minecraft.world.item.crafting.RecipeManager/]: Recipe tacz:gun/b93r can't be placed due to empty ingredients and will be ignored
[218月2026 05:36:03.518] [Render thread/WARN] [net.minecraft.world.item.crafting.RecipeManager/]: Recipe tacz:gun/cz75 can't be placed due to empty ingredients and will be ignored
[218月2026 05:36:03.518] [Render thread/WARN] [net.minecraft.world.item.crafting.RecipeManager/]: Recipe tacz:gun/db_long can't be placed due to empty ingredients and will be ignored
[218月2026 05:36:03.518] [Render thread/WARN] [net.minecraft.world.item.crafting.RecipeManager/]: Recipe tacz:gun/db_short can't be placed due to empty ingredients and will be ignored
[218月2026 05:36:03.518] [Render thread/WARN] [net.minecraft.world.item.crafting.RecipeManager/]: Recipe tacz:gun/deagle can't be placed due to empty ingredients and will be ignored
[218月2026 05:36:03.518] [Render thread/WARN] [net.minecraft.world.item.crafting.RecipeManager/]: Recipe tacz:gun/deagle_golden can't be placed due to empty ingredients and will be ignored
[218月2026 05:36:03.518] [Render thread/WARN] [net.minecraft.world.item.crafting.RecipeManager/]: Recipe tacz:gun/fn_evolys can't be placed due to empty ingredients and will be ignored
[218月2026 05:36:03.518] [Render thread/WARN] [net.minecraft.world.item.crafting.RecipeManager/]: Recipe tacz:gun/fn_fal can't be placed due to empty ingredients and will be ignored
[218月2026 05:36:03.518] [Render thread/WARN] [net.minecraft.world.item.crafting.RecipeManager/]: Recipe tacz:gun/g36k can't be placed due to empty ingredients and will be ignored
[218月2026 05:36:03.518] [Render thread/WARN] [net.minecraft.world.item.crafting.RecipeManager/]: Recipe tacz:gun/glock_17 can't be placed due to empty ingredients and will be ignored
[218月2026 05:36:03.518] [Render thread/WARN] [net.minecraft.world.item.crafting.RecipeManager/]: Recipe tacz:gun/hk416d can't be placed due to empty ingredients and will be ignored
[218月2026 05:36:03.518] [Render thread/WARN] [net.minecraft.world.item.crafting.RecipeManager/]: Recipe tacz:gun/hk_g3 can't be placed due to empty ingredients and will be ignored
[218月2026 05:36:03.518] [Render thread/WARN] [net.minecraft.world.item.crafting.RecipeManager/]: Recipe tacz:gun/hk_mk23 can't be placed due to empty ingredients and will be ignored
[218月2026 05:36:03.518] [Render thread/WARN] [net.minecraft.world.item.crafting.RecipeManager/]: Recipe tacz:gun/hk_mp5a5 can't be placed due to empty ingredients and will be ignored
[218月2026 05:36:03.518] [Render thread/WARN] [net.minecraft.world.item.crafting.RecipeManager/]: Recipe tacz:gun/kar98 can't be placed due to empty ingredients and will be ignored
[218月2026 05:36:03.518] [Render thread/WARN] [net.minecraft.world.item.crafting.RecipeManager/]: Recipe tacz:gun/lonetrail can't be placed due to empty ingredients and will be ignored
[218月2026 05:36:03.518] [Render thread/WARN] [net.minecraft.world.item.crafting.RecipeManager/]: Recipe tacz:gun/m1014 can't be placed due to empty ingredients and will be ignored
[218月2026 05:36:03.518] [Render thread/WARN] [net.minecraft.world.item.crafting.RecipeManager/]: Recipe tacz:gun/m107 can't be placed due to empty ingredients and will be ignored
[218月2026 05:36:03.518] [Render thread/WARN] [net.minecraft.world.item.crafting.RecipeManager/]: Recipe tacz:gun/m16a1 can't be placed due to empty ingredients and will be ignored
[218月2026 05:36:03.518] [Render thread/WARN] [net.minecraft.world.item.crafting.RecipeManager/]: Recipe tacz:gun/m16a4 can't be placed due to empty ingredients and will be ignored
[218月2026 05:36:03.518] [Render thread/WARN] [net.minecraft.world.item.crafting.RecipeManager/]: Recipe tacz:gun/m1911 can't be placed due to empty ingredients and will be ignored
[218月2026 05:36:03.518] [Render thread/WARN] [net.minecraft.world.item.crafting.RecipeManager/]: Recipe tacz:gun/m249 can't be placed due to empty ingredients and will be ignored
[218月2026 05:36:03.518] [Render thread/WARN] [net.minecraft.world.item.crafting.RecipeManager/]: Recipe tacz:gun/m320 can't be placed due to empty ingredients and will be ignored
[218月2026 05:36:03.518] [Render thread/WARN] [net.minecraft.world.item.crafting.RecipeManager/]: Recipe tacz:gun/m4a1 can't be placed due to empty ingredients and will be ignored
[218月2026 05:36:03.519] [Render thread/WARN] [net.minecraft.world.item.crafting.RecipeManager/]: Recipe tacz:gun/m700 can't be placed due to empty ingredients and will be ignored
[218月2026 05:36:03.519] [Render thread/WARN] [net.minecraft.world.item.crafting.RecipeManager/]: Recipe tacz:gun/m870 can't be placed due to empty ingredients and will be ignored
[218月2026 05:36:03.519] [Render thread/WARN] [net.minecraft.world.item.crafting.RecipeManager/]: Recipe tacz:gun/m95 can't be placed due to empty ingredients and will be ignored
[218月2026 05:36:03.519] [Render thread/WARN] [net.minecraft.world.item.crafting.RecipeManager/]: Recipe tacz:gun/m9a4 can't be placed due to empty ingredients and will be ignored
[218月2026 05:36:03.519] [Render thread/WARN] [net.minecraft.world.item.crafting.RecipeManager/]: Recipe tacz:gun/minigun can't be placed due to empty ingredients and will be ignored
[218月2026 05:36:03.519] [Render thread/WARN] [net.minecraft.world.item.crafting.RecipeManager/]: Recipe tacz:gun/mk14 can't be placed due to empty ingredients and will be ignored
[218月2026 05:36:03.519] [Render thread/WARN] [net.minecraft.world.item.crafting.RecipeManager/]: Recipe tacz:gun/p320 can't be placed due to empty ingredients and will be ignored
[218月2026 05:36:03.519] [Render thread/WARN] [net.minecraft.world.item.crafting.RecipeManager/]: Recipe tacz:gun/p90 can't be placed due to empty ingredients and will be ignored
[218月2026 05:36:03.519] [Render thread/WARN] [net.minecraft.world.item.crafting.RecipeManager/]: Recipe tacz:gun/qbz_191 can't be placed due to empty ingredients and will be ignored
[218月2026 05:36:03.519] [Render thread/WARN] [net.minecraft.world.item.crafting.RecipeManager/]: Recipe tacz:gun/qbz_95 can't be placed due to empty ingredients and will be ignored
[218月2026 05:36:03.519] [Render thread/WARN] [net.minecraft.world.item.crafting.RecipeManager/]: Recipe tacz:gun/rhino357 can't be placed due to empty ingredients and will be ignored
[218月2026 05:36:03.519] [Render thread/WARN] [net.minecraft.world.item.crafting.RecipeManager/]: Recipe tacz:gun/rpg7 can't be placed due to empty ingredients and will be ignored
[218月2026 05:36:03.519] [Render thread/WARN] [net.minecraft.world.item.crafting.RecipeManager/]: Recipe tacz:gun/rpk can't be placed due to empty ingredients and will be ignored
[218月2026 05:36:03.519] [Render thread/WARN] [net.minecraft.world.item.crafting.RecipeManager/]: Recipe tacz:gun/scar_h can't be placed due to empty ingredients and will be ignored
[218月2026 05:36:03.519] [Render thread/WARN] [net.minecraft.world.item.crafting.RecipeManager/]: Recipe tacz:gun/scar_l can't be placed due to empty ingredients and will be ignored
[218月2026 05:36:03.519] [Render thread/WARN] [net.minecraft.world.item.crafting.RecipeManager/]: Recipe tacz:gun/sks_tactical can't be placed due to empty ingredients and will be ignored
[218月2026 05:36:03.519] [Render thread/WARN] [net.minecraft.world.item.crafting.RecipeManager/]: Recipe tacz:gun/spas_12 can't be placed due to empty ingredients and will be ignored
[218月2026 05:36:03.519] [Render thread/WARN] [net.minecraft.world.item.crafting.RecipeManager/]: Recipe tacz:gun/spr15hb can't be placed due to empty ingredients and will be ignored
[218月2026 05:36:03.519] [Render thread/WARN] [net.minecraft.world.item.crafting.RecipeManager/]: Recipe tacz:gun/springfield1873 can't be placed due to empty ingredients and will be ignored
[218月2026 05:36:03.519] [Render thread/WARN] [net.minecraft.world.item.crafting.RecipeManager/]: Recipe tacz:gun/taurus500 can't be placed due to empty ingredients and will be ignored
[218月2026 05:36:03.519] [Render thread/WARN] [net.minecraft.world.item.crafting.RecipeManager/]: Recipe tacz:gun/timeless50 can't be placed due to empty ingredients and will be ignored
[218月2026 05:36:03.519] [Render thread/WARN] [net.minecraft.world.item.crafting.RecipeManager/]: Recipe tacz:gun/type_81 can't be placed due to empty ingredients and will be ignored
[218月2026 05:36:03.519] [Render thread/WARN] [net.minecraft.world.item.crafting.RecipeManager/]: Recipe tacz:gun/ump45 can't be placed due to empty ingredients and will be ignored
[218月2026 05:36:03.519] [Render thread/WARN] [net.minecraft.world.item.crafting.RecipeManager/]: Recipe tacz:gun/uzi can't be placed due to empty ingredients and will be ignored
[218月2026 05:36:03.519] [Render thread/WARN] [net.minecraft.world.item.crafting.RecipeManager/]: Recipe tacz:gun/vector45 can't be placed due to empty ingredients and will be ignored
[218月2026 05:36:03.519] [Render thread/WARN] [net.minecraft.world.item.crafting.RecipeManager/]: Recipe tacz:misc/blood_strike_1 can't be placed due to empty ingredients and will be ignored
[218月2026 05:36:03.546] [Server thread/INFO] [net.minecraft.client.server.IntegratedServer/]: Starting integrated minecraft server version 26.1.2
[218月2026 05:36:03.546] [Server thread/INFO] [net.minecraft.server.MinecraftServer/]: Generating keypair
[218月2026 05:36:03.719] [Server thread/INFO] [net.minecraft.server.level.progress.LoggingLevelLoadListener/]: Loading 0 persistent chunks...
[218月2026 05:36:03.730] [Server thread/INFO] [net.minecraft.server.MinecraftServer/]: Saving chunks for level 'ServerLevel[新的世界]'/minecraft:overworld
[218月2026 05:36:03.740] [Server thread/INFO] [net.minecraft.server.MinecraftServer/]: Saving chunks for level 'ServerLevel[新的世界]'/minecraft:the_nether
[218月2026 05:36:03.745] [Server thread/INFO] [net.minecraft.server.MinecraftServer/]: Saving chunks for level 'ServerLevel[新的世界]'/minecraft:the_end
[218月2026 05:36:03.759] [Server thread/INFO] [net.minecraft.server.MinecraftServer/]: ThreadedAnvilChunkStorage (world): All chunks are saved
[218月2026 05:36:03.759] [Server thread/INFO] [net.minecraft.server.MinecraftServer/]: ThreadedAnvilChunkStorage (DIM-1): All chunks are saved
[218月2026 05:36:03.759] [Server thread/INFO] [net.minecraft.server.MinecraftServer/]: ThreadedAnvilChunkStorage (DIM1): All chunks are saved
[218月2026 05:36:03.759] [Server thread/INFO] [net.minecraft.server.MinecraftServer/]: ThreadedAnvilChunkStorage: All dimensions are saved
[218月2026 05:36:03.763] [Server thread/INFO] [net.neoforged.neoforge.server.permission.PermissionAPI/]: Successfully initialized permission handler neoforge:default_handler
[218月2026 05:36:03.974] [Render thread/INFO] [com.tacz.guns.GunMod/]: WP③ onAddPackFinders called with packType=SERVER_DATA
[218月2026 05:36:03.980] [Render thread/INFO] [com.tacz.guns.GunMod/]: WP③ RepositorySource.loadPacks invoked for packType=SERVER_DATA
[218月2026 05:36:03.980] [Render thread/INFO] [com.tacz.guns.GunMod/GunPackFinder]: discoverExtensions called with packType=SERVER_DATA, firstLoad=false
[218月2026 05:36:03.980] [Render thread/INFO] [com.tacz.guns.GunMod/GunPackFinder]: Start scanning for gun packs in D:\DOWLOD\.minecraft\versions\26.1.2-NeoForge_26.1.2.97\tacz
[218月2026 05:36:03.980] [Render thread/INFO] [com.tacz.guns.GunMod/GunPackFinder]: - Cold War from 1947-1991 v0.51.zip, Main namespace: rainforest
[218月2026 05:36:03.980] [Render thread/INFO] [com.tacz.guns.GunMod/GunPackFinder]: - KhanPowder_v0.8.99_hotfix.zip, Main namespace: murasamet
[218月2026 05:36:03.981] [Render thread/INFO] [com.tacz.guns.GunMod/GunPackFinder]: - tacz_default_gun, Main namespace: tacz
[218月2026 05:36:03.981] [Render thread/INFO] [com.tacz.guns.GunMod/GunPackFinder]: - [Tacz1.1.7+]CIBR_GunsPack_v0.3_1.1.7.zip, Main namespace: cib
[218月2026 05:36:03.981] [Render thread/INFO] [com.tacz.guns.GunMod/GunPackFinder]: Found 4 possible gunpack(s) and added them to resource set.
[218月2026 05:36:04.082] [Server thread/INFO] [net.minecraft.server.level.progress.LoggingLevelLoadListener/]: Loading 49 chunks for player spawn...
[218月2026 05:36:04.082] [Server thread/INFO] [net.minecraft.server.level.progress.LoggingLevelLoadListener/]: 准备生成区域中：16%
[218月2026 05:36:04.216] [Server thread/INFO] [net.minecraft.server.level.progress.LoggingLevelLoadListener/]: Time elapsed: 497 ms
[218月2026 05:36:04.409] [Server thread/INFO] [net.minecraft.server.players.PlayerList/]: GOOSTL[local:E:e5929f89] logged in with entity id 24 at (3.6180390848268607, -60.0, 8.935587192276271)
[218月2026 05:36:04.450] [Server thread/INFO] [net.minecraft.server.MinecraftServer/]: GOOSTL加入了游戏
[218月2026 05:36:04.496] [Render thread/INFO] [xaero.hud.minimap.MinimapLogs/]: Minimap required item set to nothing.
[218月2026 05:36:04.496] [Render thread/INFO] [xaero.hud.minimap.MinimapLogs/]: New Xaero hud session initialized!
[218月2026 05:36:04.549] [Server thread/INFO] [net.minecraft.client.server.IntegratedServer/]: Changing view distance to 12, from 10
[218月2026 05:36:04.551] [Server thread/INFO] [net.minecraft.client.server.IntegratedServer/]: Changing simulation distance to 12, from 0
[218月2026 05:36:04.588] [Render thread/INFO] [ChunkBuilder/]: Started 10 worker threads
[218月2026 05:36:04.689] [Render thread/INFO] [com.tacz.guns.GunMod/]: WP④ client gun pack loaded: displays=255 guns=253 ammo=44 attachments=145 blocks=9 recipes=441
[218月2026 05:36:04.809] [Render thread/WARN] [REI/]: [REI] Found 1 existing reload task(s) after trying to terminate them!
[218月2026 05:36:04.822] [REI-ReloadPlugins/INFO] [REI/]: [REI] ~~~~~~~~~~~~~~~~~~~~~~~~~~~~~~~~~~~~~~~~
[218月2026 05:36:04.822] [REI-ReloadPlugins/INFO] [REI/]: [REI] REICommonPlugin starting main-reload for START.
[218月2026 05:36:04.822] [REI-ReloadPlugins/INFO] [REI/]: [REI] Plugins (3):
[218月2026 05:36:04.822] [REI-ReloadPlugins/INFO] [REI/]: [REI]  - (-100.00) DefaultPluginImpl of DefaultPluginImpl [roughlyenoughitems]
[218月2026 05:36:04.822] [REI-ReloadPlugins/INFO] [REI/]: [REI]  - (0.00) REIPlugin of REIPlugin [tacz]
[218月2026 05:36:04.823] [REI-ReloadPlugins/INFO] [REI/]: [REI]  - (0.00) DefaultRuntimePlugin of DefaultRuntimePlugin [roughlyenoughitems]
[218月2026 05:36:04.823] [REI-ReloadPlugins/INFO] [REI/]: [REI] ~~~~~~~~~~~~~~~~~~~~~~~~~~~~~~~~~~~~~~~~
[218月2026 05:36:04.826] [Render thread/INFO] [xaero.hud.minimap.MinimapLogs/]: Minimap updated server level id: 809404826 for world ResourceKey[minecraft:dimension / minecraft:overworld]
[218月2026 05:36:04.830] [Render thread/INFO] [net.minecraft.advancements.AdvancementTree/]: Loaded 56 advancements
[218月2026 05:36:04.877] [REI-ReloadPlugins/INFO] [REI/]: [REI] %%%%%%%%%%%%%%%%%%%%%%%%%%%%%%%%%%%%%%%%
[218月2026 05:36:04.877] [REI-ReloadPlugins/INFO] [REI/]: [REI] REIClientPlugin starting main-reload for START.
[218月2026 05:36:04.877] [REI-ReloadPlugins/INFO] [REI/]: [REI] Plugins (4):
[218月2026 05:36:04.877] [REI-ReloadPlugins/INFO] [REI/]: [REI]  - (-100.00) DefaultClientPluginImpl of DefaultClientPluginImpl [roughlyenoughitems]
[218月2026 05:36:04.877] [REI-ReloadPlugins/INFO] [REI/]: [REI]  - (0.00) REIClientPlugin of REIClientPlugin [tacz]
[218月2026 05:36:04.877] [REI-ReloadPlugins/INFO] [REI/]: [REI]  - (0.00) HideIngredientsFromTagsPlugin of HideIngredientsFromTagsPlugin [roughlyenoughitems]
[218月2026 05:36:04.877] [REI-ReloadPlugins/INFO] [REI/]: [REI]  - (0.00) DefaultClientRuntimePlugin of DefaultClientRuntimePlugin [roughlyenoughitems]
[218月2026 05:36:04.877] [REI-ReloadPlugins/INFO] [REI/]: [REI] %%%%%%%%%%%%%%%%%%%%%%%%%%%%%%%%%%%%%%%%
[218月2026 05:36:04.934] [Render thread/INFO] [net.minecraft.client.renderer.DynamicUniformStorage/]: Resizing Dynamic Transforms UBO, capacity limit of 2 reached during a single frame. New capacity will be 4.
[218月2026 05:36:05.046] [Render thread/INFO] [net.minecraft.client.renderer.DynamicUniformStorage/]: Resizing Dynamic Transforms UBO, capacity limit of 4 reached during a single frame. New capacity will be 8.
[218月2026 05:36:05.057] [REI-ReloadPlugins/INFO] [REI/]: [REI] REICommonPlugin finished post-reload for START in 932.1 μs, totaling 63.13 ms.
[218月2026 05:36:05.059] [REI-ReloadPlugins/INFO] [REI/]: [REI] REIClientPlugin finished post-reload for START in 1.134 ms, totaling 181.6 ms.
[218月2026 05:36:05.061] [REI-ReloadPlugins/INFO] [REI/]: [REI] ++++++++++++++++++++++++++++++++++++++++
[218月2026 05:36:05.061] [REI-ReloadPlugins/INFO] [REI/]: [REI] REICommonPlugin starting main-reload for END.
[218月2026 05:36:05.061] [REI-ReloadPlugins/INFO] [REI/]: [REI] Plugins (3):
[218月2026 05:36:05.061] [REI-ReloadPlugins/INFO] [REI/]: [REI]  - (-100.00) DefaultPluginImpl of DefaultPluginImpl [roughlyenoughitems]
[218月2026 05:36:05.062] [REI-ReloadPlugins/INFO] [REI/]: [REI]  - (0.00) REIPlugin of REIPlugin [tacz]
[218月2026 05:36:05.062] [REI-ReloadPlugins/INFO] [REI/]: [REI]  - (0.00) DefaultRuntimePlugin of DefaultRuntimePlugin [roughlyenoughitems]
[218月2026 05:36:05.062] [REI-ReloadPlugins/INFO] [REI/]: [REI] ++++++++++++++++++++++++++++++++++++++++
[218月2026 05:36:05.090] [Render thread/INFO] [com.tacz.guns.GunMod/]: [TACZ Recipe Viewer] Refreshing after gun-pack sync (9 table(s), 441 recipe(s)).
[218月2026 05:36:05.091] [Render thread/WARN] [REI/]: [REI] Trying to start reload plugins of stage null but found 1 existing reload task(s)!
[218月2026 05:36:05.153] [Render thread/INFO] [com.tacz.guns.GunMod/]: [TACZ Recipe Viewer] JEI/REI refresh completed.
[218月2026 05:36:05.155] [REI-ReloadPlugins/INFO] [REI/]: [REI] ----------------------------------------
[218月2026 05:36:05.155] [REI-ReloadPlugins/INFO] [REI/]: [REI] REICommonPlugin starting main-reload for START.
[218月2026 05:36:05.156] [REI-ReloadPlugins/INFO] [REI/]: [REI] Plugins (3):
[218月2026 05:36:05.156] [REI-ReloadPlugins/INFO] [REI/]: [REI]  - (-100.00) DefaultPluginImpl of DefaultPluginImpl [roughlyenoughitems]
[218月2026 05:36:05.156] [REI-ReloadPlugins/INFO] [REI/]: [REI]  - (0.00) REIPlugin of REIPlugin [tacz]
[218月2026 05:36:05.156] [REI-ReloadPlugins/INFO] [REI/]: [REI]  - (0.00) DefaultRuntimePlugin of DefaultRuntimePlugin [roughlyenoughitems]
[218月2026 05:36:05.156] [REI-ReloadPlugins/INFO] [REI/]: [REI] ----------------------------------------
[218月2026 05:36:05.158] [REI-ReloadPlugins/INFO] [REI/]: [REI] ========================================
[218月2026 05:36:05.158] [REI-ReloadPlugins/INFO] [REI/]: [REI] REIClientPlugin starting main-reload for START.
[218月2026 05:36:05.159] [REI-ReloadPlugins/INFO] [REI/]: [REI] Plugins (4):
[218月2026 05:36:05.159] [REI-ReloadPlugins/INFO] [REI/]: [REI]  - (-100.00) DefaultClientPluginImpl of DefaultClientPluginImpl [roughlyenoughitems]
[218月2026 05:36:05.159] [REI-ReloadPlugins/INFO] [REI/]: [REI]  - (0.00) REIClientPlugin of REIClientPlugin [tacz]
[218月2026 05:36:05.159] [REI-ReloadPlugins/INFO] [REI/]: [REI]  - (0.00) HideIngredientsFromTagsPlugin of HideIngredientsFromTagsPlugin [roughlyenoughitems]
[218月2026 05:36:05.159] [REI-ReloadPlugins/INFO] [REI/]: [REI]  - (0.00) DefaultClientRuntimePlugin of DefaultClientRuntimePlugin [roughlyenoughitems]
[218月2026 05:36:05.159] [REI-ReloadPlugins/INFO] [REI/]: [REI] ========================================
[218月2026 05:36:05.245] [REI-ReloadPlugins/INFO] [REI/]: [REI] REICommonPlugin finished post-reload for START in 436.4 μs, totaling 3.795 ms.
[218月2026 05:36:05.246] [REI-ReloadPlugins/INFO] [REI/]: [REI] REIClientPlugin finished post-reload for START in 508.9 μs, totaling 87.70 ms.
[218月2026 05:36:05.249] [REI-ReloadPlugins/INFO] [REI/]: [REI] %%%%%%%%%%%%%%%%%%%%%%%%%%%%%%%%%%%%%%%%
[218月2026 05:36:05.249] [REI-ReloadPlugins/INFO] [REI/]: [REI] REICommonPlugin starting main-reload for END.
[218月2026 05:36:05.250] [REI-ReloadPlugins/INFO] [REI/]: [REI] Plugins (3):
[218月2026 05:36:05.250] [REI-ReloadPlugins/INFO] [REI/]: [REI]  - (-100.00) DefaultPluginImpl of DefaultPluginImpl [roughlyenoughitems]
[218月2026 05:36:05.250] [REI-ReloadPlugins/INFO] [REI/]: [REI]  - (0.00) REIPlugin of REIPlugin [tacz]
[218月2026 05:36:05.250] [REI-ReloadPlugins/INFO] [REI/]: [REI]  - (0.00) DefaultRuntimePlugin of DefaultRuntimePlugin [roughlyenoughitems]
[218月2026 05:36:05.250] [REI-ReloadPlugins/INFO] [REI/]: [REI] %%%%%%%%%%%%%%%%%%%%%%%%%%%%%%%%%%%%%%%%
[218月2026 05:36:05.266] [REI-ReloadPlugins/INFO] [REI/]: [REI] ++++++++++++++++++++++++++++++++++++++++
[218月2026 05:36:05.266] [REI-ReloadPlugins/INFO] [REI/]: [REI] REIClientPlugin starting main-reload for END.
[218月2026 05:36:05.268] [REI-ReloadPlugins/INFO] [REI/]: [REI] Plugins (4):
[218月2026 05:36:05.268] [REI-ReloadPlugins/INFO] [REI/]: [REI]  - (-100.00) DefaultClientPluginImpl of DefaultClientPluginImpl [roughlyenoughitems]
[218月2026 05:36:05.268] [REI-ReloadPlugins/INFO] [REI/]: [REI]  - (0.00) REIClientPlugin of REIClientPlugin [tacz]
[218月2026 05:36:05.268] [REI-ReloadPlugins/INFO] [REI/]: [REI]  - (0.00) HideIngredientsFromTagsPlugin of HideIngredientsFromTagsPlugin [roughlyenoughitems]
[218月2026 05:36:05.268] [REI-ReloadPlugins/INFO] [REI/]: [REI]  - (0.00) DefaultClientRuntimePlugin of DefaultClientRuntimePlugin [roughlyenoughitems]
[218月2026 05:36:05.268] [REI-ReloadPlugins/INFO] [REI/]: [REI] ++++++++++++++++++++++++++++++++++++++++
[218月2026 05:36:05.426] [REI-ReloadPlugins/WARN] [com.tacz.guns.GunMod/]: Failed to resolve gun smith table result
com.google.gson.JsonSyntaxException: Unknown item 'lrtactical:melee'
	at TRANSFORMER/tacz@1.1.8+neoforge.26.1.2.r13/com.tacz.guns.util.CraftingHelper.getItem(CraftingHelper.java:39) ~[tacz-1.1.8+neoforge.26.1.2.r13.jar:?]
	at TRANSFORMER/tacz@1.1.8+neoforge.26.1.2.r13/com.tacz.guns.util.CraftingHelper.getItemStack(CraftingHelper.java:71) ~[tacz-1.1.8+neoforge.26.1.2.r13.jar:?]
	at TRANSFORMER/tacz@1.1.8+neoforge.26.1.2.r13/com.tacz.guns.util.CraftingHelper.getItemStack(CraftingHelper.java:33) ~[tacz-1.1.8+neoforge.26.1.2.r13.jar:?]
	at TRANSFORMER/tacz@1.1.8+neoforge.26.1.2.r13/com.tacz.guns.crafting.result.GunSmithTableResult.init(GunSmithTableResult.java:78) ~[tacz-1.1.8+neoforge.26.1.2.r13.jar:?]
	at TRANSFORMER/tacz@1.1.8+neoforge.26.1.2.r13/com.tacz.guns.crafting.GunSmithTableRecipe.init(GunSmithTableRecipe.java:94) ~[tacz-1.1.8+neoforge.26.1.2.r13.jar:?]
	at TRANSFORMER/tacz@1.1.8+neoforge.26.1.2.r13/com.tacz.guns.compat.rei.REIClientPlugin.registerDisplays(REIClientPlugin.java:62) ~[tacz-1.1.8+neoforge.26.1.2.r13.jar:?]
	at TRANSFORMER/roughlyenoughitems@26.1.819/me.shedaniel.rei.impl.client.registry.display.DisplayRegistryImpl.acceptPlugin(DisplayRegistryImpl.java:97) ~[%5BREI物品管理器%5D%20RoughlyEnoughItems-26.1.819.jar:?]
	at TRANSFORMER/roughlyenoughitems@26.1.819/me.shedaniel.rei.impl.client.registry.display.DisplayRegistryImpl.acceptPlugin(DisplayRegistryImpl.java:56) ~[%5BREI物品管理器%5D%20RoughlyEnoughItems-26.1.819.jar:?]
	at TRANSFORMER/roughlyenoughitems@26.1.819/me.shedaniel.rei.api.common.registry.Reloadable.acceptPlugin(Reloadable.java:78) ~[%5BREI物品管理器%5D%20RoughlyEnoughItems-26.1.819.jar:?]
	at TRANSFORMER/roughlyenoughitems@26.1.819/me.shedaniel.rei.impl.common.plugins.PluginManagerImpl.lambda$reload$2(PluginManagerImpl.java:427) ~[%5BREI物品管理器%5D%20RoughlyEnoughItems-26.1.819.jar:?]
	at TRANSFORMER/roughlyenoughitems@26.1.819/me.shedaniel.rei.impl.common.plugins.PluginManagerImpl.lambda$pluginSection$0(PluginManagerImpl.java:190) ~[%5BREI物品管理器%5D%20RoughlyEnoughItems-26.1.819.jar:?]
	at TRANSFORMER/roughlyenoughitems@26.1.819/me.shedaniel.rei.impl.common.plugins.PluginManagerImpl.lambda$reload$1(PluginManagerImpl.java:417) ~[%5BREI物品管理器%5D%20RoughlyEnoughItems-26.1.819.jar:?]
	at TRANSFORMER/roughlyenoughitems@26.1.819/me.shedaniel.rei.impl.common.plugins.PluginManagerImpl.pluginSection(PluginManagerImpl.java:188) ~[%5BREI物品管理器%5D%20RoughlyEnoughItems-26.1.819.jar:?]
	at TRANSFORMER/roughlyenoughitems@26.1.819/me.shedaniel.rei.impl.common.plugins.PluginManagerImpl.reload(PluginManagerImpl.java:415) ~[%5BREI物品管理器%5D%20RoughlyEnoughItems-26.1.819.jar:?]
	at TRANSFORMER/roughlyenoughitems@26.1.819/me.shedaniel.rei.impl.common.plugins.ReloadManagerImpl.reloadPlugins0(ReloadManagerImpl.java:155) [%5BREI物品管理器%5D%20RoughlyEnoughItems-26.1.819.jar:?]
	at TRANSFORMER/roughlyenoughitems@26.1.819/me.shedaniel.rei.impl.common.plugins.ReloadManagerImpl.reloadPlugins0(ReloadManagerImpl.java:144) [%5BREI物品管理器%5D%20RoughlyEnoughItems-26.1.819.jar:?]
	at TRANSFORMER/roughlyenoughitems@26.1.819/me.shedaniel.rei.impl.common.plugins.ReloadManagerImpl.reloadPlugins0(ReloadManagerImpl.java:141) [%5BREI物品管理器%5D%20RoughlyEnoughItems-26.1.819.jar:?]
	at TRANSFORMER/roughlyenoughitems@26.1.819/me.shedaniel.rei.impl.common.plugins.ReloadManagerImpl.lambda$reloadPlugins$0(ReloadManagerImpl.java:122) [%5BREI物品管理器%5D%20RoughlyEnoughItems-26.1.819.jar:?]
	at java.base/java.util.concurrent.CompletableFuture$AsyncRun.run(CompletableFuture.java:1825) [?:?]
	at java.base/java.util.concurrent.Executors$RunnableAdapter.call(Executors.java:545) [?:?]
	at java.base/java.util.concurrent.FutureTask.run(FutureTask.java:328) [?:?]
	at java.base/java.util.concurrent.ScheduledThreadPoolExecutor$ScheduledFutureTask.run(ScheduledThreadPoolExecutor.java:309) [?:?]
	at java.base/java.util.concurrent.ThreadPoolExecutor.runWorker(ThreadPoolExecutor.java:1090) [?:?]
	at java.base/java.util.concurrent.ThreadPoolExecutor$Worker.run(ThreadPoolExecutor.java:614) [?:?]
	at java.base/java.lang.Thread.run(Thread.java:1474) [?:?]
[218月2026 05:36:05.428] [REI-ReloadPlugins/WARN] [com.tacz.guns.GunMod/]: Failed to resolve gun smith table result
com.google.gson.JsonSyntaxException: Unknown item 'lrtactical:throwable'
	at TRANSFORMER/tacz@1.1.8+neoforge.26.1.2.r13/com.tacz.guns.util.CraftingHelper.getItem(CraftingHelper.java:39) ~[tacz-1.1.8+neoforge.26.1.2.r13.jar:?]
	at TRANSFORMER/tacz@1.1.8+neoforge.26.1.2.r13/com.tacz.guns.util.CraftingHelper.getItemStack(CraftingHelper.java:71) ~[tacz-1.1.8+neoforge.26.1.2.r13.jar:?]
	at TRANSFORMER/tacz@1.1.8+neoforge.26.1.2.r13/com.tacz.guns.util.CraftingHelper.getItemStack(CraftingHelper.java:33) ~[tacz-1.1.8+neoforge.26.1.2.r13.jar:?]
	at TRANSFORMER/tacz@1.1.8+neoforge.26.1.2.r13/com.tacz.guns.crafting.result.GunSmithTableResult.init(GunSmithTableResult.java:78) ~[tacz-1.1.8+neoforge.26.1.2.r13.jar:?]
	at TRANSFORMER/tacz@1.1.8+neoforge.26.1.2.r13/com.tacz.guns.crafting.GunSmithTableRecipe.init(GunSmithTableRecipe.java:94) ~[tacz-1.1.8+neoforge.26.1.2.r13.jar:?]
	at TRANSFORMER/tacz@1.1.8+neoforge.26.1.2.r13/com.tacz.guns.compat.rei.REIClientPlugin.registerDisplays(REIClientPlugin.java:62) ~[tacz-1.1.8+neoforge.26.1.2.r13.jar:?]
	at TRANSFORMER/roughlyenoughitems@26.1.819/me.shedaniel.rei.impl.client.registry.display.DisplayRegistryImpl.acceptPlugin(DisplayRegistryImpl.java:97) ~[%5BREI物品管理器%5D%20RoughlyEnoughItems-26.1.819.jar:?]
	at TRANSFORMER/roughlyenoughitems@26.1.819/me.shedaniel.rei.impl.client.registry.display.DisplayRegistryImpl.acceptPlugin(DisplayRegistryImpl.java:56) ~[%5BREI物品管理器%5D%20RoughlyEnoughItems-26.1.819.jar:?]
	at TRANSFORMER/roughlyenoughitems@26.1.819/me.shedaniel.rei.api.common.registry.Reloadable.acceptPlugin(Reloadable.java:78) ~[%5BREI物品管理器%5D%20RoughlyEnoughItems-26.1.819.jar:?]
	at TRANSFORMER/roughlyenoughitems@26.1.819/me.shedaniel.rei.impl.common.plugins.PluginManagerImpl.lambda$reload$2(PluginManagerImpl.java:427) ~[%5BREI物品管理器%5D%20RoughlyEnoughItems-26.1.819.jar:?]
	at TRANSFORMER/roughlyenoughitems@26.1.819/me.shedaniel.rei.impl.common.plugins.PluginManagerImpl.lambda$pluginSection$0(PluginManagerImpl.java:190) ~[%5BREI物品管理器%5D%20RoughlyEnoughItems-26.1.819.jar:?]
	at TRANSFORMER/roughlyenoughitems@26.1.819/me.shedaniel.rei.impl.common.plugins.PluginManagerImpl.lambda$reload$1(PluginManagerImpl.java:417) ~[%5BREI物品管理器%5D%20RoughlyEnoughItems-26.1.819.jar:?]
	at TRANSFORMER/roughlyenoughitems@26.1.819/me.shedaniel.rei.impl.common.plugins.PluginManagerImpl.pluginSection(PluginManagerImpl.java:188) ~[%5BREI物品管理器%5D%20RoughlyEnoughItems-26.1.819.jar:?]
	at TRANSFORMER/roughlyenoughitems@26.1.819/me.shedaniel.rei.impl.common.plugins.PluginManagerImpl.reload(PluginManagerImpl.java:415) ~[%5BREI物品管理器%5D%20RoughlyEnoughItems-26.1.819.jar:?]
	at TRANSFORMER/roughlyenoughitems@26.1.819/me.shedaniel.rei.impl.common.plugins.ReloadManagerImpl.reloadPlugins0(ReloadManagerImpl.java:155) [%5BREI物品管理器%5D%20RoughlyEnoughItems-26.1.819.jar:?]
	at TRANSFORMER/roughlyenoughitems@26.1.819/me.shedaniel.rei.impl.common.plugins.ReloadManagerImpl.reloadPlugins0(ReloadManagerImpl.java:144) [%5BREI物品管理器%5D%20RoughlyEnoughItems-26.1.819.jar:?]
	at TRANSFORMER/roughlyenoughitems@26.1.819/me.shedaniel.rei.impl.common.plugins.ReloadManagerImpl.reloadPlugins0(ReloadManagerImpl.java:141) [%5BREI物品管理器%5D%20RoughlyEnoughItems-26.1.819.jar:?]
	at TRANSFORMER/roughlyenoughitems@26.1.819/me.shedaniel.rei.impl.common.plugins.ReloadManagerImpl.lambda$reloadPlugins$0(ReloadManagerImpl.java:122) [%5BREI物品管理器%5D%20RoughlyEnoughItems-26.1.819.jar:?]
	at java.base/java.util.concurrent.CompletableFuture$AsyncRun.run(CompletableFuture.java:1825) [?:?]
	at java.base/java.util.concurrent.Executors$RunnableAdapter.call(Executors.java:545) [?:?]
	at java.base/java.util.concurrent.FutureTask.run(FutureTask.java:328) [?:?]
	at java.base/java.util.concurrent.ScheduledThreadPoolExecutor$ScheduledFutureTask.run(ScheduledThreadPoolExecutor.java:309) [?:?]
	at java.base/java.util.concurrent.ThreadPoolExecutor.runWorker(ThreadPoolExecutor.java:1090) [?:?]
	at java.base/java.util.concurrent.ThreadPoolExecutor$Worker.run(ThreadPoolExecutor.java:614) [?:?]
	at java.base/java.lang.Thread.run(Thread.java:1474) [?:?]
[218月2026 05:36:05.431] [REI-ReloadPlugins/WARN] [com.tacz.guns.GunMod/]: Failed to resolve gun smith table result
com.google.gson.JsonSyntaxException: Unknown item 'lrtactical:melee'
	at TRANSFORMER/tacz@1.1.8+neoforge.26.1.2.r13/com.tacz.guns.util.CraftingHelper.getItem(CraftingHelper.java:39) ~[tacz-1.1.8+neoforge.26.1.2.r13.jar:?]
	at TRANSFORMER/tacz@1.1.8+neoforge.26.1.2.r13/com.tacz.guns.util.CraftingHelper.getItemStack(CraftingHelper.java:71) ~[tacz-1.1.8+neoforge.26.1.2.r13.jar:?]
	at TRANSFORMER/tacz@1.1.8+neoforge.26.1.2.r13/com.tacz.guns.util.CraftingHelper.getItemStack(CraftingHelper.java:33) ~[tacz-1.1.8+neoforge.26.1.2.r13.jar:?]
	at TRANSFORMER/tacz@1.1.8+neoforge.26.1.2.r13/com.tacz.guns.crafting.result.GunSmithTableResult.init(GunSmithTableResult.java:78) ~[tacz-1.1.8+neoforge.26.1.2.r13.jar:?]
	at TRANSFORMER/tacz@1.1.8+neoforge.26.1.2.r13/com.tacz.guns.crafting.GunSmithTableRecipe.init(GunSmithTableRecipe.java:94) ~[tacz-1.1.8+neoforge.26.1.2.r13.jar:?]
	at TRANSFORMER/tacz@1.1.8+neoforge.26.1.2.r13/com.tacz.guns.compat.rei.REIClientPlugin.registerDisplays(REIClientPlugin.java:62) ~[tacz-1.1.8+neoforge.26.1.2.r13.jar:?]
	at TRANSFORMER/roughlyenoughitems@26.1.819/me.shedaniel.rei.impl.client.registry.display.DisplayRegistryImpl.acceptPlugin(DisplayRegistryImpl.java:97) ~[%5BREI物品管理器%5D%20RoughlyEnoughItems-26.1.819.jar:?]
	at TRANSFORMER/roughlyenoughitems@26.1.819/me.shedaniel.rei.impl.client.registry.display.DisplayRegistryImpl.acceptPlugin(DisplayRegistryImpl.java:56) ~[%5BREI物品管理器%5D%20RoughlyEnoughItems-26.1.819.jar:?]
	at TRANSFORMER/roughlyenoughitems@26.1.819/me.shedaniel.rei.api.common.registry.Reloadable.acceptPlugin(Reloadable.java:78) ~[%5BREI物品管理器%5D%20RoughlyEnoughItems-26.1.819.jar:?]
	at TRANSFORMER/roughlyenoughitems@26.1.819/me.shedaniel.rei.impl.common.plugins.PluginManagerImpl.lambda$reload$2(PluginManagerImpl.java:427) ~[%5BREI物品管理器%5D%20RoughlyEnoughItems-26.1.819.jar:?]
	at TRANSFORMER/roughlyenoughitems@26.1.819/me.shedaniel.rei.impl.common.plugins.PluginManagerImpl.lambda$pluginSection$0(PluginManagerImpl.java:190) ~[%5BREI物品管理器%5D%20RoughlyEnoughItems-26.1.819.jar:?]
	at TRANSFORMER/roughlyenoughitems@26.1.819/me.shedaniel.rei.impl.common.plugins.PluginManagerImpl.lambda$reload$1(PluginManagerImpl.java:417) ~[%5BREI物品管理器%5D%20RoughlyEnoughItems-26.1.819.jar:?]
	at TRANSFORMER/roughlyenoughitems@26.1.819/me.shedaniel.rei.impl.common.plugins.PluginManagerImpl.pluginSection(PluginManagerImpl.java:188) ~[%5BREI物品管理器%5D%20RoughlyEnoughItems-26.1.819.jar:?]
	at TRANSFORMER/roughlyenoughitems@26.1.819/me.shedaniel.rei.impl.common.plugins.PluginManagerImpl.reload(PluginManagerImpl.java:415) ~[%5BREI物品管理器%5D%20RoughlyEnoughItems-26.1.819.jar:?]
	at TRANSFORMER/roughlyenoughitems@26.1.819/me.shedaniel.rei.impl.common.plugins.ReloadManagerImpl.reloadPlugins0(ReloadManagerImpl.java:155) [%5BREI物品管理器%5D%20RoughlyEnoughItems-26.1.819.jar:?]
	at TRANSFORMER/roughlyenoughitems@26.1.819/me.shedaniel.rei.impl.common.plugins.ReloadManagerImpl.reloadPlugins0(ReloadManagerImpl.java:144) [%5BREI物品管理器%5D%20RoughlyEnoughItems-26.1.819.jar:?]
	at TRANSFORMER/roughlyenoughitems@26.1.819/me.shedaniel.rei.impl.common.plugins.ReloadManagerImpl.reloadPlugins0(ReloadManagerImpl.java:141) [%5BREI物品管理器%5D%20RoughlyEnoughItems-26.1.819.jar:?]
	at TRANSFORMER/roughlyenoughitems@26.1.819/me.shedaniel.rei.impl.common.plugins.ReloadManagerImpl.lambda$reloadPlugins$0(ReloadManagerImpl.java:122) [%5BREI物品管理器%5D%20RoughlyEnoughItems-26.1.819.jar:?]
	at java.base/java.util.concurrent.CompletableFuture$AsyncRun.run(CompletableFuture.java:1825) [?:?]
	at java.base/java.util.concurrent.Executors$RunnableAdapter.call(Executors.java:545) [?:?]
	at java.base/java.util.concurrent.FutureTask.run(FutureTask.java:328) [?:?]
	at java.base/java.util.concurrent.ScheduledThreadPoolExecutor$ScheduledFutureTask.run(ScheduledThreadPoolExecutor.java:309) [?:?]
	at java.base/java.util.concurrent.ThreadPoolExecutor.runWorker(ThreadPoolExecutor.java:1090) [?:?]
	at java.base/java.util.concurrent.ThreadPoolExecutor$Worker.run(ThreadPoolExecutor.java:614) [?:?]
	at java.base/java.lang.Thread.run(Thread.java:1474) [?:?]
[218月2026 05:36:05.433] [REI-ReloadPlugins/WARN] [com.tacz.guns.GunMod/]: Failed to resolve gun smith table result
com.google.gson.JsonSyntaxException: Unknown item 'lrtactical:melee'
	at TRANSFORMER/tacz@1.1.8+neoforge.26.1.2.r13/com.tacz.guns.util.CraftingHelper.getItem(CraftingHelper.java:39) ~[tacz-1.1.8+neoforge.26.1.2.r13.jar:?]
	at TRANSFORMER/tacz@1.1.8+neoforge.26.1.2.r13/com.tacz.guns.util.CraftingHelper.getItemStack(CraftingHelper.java:71) ~[tacz-1.1.8+neoforge.26.1.2.r13.jar:?]
	at TRANSFORMER/tacz@1.1.8+neoforge.26.1.2.r13/com.tacz.guns.util.CraftingHelper.getItemStack(CraftingHelper.java:33) ~[tacz-1.1.8+neoforge.26.1.2.r13.jar:?]
	at TRANSFORMER/tacz@1.1.8+neoforge.26.1.2.r13/com.tacz.guns.crafting.result.GunSmithTableResult.init(GunSmithTableResult.java:78) ~[tacz-1.1.8+neoforge.26.1.2.r13.jar:?]
	at TRANSFORMER/tacz@1.1.8+neoforge.26.1.2.r13/com.tacz.guns.crafting.GunSmithTableRecipe.init(GunSmithTableRecipe.java:94) ~[tacz-1.1.8+neoforge.26.1.2.r13.jar:?]
	at TRANSFORMER/tacz@1.1.8+neoforge.26.1.2.r13/com.tacz.guns.compat.rei.REIClientPlugin.registerDisplays(REIClientPlugin.java:62) ~[tacz-1.1.8+neoforge.26.1.2.r13.jar:?]
	at TRANSFORMER/roughlyenoughitems@26.1.819/me.shedaniel.rei.impl.client.registry.display.DisplayRegistryImpl.acceptPlugin(DisplayRegistryImpl.java:97) ~[%5BREI物品管理器%5D%20RoughlyEnoughItems-26.1.819.jar:?]
	at TRANSFORMER/roughlyenoughitems@26.1.819/me.shedaniel.rei.impl.client.registry.display.DisplayRegistryImpl.acceptPlugin(DisplayRegistryImpl.java:56) ~[%5BREI物品管理器%5D%20RoughlyEnoughItems-26.1.819.jar:?]
	at TRANSFORMER/roughlyenoughitems@26.1.819/me.shedaniel.rei.api.common.registry.Reloadable.acceptPlugin(Reloadable.java:78) ~[%5BREI物品管理器%5D%20RoughlyEnoughItems-26.1.819.jar:?]
	at TRANSFORMER/roughlyenoughitems@26.1.819/me.shedaniel.rei.impl.common.plugins.PluginManagerImpl.lambda$reload$2(PluginManagerImpl.java:427) ~[%5BREI物品管理器%5D%20RoughlyEnoughItems-26.1.819.jar:?]
	at TRANSFORMER/roughlyenoughitems@26.1.819/me.shedaniel.rei.impl.common.plugins.PluginManagerImpl.lambda$pluginSection$0(PluginManagerImpl.java:190) ~[%5BREI物品管理器%5D%20RoughlyEnoughItems-26.1.819.jar:?]
	at TRANSFORMER/roughlyenoughitems@26.1.819/me.shedaniel.rei.impl.common.plugins.PluginManagerImpl.lambda$reload$1(PluginManagerImpl.java:417) ~[%5BREI物品管理器%5D%20RoughlyEnoughItems-26.1.819.jar:?]
	at TRANSFORMER/roughlyenoughitems@26.1.819/me.shedaniel.rei.impl.common.plugins.PluginManagerImpl.pluginSection(PluginManagerImpl.java:188) ~[%5BREI物品管理器%5D%20RoughlyEnoughItems-26.1.819.jar:?]
	at TRANSFORMER/roughlyenoughitems@26.1.819/me.shedaniel.rei.impl.common.plugins.PluginManagerImpl.reload(PluginManagerImpl.java:415) ~[%5BREI物品管理器%5D%20RoughlyEnoughItems-26.1.819.jar:?]
	at TRANSFORMER/roughlyenoughitems@26.1.819/me.shedaniel.rei.impl.common.plugins.ReloadManagerImpl.reloadPlugins0(ReloadManagerImpl.java:155) [%5BREI物品管理器%5D%20RoughlyEnoughItems-26.1.819.jar:?]
	at TRANSFORMER/roughlyenoughitems@26.1.819/me.shedaniel.rei.impl.common.plugins.ReloadManagerImpl.reloadPlugins0(ReloadManagerImpl.java:144) [%5BREI物品管理器%5D%20RoughlyEnoughItems-26.1.819.jar:?]
	at TRANSFORMER/roughlyenoughitems@26.1.819/me.shedaniel.rei.impl.common.plugins.ReloadManagerImpl.reloadPlugins0(ReloadManagerImpl.java:141) [%5BREI物品管理器%5D%20RoughlyEnoughItems-26.1.819.jar:?]
	at TRANSFORMER/roughlyenoughitems@26.1.819/me.shedaniel.rei.impl.common.plugins.ReloadManagerImpl.lambda$reloadPlugins$0(ReloadManagerImpl.java:122) [%5BREI物品管理器%5D%20RoughlyEnoughItems-26.1.819.jar:?]
	at java.base/java.util.concurrent.CompletableFuture$AsyncRun.run(CompletableFuture.java:1825) [?:?]
	at java.base/java.util.concurrent.Executors$RunnableAdapter.call(Executors.java:545) [?:?]
	at java.base/java.util.concurrent.FutureTask.run(FutureTask.java:328) [?:?]
	at java.base/java.util.concurrent.ScheduledThreadPoolExecutor$ScheduledFutureTask.run(ScheduledThreadPoolExecutor.java:309) [?:?]
	at java.base/java.util.concurrent.ThreadPoolExecutor.runWorker(ThreadPoolExecutor.java:1090) [?:?]
	at java.base/java.util.concurrent.ThreadPoolExecutor$Worker.run(ThreadPoolExecutor.java:614) [?:?]
	at java.base/java.lang.Thread.run(Thread.java:1474) [?:?]
[218月2026 05:36:05.435] [REI-ReloadPlugins/WARN] [com.tacz.guns.GunMod/]: Failed to resolve gun smith table result
com.google.gson.JsonSyntaxException: Unknown item 'lrtactical:throwable'
	at TRANSFORMER/tacz@1.1.8+neoforge.26.1.2.r13/com.tacz.guns.util.CraftingHelper.getItem(CraftingHelper.java:39) ~[tacz-1.1.8+neoforge.26.1.2.r13.jar:?]
	at TRANSFORMER/tacz@1.1.8+neoforge.26.1.2.r13/com.tacz.guns.util.CraftingHelper.getItemStack(CraftingHelper.java:71) ~[tacz-1.1.8+neoforge.26.1.2.r13.jar:?]
	at TRANSFORMER/tacz@1.1.8+neoforge.26.1.2.r13/com.tacz.guns.util.CraftingHelper.getItemStack(CraftingHelper.java:33) ~[tacz-1.1.8+neoforge.26.1.2.r13.jar:?]
	at TRANSFORMER/tacz@1.1.8+neoforge.26.1.2.r13/com.tacz.guns.crafting.result.GunSmithTableResult.init(GunSmithTableResult.java:78) ~[tacz-1.1.8+neoforge.26.1.2.r13.jar:?]
	at TRANSFORMER/tacz@1.1.8+neoforge.26.1.2.r13/com.tacz.guns.crafting.GunSmithTableRecipe.init(GunSmithTableRecipe.java:94) ~[tacz-1.1.8+neoforge.26.1.2.r13.jar:?]
	at TRANSFORMER/tacz@1.1.8+neoforge.26.1.2.r13/com.tacz.guns.compat.rei.REIClientPlugin.registerDisplays(REIClientPlugin.java:62) ~[tacz-1.1.8+neoforge.26.1.2.r13.jar:?]
	at TRANSFORMER/roughlyenoughitems@26.1.819/me.shedaniel.rei.impl.client.registry.display.DisplayRegistryImpl.acceptPlugin(DisplayRegistryImpl.java:97) ~[%5BREI物品管理器%5D%20RoughlyEnoughItems-26.1.819.jar:?]
	at TRANSFORMER/roughlyenoughitems@26.1.819/me.shedaniel.rei.impl.client.registry.display.DisplayRegistryImpl.acceptPlugin(DisplayRegistryImpl.java:56) ~[%5BREI物品管理器%5D%20RoughlyEnoughItems-26.1.819.jar:?]
	at TRANSFORMER/roughlyenoughitems@26.1.819/me.shedaniel.rei.api.common.registry.Reloadable.acceptPlugin(Reloadable.java:78) ~[%5BREI物品管理器%5D%20RoughlyEnoughItems-26.1.819.jar:?]
	at TRANSFORMER/roughlyenoughitems@26.1.819/me.shedaniel.rei.impl.common.plugins.PluginManagerImpl.lambda$reload$2(PluginManagerImpl.java:427) ~[%5BREI物品管理器%5D%20RoughlyEnoughItems-26.1.819.jar:?]
	at TRANSFORMER/roughlyenoughitems@26.1.819/me.shedaniel.rei.impl.common.plugins.PluginManagerImpl.lambda$pluginSection$0(PluginManagerImpl.java:190) ~[%5BREI物品管理器%5D%20RoughlyEnoughItems-26.1.819.jar:?]
	at TRANSFORMER/roughlyenoughitems@26.1.819/me.shedaniel.rei.impl.common.plugins.PluginManagerImpl.lambda$reload$1(PluginManagerImpl.java:417) ~[%5BREI物品管理器%5D%20RoughlyEnoughItems-26.1.819.jar:?]
	at TRANSFORMER/roughlyenoughitems@26.1.819/me.shedaniel.rei.impl.common.plugins.PluginManagerImpl.pluginSection(PluginManagerImpl.java:188) ~[%5BREI物品管理器%5D%20RoughlyEnoughItems-26.1.819.jar:?]
	at TRANSFORMER/roughlyenoughitems@26.1.819/me.shedaniel.rei.impl.common.plugins.PluginManagerImpl.reload(PluginManagerImpl.java:415) ~[%5BREI物品管理器%5D%20RoughlyEnoughItems-26.1.819.jar:?]
	at TRANSFORMER/roughlyenoughitems@26.1.819/me.shedaniel.rei.impl.common.plugins.ReloadManagerImpl.reloadPlugins0(ReloadManagerImpl.java:155) [%5BREI物品管理器%5D%20RoughlyEnoughItems-26.1.819.jar:?]
	at TRANSFORMER/roughlyenoughitems@26.1.819/me.shedaniel.rei.impl.common.plugins.ReloadManagerImpl.reloadPlugins0(ReloadManagerImpl.java:144) [%5BREI物品管理器%5D%20RoughlyEnoughItems-26.1.819.jar:?]
	at TRANSFORMER/roughlyenoughitems@26.1.819/me.shedaniel.rei.impl.common.plugins.ReloadManagerImpl.reloadPlugins0(ReloadManagerImpl.java:141) [%5BREI物品管理器%5D%20RoughlyEnoughItems-26.1.819.jar:?]
	at TRANSFORMER/roughlyenoughitems@26.1.819/me.shedaniel.rei.impl.common.plugins.ReloadManagerImpl.lambda$reloadPlugins$0(ReloadManagerImpl.java:122) [%5BREI物品管理器%5D%20RoughlyEnoughItems-26.1.819.jar:?]
	at java.base/java.util.concurrent.CompletableFuture$AsyncRun.run(CompletableFuture.java:1825) [?:?]
	at java.base/java.util.concurrent.Executors$RunnableAdapter.call(Executors.java:545) [?:?]
	at java.base/java.util.concurrent.FutureTask.run(FutureTask.java:328) [?:?]
	at java.base/java.util.concurrent.ScheduledThreadPoolExecutor$ScheduledFutureTask.run(ScheduledThreadPoolExecutor.java:309) [?:?]
	at java.base/java.util.concurrent.ThreadPoolExecutor.runWorker(ThreadPoolExecutor.java:1090) [?:?]
	at java.base/java.util.concurrent.ThreadPoolExecutor$Worker.run(ThreadPoolExecutor.java:614) [?:?]
	at java.base/java.lang.Thread.run(Thread.java:1474) [?:?]
[218月2026 05:36:05.436] [REI-ReloadPlugins/WARN] [com.tacz.guns.GunMod/]: Failed to resolve gun smith table result
com.google.gson.JsonSyntaxException: Unknown item 'lrtactical:melee'
	at TRANSFORMER/tacz@1.1.8+neoforge.26.1.2.r13/com.tacz.guns.util.CraftingHelper.getItem(CraftingHelper.java:39) ~[tacz-1.1.8+neoforge.26.1.2.r13.jar:?]
	at TRANSFORMER/tacz@1.1.8+neoforge.26.1.2.r13/com.tacz.guns.util.CraftingHelper.getItemStack(CraftingHelper.java:71) ~[tacz-1.1.8+neoforge.26.1.2.r13.jar:?]
	at TRANSFORMER/tacz@1.1.8+neoforge.26.1.2.r13/com.tacz.guns.util.CraftingHelper.getItemStack(CraftingHelper.java:33) ~[tacz-1.1.8+neoforge.26.1.2.r13.jar:?]
	at TRANSFORMER/tacz@1.1.8+neoforge.26.1.2.r13/com.tacz.guns.crafting.result.GunSmithTableResult.init(GunSmithTableResult.java:78) ~[tacz-1.1.8+neoforge.26.1.2.r13.jar:?]
	at TRANSFORMER/tacz@1.1.8+neoforge.26.1.2.r13/com.tacz.guns.crafting.GunSmithTableRecipe.init(GunSmithTableRecipe.java:94) ~[tacz-1.1.8+neoforge.26.1.2.r13.jar:?]
	at TRANSFORMER/tacz@1.1.8+neoforge.26.1.2.r13/com.tacz.guns.compat.rei.REIClientPlugin.registerDisplays(REIClientPlugin.java:62) ~[tacz-1.1.8+neoforge.26.1.2.r13.jar:?]
	at TRANSFORMER/roughlyenoughitems@26.1.819/me.shedaniel.rei.impl.client.registry.display.DisplayRegistryImpl.acceptPlugin(DisplayRegistryImpl.java:97) ~[%5BREI物品管理器%5D%20RoughlyEnoughItems-26.1.819.jar:?]
	at TRANSFORMER/roughlyenoughitems@26.1.819/me.shedaniel.rei.impl.client.registry.display.DisplayRegistryImpl.acceptPlugin(DisplayRegistryImpl.java:56) ~[%5BREI物品管理器%5D%20RoughlyEnoughItems-26.1.819.jar:?]
	at TRANSFORMER/roughlyenoughitems@26.1.819/me.shedaniel.rei.api.common.registry.Reloadable.acceptPlugin(Reloadable.java:78) ~[%5BREI物品管理器%5D%20RoughlyEnoughItems-26.1.819.jar:?]
	at TRANSFORMER/roughlyenoughitems@26.1.819/me.shedaniel.rei.impl.common.plugins.PluginManagerImpl.lambda$reload$2(PluginManagerImpl.java:427) ~[%5BREI物品管理器%5D%20RoughlyEnoughItems-26.1.819.jar:?]
	at TRANSFORMER/roughlyenoughitems@26.1.819/me.shedaniel.rei.impl.common.plugins.PluginManagerImpl.lambda$pluginSection$0(PluginManagerImpl.java:190) ~[%5BREI物品管理器%5D%20RoughlyEnoughItems-26.1.819.jar:?]
	at TRANSFORMER/roughlyenoughitems@26.1.819/me.shedaniel.rei.impl.common.plugins.PluginManagerImpl.lambda$reload$1(PluginManagerImpl.java:417) ~[%5BREI物品管理器%5D%20RoughlyEnoughItems-26.1.819.jar:?]
	at TRANSFORMER/roughlyenoughitems@26.1.819/me.shedaniel.rei.impl.common.plugins.PluginManagerImpl.pluginSection(PluginManagerImpl.java:188) ~[%5BREI物品管理器%5D%20RoughlyEnoughItems-26.1.819.jar:?]
	at TRANSFORMER/roughlyenoughitems@26.1.819/me.shedaniel.rei.impl.common.plugins.PluginManagerImpl.reload(PluginManagerImpl.java:415) ~[%5BREI物品管理器%5D%20RoughlyEnoughItems-26.1.819.jar:?]
	at TRANSFORMER/roughlyenoughitems@26.1.819/me.shedaniel.rei.impl.common.plugins.ReloadManagerImpl.reloadPlugins0(ReloadManagerImpl.java:155) [%5BREI物品管理器%5D%20RoughlyEnoughItems-26.1.819.jar:?]
	at TRANSFORMER/roughlyenoughitems@26.1.819/me.shedaniel.rei.impl.common.plugins.ReloadManagerImpl.reloadPlugins0(ReloadManagerImpl.java:144) [%5BREI物品管理器%5D%20RoughlyEnoughItems-26.1.819.jar:?]
	at TRANSFORMER/roughlyenoughitems@26.1.819/me.shedaniel.rei.impl.common.plugins.ReloadManagerImpl.reloadPlugins0(ReloadManagerImpl.java:141) [%5BREI物品管理器%5D%20RoughlyEnoughItems-26.1.819.jar:?]
	at TRANSFORMER/roughlyenoughitems@26.1.819/me.shedaniel.rei.impl.common.plugins.ReloadManagerImpl.lambda$reloadPlugins$0(ReloadManagerImpl.java:122) [%5BREI物品管理器%5D%20RoughlyEnoughItems-26.1.819.jar:?]
	at java.base/java.util.concurrent.CompletableFuture$AsyncRun.run(CompletableFuture.java:1825) [?:?]
	at java.base/java.util.concurrent.Executors$RunnableAdapter.call(Executors.java:545) [?:?]
	at java.base/java.util.concurrent.FutureTask.run(FutureTask.java:328) [?:?]
	at java.base/java.util.concurrent.ScheduledThreadPoolExecutor$ScheduledFutureTask.run(ScheduledThreadPoolExecutor.java:309) [?:?]
	at java.base/java.util.concurrent.ThreadPoolExecutor.runWorker(ThreadPoolExecutor.java:1090) [?:?]
	at java.base/java.util.concurrent.ThreadPoolExecutor$Worker.run(ThreadPoolExecutor.java:614) [?:?]
	at java.base/java.lang.Thread.run(Thread.java:1474) [?:?]
[218月2026 05:36:05.439] [REI-ReloadPlugins/WARN] [com.tacz.guns.GunMod/]: Failed to resolve gun smith table result
com.google.gson.JsonSyntaxException: Unknown item 'lrtactical:melee'
	at TRANSFORMER/tacz@1.1.8+neoforge.26.1.2.r13/com.tacz.guns.util.CraftingHelper.getItem(CraftingHelper.java:39) ~[tacz-1.1.8+neoforge.26.1.2.r13.jar:?]
	at TRANSFORMER/tacz@1.1.8+neoforge.26.1.2.r13/com.tacz.guns.util.CraftingHelper.getItemStack(CraftingHelper.java:71) ~[tacz-1.1.8+neoforge.26.1.2.r13.jar:?]
	at TRANSFORMER/tacz@1.1.8+neoforge.26.1.2.r13/com.tacz.guns.util.CraftingHelper.getItemStack(CraftingHelper.java:33) ~[tacz-1.1.8+neoforge.26.1.2.r13.jar:?]
	at TRANSFORMER/tacz@1.1.8+neoforge.26.1.2.r13/com.tacz.guns.crafting.result.GunSmithTableResult.init(GunSmithTableResult.java:78) ~[tacz-1.1.8+neoforge.26.1.2.r13.jar:?]
	at TRANSFORMER/tacz@1.1.8+neoforge.26.1.2.r13/com.tacz.guns.crafting.GunSmithTableRecipe.init(GunSmithTableRecipe.java:94) ~[tacz-1.1.8+neoforge.26.1.2.r13.jar:?]
	at TRANSFORMER/tacz@1.1.8+neoforge.26.1.2.r13/com.tacz.guns.compat.rei.REIClientPlugin.registerDisplays(REIClientPlugin.java:62) ~[tacz-1.1.8+neoforge.26.1.2.r13.jar:?]
	at TRANSFORMER/roughlyenoughitems@26.1.819/me.shedaniel.rei.impl.client.registry.display.DisplayRegistryImpl.acceptPlugin(DisplayRegistryImpl.java:97) ~[%5BREI物品管理器%5D%20RoughlyEnoughItems-26.1.819.jar:?]
	at TRANSFORMER/roughlyenoughitems@26.1.819/me.shedaniel.rei.impl.client.registry.display.DisplayRegistryImpl.acceptPlugin(DisplayRegistryImpl.java:56) ~[%5BREI物品管理器%5D%20RoughlyEnoughItems-26.1.819.jar:?]
	at TRANSFORMER/roughlyenoughitems@26.1.819/me.shedaniel.rei.api.common.registry.Reloadable.acceptPlugin(Reloadable.java:78) ~[%5BREI物品管理器%5D%20RoughlyEnoughItems-26.1.819.jar:?]
	at TRANSFORMER/roughlyenoughitems@26.1.819/me.shedaniel.rei.impl.common.plugins.PluginManagerImpl.lambda$reload$2(PluginManagerImpl.java:427) ~[%5BREI物品管理器%5D%20RoughlyEnoughItems-26.1.819.jar:?]
	at TRANSFORMER/roughlyenoughitems@26.1.819/me.shedaniel.rei.impl.common.plugins.PluginManagerImpl.lambda$pluginSection$0(PluginManagerImpl.java:190) ~[%5BREI物品管理器%5D%20RoughlyEnoughItems-26.1.819.jar:?]
	at TRANSFORMER/roughlyenoughitems@26.1.819/me.shedaniel.rei.impl.common.plugins.PluginManagerImpl.lambda$reload$1(PluginManagerImpl.java:417) ~[%5BREI物品管理器%5D%20RoughlyEnoughItems-26.1.819.jar:?]
	at TRANSFORMER/roughlyenoughitems@26.1.819/me.shedaniel.rei.impl.common.plugins.PluginManagerImpl.pluginSection(PluginManagerImpl.java:188) ~[%5BREI物品管理器%5D%20RoughlyEnoughItems-26.1.819.jar:?]
	at TRANSFORMER/roughlyenoughitems@26.1.819/me.shedaniel.rei.impl.common.plugins.PluginManagerImpl.reload(PluginManagerImpl.java:415) ~[%5BREI物品管理器%5D%20RoughlyEnoughItems-26.1.819.jar:?]
	at TRANSFORMER/roughlyenoughitems@26.1.819/me.shedaniel.rei.impl.common.plugins.ReloadManagerImpl.reloadPlugins0(ReloadManagerImpl.java:155) [%5BREI物品管理器%5D%20RoughlyEnoughItems-26.1.819.jar:?]
	at TRANSFORMER/roughlyenoughitems@26.1.819/me.shedaniel.rei.impl.common.plugins.ReloadManagerImpl.reloadPlugins0(ReloadManagerImpl.java:144) [%5BREI物品管理器%5D%20RoughlyEnoughItems-26.1.819.jar:?]
	at TRANSFORMER/roughlyenoughitems@26.1.819/me.shedaniel.rei.impl.common.plugins.ReloadManagerImpl.reloadPlugins0(ReloadManagerImpl.java:141) [%5BREI物品管理器%5D%20RoughlyEnoughItems-26.1.819.jar:?]
	at TRANSFORMER/roughlyenoughitems@26.1.819/me.shedaniel.rei.impl.common.plugins.ReloadManagerImpl.lambda$reloadPlugins$0(ReloadManagerImpl.java:122) [%5BREI物品管理器%5D%20RoughlyEnoughItems-26.1.819.jar:?]
	at java.base/java.util.concurrent.CompletableFuture$AsyncRun.run(CompletableFuture.java:1825) [?:?]
	at java.base/java.util.concurrent.Executors$RunnableAdapter.call(Executors.java:545) [?:?]
	at java.base/java.util.concurrent.FutureTask.run(FutureTask.java:328) [?:?]
	at java.base/java.util.concurrent.ScheduledThreadPoolExecutor$ScheduledFutureTask.run(ScheduledThreadPoolExecutor.java:309) [?:?]
	at java.base/java.util.concurrent.ThreadPoolExecutor.runWorker(ThreadPoolExecutor.java:1090) [?:?]
	at java.base/java.util.concurrent.ThreadPoolExecutor$Worker.run(ThreadPoolExecutor.java:614) [?:?]
	at java.base/java.lang.Thread.run(Thread.java:1474) [?:?]
[218月2026 05:36:05.607] [Render thread/INFO] [xaero.hud.minimap.MinimapLogs/]: Reloading radar icon resources...
[218月2026 05:36:05.620] [Render thread/INFO] [xaero.hud.minimap.MinimapLogs/]: Reloaded radar icon resources!
[218月2026 05:36:05.650] [Render thread/INFO] [net.minecraft.client.renderer.DynamicUniformStorage/]: Resizing Dynamic Transforms UBO, capacity limit of 8 reached during a single frame. New capacity will be 16.
[218月2026 05:36:05.946] [REI-ReloadPlugins/INFO] [REI/]: [REI] REICommonPlugin finished post-reload for END in 343.3 μs, totaling 18.26 ms.
[218月2026 05:36:05.948] [REI-ReloadPlugins/INFO] [REI/]: [REI] REIClientPlugin finished post-reload for END in 1.530 ms, totaling 680.2 ms.
[218月2026 05:36:06.946] [Render thread/INFO] [REI/]: [REI] [REI Server Display Sync] Received server's request to append 1951 recipes.
[218月2026 05:36:06.988] [Render thread/WARN] [REI/]: [REI] Detected runtime DisplayRegistry modification, this can be extremely dangerous!
[218月2026 05:36:10.349] [Render thread/INFO] [xaero.lib.XaeroLib/]: Resized a dynamic immediate buffer to 192!
[218月2026 05:36:10.349] [Render thread/INFO] [xaero.lib.XaeroLib/]: Resized a dynamic immediate buffer to 384!
[218月2026 05:36:10.349] [Render thread/INFO] [xaero.lib.XaeroLib/]: Resized a dynamic immediate buffer to 768!
[218月2026 05:36:10.349] [Render thread/INFO] [xaero.lib.XaeroLib/]: Resized a dynamic immediate buffer to 1536!
[218月2026 05:36:10.349] [Render thread/INFO] [xaero.lib.XaeroLib/]: Resized a dynamic immediate buffer to 3072!
[218月2026 05:36:10.352] [Render thread/INFO] [xaero.lib.XaeroLib/]: Resized a dynamic immediate buffer to 192!
[218月2026 05:36:10.352] [Render thread/INFO] [xaero.lib.XaeroLib/]: Resized a dynamic immediate buffer to 384!
[218月2026 05:36:10.352] [Render thread/INFO] [xaero.lib.XaeroLib/]: Resized a dynamic immediate buffer to 768!
[218月2026 05:36:10.353] [Render thread/INFO] [xaero.lib.XaeroLib/]: Resized a dynamic immediate buffer to 1536!
[218月2026 05:36:10.353] [Render thread/INFO] [xaero.lib.XaeroLib/]: Resized a dynamic immediate buffer to 3072!
[218月2026 05:36:10.357] [Render thread/INFO] [xaero.lib.XaeroLib/]: Resized a dynamic immediate buffer to 6144!
[218月2026 05:36:10.360] [Render thread/INFO] [xaero.lib.XaeroLib/]: Resized a dynamic immediate buffer to 6144!
[218月2026 05:36:31.410] [Render thread/WARN] [Iris/]: Found fine program match for minecraft:pipeline/entity_cutout: HAND_CUTOUT
[218月2026 05:36:31.410] [Render thread/WARN] [Iris/]: Found fine program match for minecraft:pipeline/entity_translucent: HAND_TRANSLUCENT
[218月2026 05:36:31.410] [Render thread/WARN] [Iris/]: Found fine program match for minecraft:pipeline/entity_translucent_emissive: HAND_TRANSLUCENT
[218月2026 05:36:31.414] [Render thread/WARN] [Iris/]: Found fine program match for minecraft:pipeline/entity_cutout: HAND_CUTOUT
[218月2026 05:36:31.414] [Render thread/WARN] [Iris/]: Found fine program match for minecraft:pipeline/entity_translucent: HAND_TRANSLUCENT
[218月2026 05:36:31.414] [Render thread/WARN] [Iris/]: Found fine program match for minecraft:pipeline/entity_translucent_emissive: HAND_TRANSLUCENT
[218月2026 05:36:31.417] [Render thread/WARN] [Iris/]: Found fine program match for minecraft:pipeline/entity_cutout: HAND_CUTOUT
[218月2026 05:36:31.418] [Render thread/WARN] [Iris/]: Found fine program match for minecraft:pipeline/entity_translucent: HAND_TRANSLUCENT
[218月2026 05:36:31.418] [Render thread/WARN] [Iris/]: Found fine program match for minecraft:pipeline/entity_translucent_emissive: HAND_TRANSLUCENT
[218月2026 05:36:31.421] [Render thread/WARN] [Iris/]: Found fine program match for minecraft:pipeline/entity_cutout: HAND_CUTOUT
[218月2026 05:36:31.421] [Render thread/WARN] [Iris/]: Found fine program match for minecraft:pipeline/entity_translucent: HAND_TRANSLUCENT
[218月2026 05:36:31.421] [Render thread/WARN] [Iris/]: Found fine program match for minecraft:pipeline/entity_translucent_emissive: HAND_TRANSLUCENT
[218月2026 05:36:31.425] [Render thread/WARN] [Iris/]: Found fine program match for minecraft:pipeline/entity_cutout: HAND_CUTOUT
[218月2026 05:36:31.425] [Render thread/WARN] [Iris/]: Found fine program match for minecraft:pipeline/entity_translucent: HAND_TRANSLUCENT
[218月2026 05:36:31.425] [Render thread/WARN] [Iris/]: Found fine program match for minecraft:pipeline/entity_translucent_emissive: HAND_TRANSLUCENT
[218月2026 05:36:31.435] [Render thread/WARN] [Iris/]: Found fine program match for minecraft:pipeline/entity_cutout: HAND_CUTOUT
[218月2026 05:36:31.435] [Render thread/WARN] [Iris/]: Found fine program match for minecraft:pipeline/entity_translucent: HAND_TRANSLUCENT
[218月2026 05:36:31.435] [Render thread/WARN] [Iris/]: Found fine program match for minecraft:pipeline/entity_translucent_emissive: HAND_TRANSLUCENT
[218月2026 05:36:31.443] [Render thread/WARN] [Iris/]: Found fine program match for minecraft:pipeline/entity_cutout: HAND_CUTOUT
[218月2026 05:36:31.443] [Render thread/WARN] [Iris/]: Found fine program match for minecraft:pipeline/entity_translucent: HAND_TRANSLUCENT
[218月2026 05:36:31.443] [Render thread/WARN] [Iris/]: Found fine program match for minecraft:pipeline/entity_translucent_emissive: HAND_TRANSLUCENT
[218月2026 05:36:31.446] [Render thread/WARN] [Iris/]: Found fine program match for minecraft:pipeline/entity_cutout: HAND_CUTOUT
[218月2026 05:36:31.446] [Render thread/WARN] [Iris/]: Found fine program match for minecraft:pipeline/entity_translucent: HAND_TRANSLUCENT
[218月2026 05:36:31.446] [Render thread/WARN] [Iris/]: Found fine program match for minecraft:pipeline/entity_translucent_emissive: HAND_TRANSLUCENT
[218月2026 05:36:31.449] [Render thread/WARN] [Iris/]: Found fine program match for minecraft:pipeline/entity_cutout: HAND_CUTOUT
[218月2026 05:36:31.449] [Render thread/WARN] [Iris/]: Found fine program match for minecraft:pipeline/entity_translucent: HAND_TRANSLUCENT
[218月2026 05:36:31.449] [Render thread/WARN] [Iris/]: Found fine program match for minecraft:pipeline/entity_translucent_emissive: HAND_TRANSLUCENT
[218月2026 05:36:31.454] [Render thread/WARN] [Iris/]: Found fine program match for minecraft:pipeline/entity_cutout: HAND_CUTOUT
[218月2026 05:36:31.454] [Render thread/WARN] [Iris/]: Found fine program match for minecraft:pipeline/entity_translucent: HAND_TRANSLUCENT
[218月2026 05:36:31.454] [Render thread/WARN] [Iris/]: Found fine program match for minecraft:pipeline/entity_translucent_emissive: HAND_TRANSLUCENT
[218月2026 05:36:31.458] [Render thread/WARN] [Iris/]: Found fine program match for minecraft:pipeline/entity_cutout: HAND_CUTOUT
[218月2026 05:36:31.458] [Render thread/WARN] [Iris/]: Found fine program match for minecraft:pipeline/entity_translucent: HAND_TRANSLUCENT
[218月2026 05:36:31.458] [Render thread/WARN] [Iris/]: Found fine program match for minecraft:pipeline/entity_translucent_emissive: HAND_TRANSLUCENT
[218月2026 05:36:31.461] [Render thread/WARN] [Iris/]: Found fine program match for minecraft:pipeline/entity_cutout: HAND_CUTOUT
[218月2026 05:36:31.461] [Render thread/WARN] [Iris/]: Found fine program match for minecraft:pipeline/entity_translucent: HAND_TRANSLUCENT
[218月2026 05:36:31.461] [Render thread/WARN] [Iris/]: Found fine program match for minecraft:pipeline/entity_translucent_emissive: HAND_TRANSLUCENT
[218月2026 05:36:31.465] [Render thread/WARN] [Iris/]: Found fine program match for minecraft:pipeline/entity_cutout: HAND_CUTOUT
[218月2026 05:36:31.465] [Render thread/WARN] [Iris/]: Found fine program match for minecraft:pipeline/entity_translucent: HAND_TRANSLUCENT
[218月2026 05:36:31.465] [Render thread/WARN] [Iris/]: Found fine program match for minecraft:pipeline/entity_translucent_emissive: HAND_TRANSLUCENT
[218月2026 05:36:31.470] [Render thread/WARN] [Iris/]: Found fine program match for minecraft:pipeline/entity_cutout: HAND_CUTOUT
[218月2026 05:36:31.470] [Render thread/WARN] [Iris/]: Found fine program match for minecraft:pipeline/entity_translucent: HAND_TRANSLUCENT
[218月2026 05:36:31.470] [Render thread/WARN] [Iris/]: Found fine program match for minecraft:pipeline/entity_translucent_emissive: HAND_TRANSLUCENT
[218月2026 05:36:31.474] [Render thread/WARN] [Iris/]: Found fine program match for minecraft:pipeline/entity_cutout: HAND_CUTOUT
[218月2026 05:36:31.474] [Render thread/WARN] [Iris/]: Found fine program match for minecraft:pipeline/entity_translucent: HAND_TRANSLUCENT
[218月2026 05:36:31.474] [Render thread/WARN] [Iris/]: Found fine program match for minecraft:pipeline/entity_translucent_emissive: HAND_TRANSLUCENT
[218月2026 05:36:31.479] [Render thread/WARN] [Iris/]: Found fine program match for minecraft:pipeline/entity_cutout: HAND_CUTOUT
[218月2026 05:36:31.479] [Render thread/WARN] [Iris/]: Found fine program match for minecraft:pipeline/entity_translucent: HAND_TRANSLUCENT
[218月2026 05:36:31.479] [Render thread/WARN] [Iris/]: Found fine program match for minecraft:pipeline/entity_translucent_emissive: HAND_TRANSLUCENT
[218月2026 05:36:31.482] [Render thread/WARN] [Iris/]: Found fine program match for minecraft:pipeline/entity_cutout: HAND_CUTOUT
[218月2026 05:36:31.482] [Render thread/WARN] [Iris/]: Found fine program match for minecraft:pipeline/entity_translucent: HAND_TRANSLUCENT
[218月2026 05:36:31.482] [Render thread/WARN] [Iris/]: Found fine program match for minecraft:pipeline/entity_translucent_emissive: HAND_TRANSLUCENT
[218月2026 05:36:31.486] [Render thread/WARN] [Iris/]: Found fine program match for minecraft:pipeline/entity_cutout: HAND_CUTOUT
[218月2026 05:36:31.486] [Render thread/WARN] [Iris/]: Found fine program match for minecraft:pipeline/entity_translucent: HAND_TRANSLUCENT
[218月2026 05:36:31.486] [Render thread/WARN] [Iris/]: Found fine program match for minecraft:pipeline/entity_translucent_emissive: HAND_TRANSLUCENT
[218月2026 05:36:31.490] [Render thread/WARN] [Iris/]: Found fine program match for minecraft:pipeline/entity_cutout: HAND_CUTOUT
[218月2026 05:36:31.490] [Render thread/WARN] [Iris/]: Found fine program match for minecraft:pipeline/entity_translucent: HAND_TRANSLUCENT
[218月2026 05:36:31.490] [Render thread/WARN] [Iris/]: Found fine program match for minecraft:pipeline/entity_translucent_emissive: HAND_TRANSLUCENT
[218月2026 05:36:31.494] [Render thread/WARN] [Iris/]: Found fine program match for minecraft:pipeline/entity_cutout: HAND_CUTOUT
[218月2026 05:36:31.494] [Render thread/WARN] [Iris/]: Found fine program match for minecraft:pipeline/entity_translucent: HAND_TRANSLUCENT
[218月2026 05:36:31.494] [Render thread/WARN] [Iris/]: Found fine program match for minecraft:pipeline/entity_translucent_emissive: HAND_TRANSLUCENT
[218月2026 05:36:31.497] [Render thread/WARN] [Iris/]: Found fine program match for minecraft:pipeline/entity_cutout: HAND_CUTOUT
[218月2026 05:36:31.497] [Render thread/WARN] [Iris/]: Found fine program match for minecraft:pipeline/entity_translucent: HAND_TRANSLUCENT
[218月2026 05:36:31.497] [Render thread/WARN] [Iris/]: Found fine program match for minecraft:pipeline/entity_translucent_emissive: HAND_TRANSLUCENT
[218月2026 05:36:31.502] [Render thread/WARN] [Iris/]: Found fine program match for minecraft:pipeline/entity_cutout: HAND_CUTOUT
[218月2026 05:36:31.502] [Render thread/WARN] [Iris/]: Found fine program match for minecraft:pipeline/entity_translucent: HAND_TRANSLUCENT
[218月2026 05:36:31.502] [Render thread/WARN] [Iris/]: Found fine program match for minecraft:pipeline/entity_translucent_emissive: HAND_TRANSLUCENT
[218月2026 05:36:31.506] [Render thread/WARN] [Iris/]: Found fine program match for minecraft:pipeline/entity_cutout: HAND_CUTOUT
[218月2026 05:36:31.506] [Render thread/WARN] [Iris/]: Found fine program match for minecraft:pipeline/entity_translucent: HAND_TRANSLUCENT
[218月2026 05:36:31.506] [Render thread/WARN] [Iris/]: Found fine program match for minecraft:pipeline/entity_translucent_emissive: HAND_TRANSLUCENT
[218月2026 05:36:31.509] [Render thread/WARN] [Iris/]: Found fine program match for minecraft:pipeline/entity_cutout: HAND_CUTOUT
[218月2026 05:36:31.509] [Render thread/WARN] [Iris/]: Found fine program match for minecraft:pipeline/entity_translucent: HAND_TRANSLUCENT
[218月2026 05:36:31.509] [Render thread/WARN] [Iris/]: Found fine program match for minecraft:pipeline/entity_translucent_emissive: HAND_TRANSLUCENT
[218月2026 05:36:31.514] [Render thread/WARN] [Iris/]: Found fine program match for minecraft:pipeline/entity_cutout: HAND_CUTOUT
[218月2026 05:36:31.514] [Render thread/WARN] [Iris/]: Found fine program match for minecraft:pipeline/entity_translucent: HAND_TRANSLUCENT
[218月2026 05:36:31.514] [Render thread/WARN] [Iris/]: Found fine program match for minecraft:pipeline/entity_translucent_emissive: HAND_TRANSLUCENT
[218月2026 05:36:31.517] [Render thread/WARN] [Iris/]: Found fine program match for minecraft:pipeline/entity_cutout: HAND_CUTOUT
[218月2026 05:36:31.517] [Render thread/WARN] [Iris/]: Found fine program match for minecraft:pipeline/entity_translucent: HAND_TRANSLUCENT
[218月2026 05:36:31.517] [Render thread/WARN] [Iris/]: Found fine program match for minecraft:pipeline/entity_translucent_emissive: HAND_TRANSLUCENT
[218月2026 05:36:31.522] [Render thread/WARN] [Iris/]: Found fine program match for minecraft:pipeline/entity_cutout: HAND_CUTOUT
[218月2026 05:36:31.522] [Render thread/WARN] [Iris/]: Found fine program match for minecraft:pipeline/entity_translucent: HAND_TRANSLUCENT
[218月2026 05:36:31.522] [Render thread/WARN] [Iris/]: Found fine program match for minecraft:pipeline/entity_translucent_emissive: HAND_TRANSLUCENT
[218月2026 05:36:31.526] [Render thread/WARN] [Iris/]: Found fine program match for minecraft:pipeline/entity_cutout: HAND_CUTOUT
[218月2026 05:36:31.526] [Render thread/WARN] [Iris/]: Found fine program match for minecraft:pipeline/entity_translucent: HAND_TRANSLUCENT
[218月2026 05:36:31.526] [Render thread/WARN] [Iris/]: Found fine program match for minecraft:pipeline/entity_translucent_emissive: HAND_TRANSLUCENT
[218月2026 05:36:31.534] [Render thread/WARN] [Iris/]: Found fine program match for minecraft:pipeline/entity_cutout: HAND_CUTOUT
[218月2026 05:36:31.534] [Render thread/WARN] [Iris/]: Found fine program match for minecraft:pipeline/entity_translucent: HAND_TRANSLUCENT
[218月2026 05:36:31.534] [Render thread/WARN] [Iris/]: Found fine program match for minecraft:pipeline/entity_translucent_emissive: HAND_TRANSLUCENT
[218月2026 05:36:31.538] [Render thread/WARN] [Iris/]: Found fine program match for minecraft:pipeline/entity_cutout: HAND_CUTOUT
[218月2026 05:36:31.538] [Render thread/WARN] [Iris/]: Found fine program match for minecraft:pipeline/entity_translucent: HAND_TRANSLUCENT
[218月2026 05:36:31.538] [Render thread/WARN] [Iris/]: Found fine program match for minecraft:pipeline/entity_translucent_emissive: HAND_TRANSLUCENT
[218月2026 05:36:31.541] [Render thread/WARN] [Iris/]: Found fine program match for minecraft:pipeline/entity_cutout: HAND_CUTOUT
[218月2026 05:36:31.541] [Render thread/WARN] [Iris/]: Found fine program match for minecraft:pipeline/entity_translucent: HAND_TRANSLUCENT
[218月2026 05:36:31.541] [Render thread/WARN] [Iris/]: Found fine program match for minecraft:pipeline/entity_translucent_emissive: HAND_TRANSLUCENT
[218月2026 05:36:31.544] [Render thread/WARN] [Iris/]: Found fine program match for minecraft:pipeline/entity_cutout: HAND_CUTOUT
[218月2026 05:36:31.544] [Render thread/WARN] [Iris/]: Found fine program match for minecraft:pipeline/entity_translucent: HAND_TRANSLUCENT
[218月2026 05:36:31.544] [Render thread/WARN] [Iris/]: Found fine program match for minecraft:pipeline/entity_translucent_emissive: HAND_TRANSLUCENT
[218月2026 05:36:31.549] [Render thread/WARN] [Iris/]: Found fine program match for minecraft:pipeline/entity_cutout: HAND_CUTOUT
[218月2026 05:36:31.549] [Render thread/WARN] [Iris/]: Found fine program match for minecraft:pipeline/entity_translucent: HAND_TRANSLUCENT
[218月2026 05:36:31.549] [Render thread/WARN] [Iris/]: Found fine program match for minecraft:pipeline/entity_translucent_emissive: HAND_TRANSLUCENT
[218月2026 05:36:31.553] [Render thread/WARN] [Iris/]: Found fine program match for minecraft:pipeline/entity_cutout: HAND_CUTOUT
[218月2026 05:36:31.553] [Render thread/WARN] [Iris/]: Found fine program match for minecraft:pipeline/entity_translucent: HAND_TRANSLUCENT
[218月2026 05:36:31.553] [Render thread/WARN] [Iris/]: Found fine program match for minecraft:pipeline/entity_translucent_emissive: HAND_TRANSLUCENT
[218月2026 05:36:31.557] [Render thread/WARN] [Iris/]: Found fine program match for minecraft:pipeline/entity_cutout: HAND_CUTOUT
[218月2026 05:36:31.557] [Render thread/WARN] [Iris/]: Found fine program match for minecraft:pipeline/entity_translucent: HAND_TRANSLUCENT
[218月2026 05:36:31.557] [Render thread/WARN] [Iris/]: Found fine program match for minecraft:pipeline/entity_translucent_emissive: HAND_TRANSLUCENT
[218月2026 05:36:31.561] [Render thread/WARN] [Iris/]: Found fine program match for minecraft:pipeline/entity_cutout: HAND_CUTOUT
[218月2026 05:36:31.561] [Render thread/WARN] [Iris/]: Found fine program match for minecraft:pipeline/entity_translucent: HAND_TRANSLUCENT
[218月2026 05:36:31.561] [Render thread/WARN] [Iris/]: Found fine program match for minecraft:pipeline/entity_translucent_emissive: HAND_TRANSLUCENT
[218月2026 05:36:31.565] [Render thread/WARN] [Iris/]: Found fine program match for minecraft:pipeline/entity_cutout: HAND_CUTOUT
[218月2026 05:36:31.565] [Render thread/WARN] [Iris/]: Found fine program match for minecraft:pipeline/entity_translucent: HAND_TRANSLUCENT
[218月2026 05:36:31.565] [Render thread/WARN] [Iris/]: Found fine program match for minecraft:pipeline/entity_translucent_emissive: HAND_TRANSLUCENT
[218月2026 05:36:31.570] [Render thread/WARN] [Iris/]: Found fine program match for minecraft:pipeline/entity_cutout: HAND_CUTOUT
[218月2026 05:36:31.570] [Render thread/WARN] [Iris/]: Found fine program match for minecraft:pipeline/entity_translucent: HAND_TRANSLUCENT
[218月2026 05:36:31.570] [Render thread/WARN] [Iris/]: Found fine program match for minecraft:pipeline/entity_translucent_emissive: HAND_TRANSLUCENT
[218月2026 05:36:31.573] [Render thread/WARN] [Iris/]: Found fine program match for minecraft:pipeline/entity_cutout: HAND_CUTOUT
[218月2026 05:36:31.573] [Render thread/WARN] [Iris/]: Found fine program match for minecraft:pipeline/entity_translucent: HAND_TRANSLUCENT
[218月2026 05:36:31.573] [Render thread/WARN] [Iris/]: Found fine program match for minecraft:pipeline/entity_translucent_emissive: HAND_TRANSLUCENT
[218月2026 05:36:31.579] [Render thread/WARN] [Iris/]: Found fine program match for minecraft:pipeline/entity_cutout: HAND_CUTOUT
[218月2026 05:36:31.579] [Render thread/WARN] [Iris/]: Found fine program match for minecraft:pipeline/entity_translucent: HAND_TRANSLUCENT
[218月2026 05:36:31.579] [Render thread/WARN] [Iris/]: Found fine program match for minecraft:pipeline/entity_translucent_emissive: HAND_TRANSLUCENT
[218月2026 05:36:31.583] [Render thread/WARN] [Iris/]: Found fine program match for minecraft:pipeline/entity_cutout: HAND_CUTOUT
[218月2026 05:36:31.583] [Render thread/WARN] [Iris/]: Found fine program match for minecraft:pipeline/entity_translucent: HAND_TRANSLUCENT
[218月2026 05:36:31.583] [Render thread/WARN] [Iris/]: Found fine program match for minecraft:pipeline/entity_translucent_emissive: HAND_TRANSLUCENT
[218月2026 05:36:31.586] [Render thread/WARN] [Iris/]: Found fine program match for minecraft:pipeline/entity_cutout: HAND_CUTOUT
[218月2026 05:36:31.586] [Render thread/WARN] [Iris/]: Found fine program match for minecraft:pipeline/entity_translucent: HAND_TRANSLUCENT
[218月2026 05:36:31.586] [Render thread/WARN] [Iris/]: Found fine program match for minecraft:pipeline/entity_translucent_emissive: HAND_TRANSLUCENT
[218月2026 05:36:31.590] [Render thread/WARN] [Iris/]: Found fine program match for minecraft:pipeline/entity_cutout: HAND_CUTOUT
[218月2026 05:36:31.590] [Render thread/WARN] [Iris/]: Found fine program match for minecraft:pipeline/entity_translucent: HAND_TRANSLUCENT
[218月2026 05:36:31.590] [Render thread/WARN] [Iris/]: Found fine program match for minecraft:pipeline/entity_translucent_emissive: HAND_TRANSLUCENT
[218月2026 05:36:31.594] [Render thread/WARN] [Iris/]: Found fine program match for minecraft:pipeline/entity_cutout: HAND_CUTOUT
[218月2026 05:36:31.594] [Render thread/WARN] [Iris/]: Found fine program match for minecraft:pipeline/entity_translucent: HAND_TRANSLUCENT
[218月2026 05:36:31.594] [Render thread/WARN] [Iris/]: Found fine program match for minecraft:pipeline/entity_translucent_emissive: HAND_TRANSLUCENT
[218月2026 05:36:31.597] [Render thread/WARN] [Iris/]: Found fine program match for minecraft:pipeline/entity_cutout: HAND_CUTOUT
[218月2026 05:36:31.597] [Render thread/WARN] [Iris/]: Found fine program match for minecraft:pipeline/entity_translucent: HAND_TRANSLUCENT
[218月2026 05:36:31.597] [Render thread/WARN] [Iris/]: Found fine program match for minecraft:pipeline/entity_translucent_emissive: HAND_TRANSLUCENT
[218月2026 05:36:31.602] [Render thread/WARN] [Iris/]: Found fine program match for minecraft:pipeline/entity_cutout: HAND_CUTOUT
[218月2026 05:36:31.602] [Render thread/WARN] [Iris/]: Found fine program match for minecraft:pipeline/entity_translucent: HAND_TRANSLUCENT
[218月2026 05:36:31.602] [Render thread/WARN] [Iris/]: Found fine program match for minecraft:pipeline/entity_translucent_emissive: HAND_TRANSLUCENT
[218月2026 05:36:31.606] [Render thread/WARN] [Iris/]: Found fine program match for minecraft:pipeline/entity_cutout: HAND_CUTOUT
[218月2026 05:36:31.606] [Render thread/WARN] [Iris/]: Found fine program match for minecraft:pipeline/entity_translucent: HAND_TRANSLUCENT
[218月2026 05:36:31.606] [Render thread/WARN] [Iris/]: Found fine program match for minecraft:pipeline/entity_translucent_emissive: HAND_TRANSLUCENT
[218月2026 05:36:31.611] [Render thread/WARN] [Iris/]: Found fine program match for minecraft:pipeline/entity_cutout: HAND_CUTOUT
[218月2026 05:36:31.611] [Render thread/WARN] [Iris/]: Found fine program match for minecraft:pipeline/entity_translucent: HAND_TRANSLUCENT
[218月2026 05:36:31.611] [Render thread/WARN] [Iris/]: Found fine program match for minecraft:pipeline/entity_translucent_emissive: HAND_TRANSLUCENT
[218月2026 05:36:31.615] [Render thread/WARN] [Iris/]: Found fine program match for minecraft:pipeline/entity_cutout: HAND_CUTOUT
[218月2026 05:36:31.615] [Render thread/WARN] [Iris/]: Found fine program match for minecraft:pipeline/entity_translucent: HAND_TRANSLUCENT
[218月2026 05:36:31.615] [Render thread/WARN] [Iris/]: Found fine program match for minecraft:pipeline/entity_translucent_emissive: HAND_TRANSLUCENT
[218月2026 05:36:31.618] [Render thread/WARN] [Iris/]: Found fine program match for minecraft:pipeline/entity_cutout: HAND_CUTOUT
[218月2026 05:36:31.618] [Render thread/WARN] [Iris/]: Found fine program match for minecraft:pipeline/entity_translucent: HAND_TRANSLUCENT
[218月2026 05:36:31.618] [Render thread/WARN] [Iris/]: Found fine program match for minecraft:pipeline/entity_translucent_emissive: HAND_TRANSLUCENT
[218月2026 05:36:31.622] [Render thread/WARN] [Iris/]: Found fine program match for minecraft:pipeline/entity_cutout: HAND_CUTOUT
[218月2026 05:36:31.622] [Render thread/WARN] [Iris/]: Found fine program match for minecraft:pipeline/entity_translucent: HAND_TRANSLUCENT
[218月2026 05:36:31.622] [Render thread/WARN] [Iris/]: Found fine program match for minecraft:pipeline/entity_translucent_emissive: HAND_TRANSLUCENT
[218月2026 05:36:31.626] [Render thread/WARN] [Iris/]: Found fine program match for minecraft:pipeline/entity_cutout: HAND_CUTOUT
[218月2026 05:36:31.626] [Render thread/WARN] [Iris/]: Found fine program match for minecraft:pipeline/entity_translucent: HAND_TRANSLUCENT
[218月2026 05:36:31.626] [Render thread/WARN] [Iris/]: Found fine program match for minecraft:pipeline/entity_translucent_emissive: HAND_TRANSLUCENT
[218月2026 05:36:31.632] [Render thread/WARN] [Iris/]: Found fine program match for minecraft:pipeline/entity_cutout: HAND_CUTOUT
[218月2026 05:36:31.632] [Render thread/WARN] [Iris/]: Found fine program match for minecraft:pipeline/entity_translucent: HAND_TRANSLUCENT
[218月2026 05:36:31.632] [Render thread/WARN] [Iris/]: Found fine program match for minecraft:pipeline/entity_translucent_emissive: HAND_TRANSLUCENT
[218月2026 05:36:31.638] [Render thread/WARN] [Iris/]: Found fine program match for minecraft:pipeline/entity_cutout: HAND_CUTOUT
[218月2026 05:36:31.638] [Render thread/WARN] [Iris/]: Found fine program match for minecraft:pipeline/entity_translucent: HAND_TRANSLUCENT
[218月2026 05:36:31.638] [Render thread/WARN] [Iris/]: Found fine program match for minecraft:pipeline/entity_translucent_emissive: HAND_TRANSLUCENT
[218月2026 05:36:31.642] [Render thread/WARN] [Iris/]: Found fine program match for minecraft:pipeline/entity_cutout: HAND_CUTOUT
[218月2026 05:36:31.642] [Render thread/WARN] [Iris/]: Found fine program match for minecraft:pipeline/entity_translucent: HAND_TRANSLUCENT
[218月2026 05:36:31.642] [Render thread/WARN] [Iris/]: Found fine program match for minecraft:pipeline/entity_translucent_emissive: HAND_TRANSLUCENT
[218月2026 05:36:31.645] [Render thread/WARN] [Iris/]: Found fine program match for minecraft:pipeline/entity_cutout: HAND_CUTOUT
[218月2026 05:36:31.645] [Render thread/WARN] [Iris/]: Found fine program match for minecraft:pipeline/entity_translucent: HAND_TRANSLUCENT
[218月2026 05:36:31.645] [Render thread/WARN] [Iris/]: Found fine program match for minecraft:pipeline/entity_translucent_emissive: HAND_TRANSLUCENT
[218月2026 05:36:31.649] [Render thread/WARN] [Iris/]: Found fine program match for minecraft:pipeline/entity_cutout: HAND_CUTOUT
[218月2026 05:36:31.649] [Render thread/WARN] [Iris/]: Found fine program match for minecraft:pipeline/entity_translucent: HAND_TRANSLUCENT
[218月2026 05:36:31.649] [Render thread/WARN] [Iris/]: Found fine program match for minecraft:pipeline/entity_translucent_emissive: HAND_TRANSLUCENT
[218月2026 05:36:31.653] [Render thread/WARN] [Iris/]: Found fine program match for minecraft:pipeline/entity_cutout: HAND_CUTOUT
[218月2026 05:36:31.653] [Render thread/WARN] [Iris/]: Found fine program match for minecraft:pipeline/entity_translucent: HAND_TRANSLUCENT
[218月2026 05:36:31.653] [Render thread/WARN] [Iris/]: Found fine program match for minecraft:pipeline/entity_translucent_emissive: HAND_TRANSLUCENT
[218月2026 05:36:31.657] [Render thread/WARN] [Iris/]: Found fine program match for minecraft:pipeline/entity_cutout: HAND_CUTOUT
[218月2026 05:36:31.657] [Render thread/WARN] [Iris/]: Found fine program match for minecraft:pipeline/entity_translucent: HAND_TRANSLUCENT
[218月2026 05:36:31.657] [Render thread/WARN] [Iris/]: Found fine program match for minecraft:pipeline/entity_translucent_emissive: HAND_TRANSLUCENT
[218月2026 05:36:31.661] [Render thread/WARN] [Iris/]: Found fine program match for minecraft:pipeline/entity_cutout: HAND_CUTOUT
[218月2026 05:36:31.661] [Render thread/WARN] [Iris/]: Found fine program match for minecraft:pipeline/entity_translucent: HAND_TRANSLUCENT
[218月2026 05:36:31.661] [Render thread/WARN] [Iris/]: Found fine program match for minecraft:pipeline/entity_translucent_emissive: HAND_TRANSLUCENT
[218月2026 05:36:31.665] [Render thread/WARN] [Iris/]: Found fine program match for minecraft:pipeline/entity_cutout: HAND_CUTOUT
[218月2026 05:36:31.665] [Render thread/WARN] [Iris/]: Found fine program match for minecraft:pipeline/entity_translucent: HAND_TRANSLUCENT
[218月2026 05:36:31.665] [Render thread/WARN] [Iris/]: Found fine program match for minecraft:pipeline/entity_translucent_emissive: HAND_TRANSLUCENT
[218月2026 05:36:31.669] [Render thread/WARN] [Iris/]: Found fine program match for minecraft:pipeline/entity_cutout: HAND_CUTOUT
[218月2026 05:36:31.669] [Render thread/WARN] [Iris/]: Found fine program match for minecraft:pipeline/entity_translucent: HAND_TRANSLUCENT
[218月2026 05:36:31.669] [Render thread/WARN] [Iris/]: Found fine program match for minecraft:pipeline/entity_translucent_emissive: HAND_TRANSLUCENT
[218月2026 05:36:31.673] [Render thread/WARN] [Iris/]: Found fine program match for minecraft:pipeline/entity_cutout: HAND_CUTOUT
[218月2026 05:36:31.673] [Render thread/WARN] [Iris/]: Found fine program match for minecraft:pipeline/entity_translucent: HAND_TRANSLUCENT
[218月2026 05:36:31.673] [Render thread/WARN] [Iris/]: Found fine program match for minecraft:pipeline/entity_translucent_emissive: HAND_TRANSLUCENT
[218月2026 05:36:31.677] [Render thread/WARN] [Iris/]: Found fine program match for minecraft:pipeline/entity_cutout: HAND_CUTOUT
[218月2026 05:36:31.677] [Render thread/WARN] [Iris/]: Found fine program match for minecraft:pipeline/entity_translucent: HAND_TRANSLUCENT
[218月2026 05:36:31.677] [Render thread/WARN] [Iris/]: Found fine program match for minecraft:pipeline/entity_translucent_emissive: HAND_TRANSLUCENT
[218月2026 05:36:31.683] [Render thread/WARN] [Iris/]: Found fine program match for minecraft:pipeline/entity_cutout: HAND_CUTOUT
[218月2026 05:36:31.683] [Render thread/WARN] [Iris/]: Found fine program match for minecraft:pipeline/entity_translucent: HAND_TRANSLUCENT
[218月2026 05:36:31.683] [Render thread/WARN] [Iris/]: Found fine program match for minecraft:pipeline/entity_translucent_emissive: HAND_TRANSLUCENT
[218月2026 05:36:31.685] [Render thread/WARN] [Iris/]: Found fine program match for minecraft:pipeline/entity_cutout: HAND_CUTOUT
[218月2026 05:36:31.685] [Render thread/WARN] [Iris/]: Found fine program match for minecraft:pipeline/entity_translucent: HAND_TRANSLUCENT
[218月2026 05:36:31.685] [Render thread/WARN] [Iris/]: Found fine program match for minecraft:pipeline/entity_translucent_emissive: HAND_TRANSLUCENT
[218月2026 05:36:31.689] [Render thread/WARN] [Iris/]: Found fine program match for minecraft:pipeline/entity_cutout: HAND_CUTOUT
[218月2026 05:36:31.689] [Render thread/WARN] [Iris/]: Found fine program match for minecraft:pipeline/entity_translucent: HAND_TRANSLUCENT
[218月2026 05:36:31.689] [Render thread/WARN] [Iris/]: Found fine program match for minecraft:pipeline/entity_translucent_emissive: HAND_TRANSLUCENT
[218月2026 05:36:31.693] [Render thread/WARN] [Iris/]: Found fine program match for minecraft:pipeline/entity_cutout: HAND_CUTOUT
[218月2026 05:36:31.693] [Render thread/WARN] [Iris/]: Found fine program match for minecraft:pipeline/entity_translucent: HAND_TRANSLUCENT
[218月2026 05:36:31.693] [Render thread/WARN] [Iris/]: Found fine program match for minecraft:pipeline/entity_translucent_emissive: HAND_TRANSLUCENT
[218月2026 05:36:31.697] [Render thread/WARN] [Iris/]: Found fine program match for minecraft:pipeline/entity_cutout: HAND_CUTOUT
[218月2026 05:36:31.697] [Render thread/WARN] [Iris/]: Found fine program match for minecraft:pipeline/entity_translucent: HAND_TRANSLUCENT
[218月2026 05:36:31.697] [Render thread/WARN] [Iris/]: Found fine program match for minecraft:pipeline/entity_translucent_emissive: HAND_TRANSLUCENT
[218月2026 05:36:31.701] [Render thread/WARN] [Iris/]: Found fine program match for minecraft:pipeline/entity_cutout: HAND_CUTOUT
[218月2026 05:36:31.701] [Render thread/WARN] [Iris/]: Found fine program match for minecraft:pipeline/entity_translucent: HAND_TRANSLUCENT
[218月2026 05:36:31.701] [Render thread/WARN] [Iris/]: Found fine program match for minecraft:pipeline/entity_translucent_emissive: HAND_TRANSLUCENT
[218月2026 05:36:31.705] [Render thread/WARN] [Iris/]: Found fine program match for minecraft:pipeline/entity_cutout: HAND_CUTOUT
[218月2026 05:36:31.705] [Render thread/WARN] [Iris/]: Found fine program match for minecraft:pipeline/entity_translucent: HAND_TRANSLUCENT
[218月2026 05:36:31.705] [Render thread/WARN] [Iris/]: Found fine program match for minecraft:pipeline/entity_translucent_emissive: HAND_TRANSLUCENT
[218月2026 05:36:31.709] [Render thread/WARN] [Iris/]: Found fine program match for minecraft:pipeline/entity_cutout: HAND_CUTOUT
[218月2026 05:36:31.710] [Render thread/WARN] [Iris/]: Found fine program match for minecraft:pipeline/entity_translucent: HAND_TRANSLUCENT
[218月2026 05:36:31.710] [Render thread/WARN] [Iris/]: Found fine program match for minecraft:pipeline/entity_translucent_emissive: HAND_TRANSLUCENT
[218月2026 05:36:31.713] [Render thread/WARN] [Iris/]: Found fine program match for minecraft:pipeline/entity_cutout: HAND_CUTOUT
[218月2026 05:36:31.713] [Render thread/WARN] [Iris/]: Found fine program match for minecraft:pipeline/entity_translucent: HAND_TRANSLUCENT
[218月2026 05:36:31.713] [Render thread/WARN] [Iris/]: Found fine program match for minecraft:pipeline/entity_translucent_emissive: HAND_TRANSLUCENT
[218月2026 05:36:31.717] [Render thread/WARN] [Iris/]: Found fine program match for minecraft:pipeline/entity_cutout: HAND_CUTOUT
[218月2026 05:36:31.717] [Render thread/WARN] [Iris/]: Found fine program match for minecraft:pipeline/entity_translucent: HAND_TRANSLUCENT
[218月2026 05:36:31.717] [Render thread/WARN] [Iris/]: Found fine program match for minecraft:pipeline/entity_translucent_emissive: HAND_TRANSLUCENT
[218月2026 05:36:31.721] [Render thread/WARN] [Iris/]: Found fine program match for minecraft:pipeline/entity_cutout: HAND_CUTOUT
[218月2026 05:36:31.721] [Render thread/WARN] [Iris/]: Found fine program match for minecraft:pipeline/entity_translucent: HAND_TRANSLUCENT
[218月2026 05:36:31.721] [Render thread/WARN] [Iris/]: Found fine program match for minecraft:pipeline/entity_translucent_emissive: HAND_TRANSLUCENT
[218月2026 05:36:31.724] [Render thread/WARN] [Iris/]: Found fine program match for minecraft:pipeline/entity_cutout: HAND_CUTOUT
[218月2026 05:36:31.725] [Render thread/WARN] [Iris/]: Found fine program match for minecraft:pipeline/entity_translucent: HAND_TRANSLUCENT
[218月2026 05:36:31.725] [Render thread/WARN] [Iris/]: Found fine program match for minecraft:pipeline/entity_translucent_emissive: HAND_TRANSLUCENT
[218月2026 05:36:31.731] [Render thread/WARN] [Iris/]: Found fine program match for minecraft:pipeline/entity_cutout: HAND_CUTOUT
[218月2026 05:36:31.731] [Render thread/WARN] [Iris/]: Found fine program match for minecraft:pipeline/entity_translucent: HAND_TRANSLUCENT
[218月2026 05:36:31.731] [Render thread/WARN] [Iris/]: Found fine program match for minecraft:pipeline/entity_translucent_emissive: HAND_TRANSLUCENT
[218月2026 05:36:31.734] [Render thread/WARN] [Iris/]: Found fine program match for minecraft:pipeline/entity_cutout: HAND_CUTOUT
[218月2026 05:36:31.734] [Render thread/WARN] [Iris/]: Found fine program match for minecraft:pipeline/entity_translucent: HAND_TRANSLUCENT
[218月2026 05:36:31.734] [Render thread/WARN] [Iris/]: Found fine program match for minecraft:pipeline/entity_translucent_emissive: HAND_TRANSLUCENT
[218月2026 05:36:31.738] [Render thread/WARN] [Iris/]: Found fine program match for minecraft:pipeline/entity_cutout: HAND_CUTOUT
[218月2026 05:36:31.738] [Render thread/WARN] [Iris/]: Found fine program match for minecraft:pipeline/entity_translucent: HAND_TRANSLUCENT
[218月2026 05:36:31.738] [Render thread/WARN] [Iris/]: Found fine program match for minecraft:pipeline/entity_translucent_emissive: HAND_TRANSLUCENT
[218月2026 05:36:31.741] [Render thread/WARN] [Iris/]: Found fine program match for minecraft:pipeline/entity_cutout: HAND_CUTOUT
[218月2026 05:36:31.741] [Render thread/WARN] [Iris/]: Found fine program match for minecraft:pipeline/entity_translucent: HAND_TRANSLUCENT
[218月2026 05:36:31.741] [Render thread/WARN] [Iris/]: Found fine program match for minecraft:pipeline/entity_translucent_emissive: HAND_TRANSLUCENT
[218月2026 05:36:31.745] [Render thread/WARN] [Iris/]: Found fine program match for minecraft:pipeline/entity_cutout: HAND_CUTOUT
[218月2026 05:36:31.745] [Render thread/WARN] [Iris/]: Found fine program match for minecraft:pipeline/entity_translucent: HAND_TRANSLUCENT
[218月2026 05:36:31.746] [Render thread/WARN] [Iris/]: Found fine program match for minecraft:pipeline/entity_translucent_emissive: HAND_TRANSLUCENT
[218月2026 05:36:31.750] [Render thread/WARN] [Iris/]: Found fine program match for minecraft:pipeline/entity_cutout: HAND_CUTOUT
[218月2026 05:36:31.750] [Render thread/WARN] [Iris/]: Found fine program match for minecraft:pipeline/entity_translucent: HAND_TRANSLUCENT
[218月2026 05:36:31.750] [Render thread/WARN] [Iris/]: Found fine program match for minecraft:pipeline/entity_translucent_emissive: HAND_TRANSLUCENT
[218月2026 05:36:31.753] [Render thread/WARN] [Iris/]: Found fine program match for minecraft:pipeline/entity_cutout: HAND_CUTOUT
[218月2026 05:36:31.753] [Render thread/WARN] [Iris/]: Found fine program match for minecraft:pipeline/entity_translucent: HAND_TRANSLUCENT
[218月2026 05:36:31.753] [Render thread/WARN] [Iris/]: Found fine program match for minecraft:pipeline/entity_translucent_emissive: HAND_TRANSLUCENT
[218月2026 05:36:31.757] [Render thread/WARN] [Iris/]: Found fine program match for minecraft:pipeline/entity_cutout: HAND_CUTOUT
[218月2026 05:36:31.757] [Render thread/WARN] [Iris/]: Found fine program match for minecraft:pipeline/entity_translucent: HAND_TRANSLUCENT
[218月2026 05:36:31.757] [Render thread/WARN] [Iris/]: Found fine program match for minecraft:pipeline/entity_translucent_emissive: HAND_TRANSLUCENT
[218月2026 05:36:31.761] [Render thread/WARN] [Iris/]: Found fine program match for minecraft:pipeline/entity_cutout: HAND_CUTOUT
[218月2026 05:36:31.761] [Render thread/WARN] [Iris/]: Found fine program match for minecraft:pipeline/entity_translucent: HAND_TRANSLUCENT
[218月2026 05:36:31.761] [Render thread/WARN] [Iris/]: Found fine program match for minecraft:pipeline/entity_translucent_emissive: HAND_TRANSLUCENT
[218月2026 05:36:31.765] [Render thread/WARN] [Iris/]: Found fine program match for minecraft:pipeline/entity_cutout: HAND_CUTOUT
[218月2026 05:36:31.765] [Render thread/WARN] [Iris/]: Found fine program match for minecraft:pipeline/entity_translucent: HAND_TRANSLUCENT
[218月2026 05:36:31.765] [Render thread/WARN] [Iris/]: Found fine program match for minecraft:pipeline/entity_translucent_emissive: HAND_TRANSLUCENT
[218月2026 05:36:31.769] [Render thread/WARN] [Iris/]: Found fine program match for minecraft:pipeline/entity_cutout: HAND_CUTOUT
[218月2026 05:36:31.769] [Render thread/WARN] [Iris/]: Found fine program match for minecraft:pipeline/entity_translucent: HAND_TRANSLUCENT
[218月2026 05:36:31.769] [Render thread/WARN] [Iris/]: Found fine program match for minecraft:pipeline/entity_translucent_emissive: HAND_TRANSLUCENT
[218月2026 05:36:31.773] [Render thread/WARN] [Iris/]: Found fine program match for minecraft:pipeline/entity_cutout: HAND_CUTOUT
[218月2026 05:36:31.773] [Render thread/WARN] [Iris/]: Found fine program match for minecraft:pipeline/entity_translucent: HAND_TRANSLUCENT
[218月2026 05:36:31.773] [Render thread/WARN] [Iris/]: Found fine program match for minecraft:pipeline/entity_translucent_emissive: HAND_TRANSLUCENT
[218月2026 05:36:31.777] [Render thread/WARN] [Iris/]: Found fine program match for minecraft:pipeline/entity_cutout: HAND_CUTOUT
[218月2026 05:36:31.777] [Render thread/WARN] [Iris/]: Found fine program match for minecraft:pipeline/entity_translucent: HAND_TRANSLUCENT
[218月2026 05:36:31.777] [Render thread/WARN] [Iris/]: Found fine program match for minecraft:pipeline/entity_translucent_emissive: HAND_TRANSLUCENT
[218月2026 05:36:31.783] [Render thread/WARN] [Iris/]: Found fine program match for minecraft:pipeline/entity_cutout: HAND_CUTOUT
[218月2026 05:36:31.783] [Render thread/WARN] [Iris/]: Found fine program match for minecraft:pipeline/entity_translucent: HAND_TRANSLUCENT
[218月2026 05:36:31.783] [Render thread/WARN] [Iris/]: Found fine program match for minecraft:pipeline/entity_translucent_emissive: HAND_TRANSLUCENT
[218月2026 05:36:31.787] [Render thread/WARN] [Iris/]: Found fine program match for minecraft:pipeline/entity_cutout: HAND_CUTOUT
[218月2026 05:36:31.788] [Render thread/WARN] [Iris/]: Found fine program match for minecraft:pipeline/entity_translucent: HAND_TRANSLUCENT
[218月2026 05:36:31.788] [Render thread/WARN] [Iris/]: Found fine program match for minecraft:pipeline/entity_translucent_emissive: HAND_TRANSLUCENT
[218月2026 05:36:31.790] [Render thread/WARN] [Iris/]: Found fine program match for minecraft:pipeline/entity_cutout: HAND_CUTOUT
[218月2026 05:36:31.790] [Render thread/WARN] [Iris/]: Found fine program match for minecraft:pipeline/entity_translucent: HAND_TRANSLUCENT
[218月2026 05:36:31.790] [Render thread/WARN] [Iris/]: Found fine program match for minecraft:pipeline/entity_translucent_emissive: HAND_TRANSLUCENT
[218月2026 05:36:31.794] [Render thread/WARN] [Iris/]: Found fine program match for minecraft:pipeline/entity_cutout: HAND_CUTOUT
[218月2026 05:36:31.794] [Render thread/WARN] [Iris/]: Found fine program match for minecraft:pipeline/entity_translucent: HAND_TRANSLUCENT
[218月2026 05:36:31.794] [Render thread/WARN] [Iris/]: Found fine program match for minecraft:pipeline/entity_translucent_emissive: HAND_TRANSLUCENT
[218月2026 05:36:31.797] [Render thread/WARN] [Iris/]: Found fine program match for minecraft:pipeline/entity_cutout: HAND_CUTOUT
[218月2026 05:36:31.799] [Render thread/WARN] [Iris/]: Found fine program match for minecraft:pipeline/entity_translucent: HAND_TRANSLUCENT
[218月2026 05:36:31.799] [Render thread/WARN] [Iris/]: Found fine program match for minecraft:pipeline/entity_translucent_emissive: HAND_TRANSLUCENT
[218月2026 05:36:31.802] [Render thread/WARN] [Iris/]: Found fine program match for minecraft:pipeline/entity_cutout: HAND_CUTOUT
[218月2026 05:36:31.802] [Render thread/WARN] [Iris/]: Found fine program match for minecraft:pipeline/entity_translucent: HAND_TRANSLUCENT
[218月2026 05:36:31.802] [Render thread/WARN] [Iris/]: Found fine program match for minecraft:pipeline/entity_translucent_emissive: HAND_TRANSLUCENT
[218月2026 05:36:31.806] [Render thread/WARN] [Iris/]: Found fine program match for minecraft:pipeline/entity_cutout: HAND_CUTOUT
[218月2026 05:36:31.806] [Render thread/WARN] [Iris/]: Found fine program match for minecraft:pipeline/entity_translucent: HAND_TRANSLUCENT
[218月2026 05:36:31.806] [Render thread/WARN] [Iris/]: Found fine program match for minecraft:pipeline/entity_translucent_emissive: HAND_TRANSLUCENT
[218月2026 05:36:31.809] [Render thread/WARN] [Iris/]: Found fine program match for minecraft:pipeline/entity_cutout: HAND_CUTOUT
[218月2026 05:36:31.809] [Render thread/WARN] [Iris/]: Found fine program match for minecraft:pipeline/entity_translucent: HAND_TRANSLUCENT
[218月2026 05:36:31.809] [Render thread/WARN] [Iris/]: Found fine program match for minecraft:pipeline/entity_translucent_emissive: HAND_TRANSLUCENT
[218月2026 05:36:31.814] [Render thread/WARN] [Iris/]: Found fine program match for minecraft:pipeline/entity_cutout: HAND_CUTOUT
[218月2026 05:36:31.814] [Render thread/WARN] [Iris/]: Found fine program match for minecraft:pipeline/entity_translucent: HAND_TRANSLUCENT
[218月2026 05:36:31.814] [Render thread/WARN] [Iris/]: Found fine program match for minecraft:pipeline/entity_translucent_emissive: HAND_TRANSLUCENT
[218月2026 05:36:31.817] [Render thread/WARN] [Iris/]: Found fine program match for minecraft:pipeline/entity_cutout: HAND_CUTOUT
[218月2026 05:36:31.819] [Render thread/WARN] [Iris/]: Found fine program match for minecraft:pipeline/entity_translucent: HAND_TRANSLUCENT
[218月2026 05:36:31.819] [Render thread/WARN] [Iris/]: Found fine program match for minecraft:pipeline/entity_translucent_emissive: HAND_TRANSLUCENT
[218月2026 05:36:31.823] [Render thread/WARN] [Iris/]: Found fine program match for minecraft:pipeline/entity_cutout: HAND_CUTOUT
[218月2026 05:36:31.823] [Render thread/WARN] [Iris/]: Found fine program match for minecraft:pipeline/entity_translucent: HAND_TRANSLUCENT
[218月2026 05:36:31.823] [Render thread/WARN] [Iris/]: Found fine program match for minecraft:pipeline/entity_translucent_emissive: HAND_TRANSLUCENT
[218月2026 05:36:31.826] [Render thread/WARN] [Iris/]: Found fine program match for minecraft:pipeline/entity_cutout: HAND_CUTOUT
[218月2026 05:36:31.826] [Render thread/WARN] [Iris/]: Found fine program match for minecraft:pipeline/entity_translucent: HAND_TRANSLUCENT
[218月2026 05:36:31.826] [Render thread/WARN] [Iris/]: Found fine program match for minecraft:pipeline/entity_translucent_emissive: HAND_TRANSLUCENT
[218月2026 05:36:31.831] [Render thread/WARN] [Iris/]: Found fine program match for minecraft:pipeline/entity_cutout: HAND_CUTOUT
[218月2026 05:36:31.831] [Render thread/WARN] [Iris/]: Found fine program match for minecraft:pipeline/entity_translucent: HAND_TRANSLUCENT
[218月2026 05:36:31.831] [Render thread/WARN] [Iris/]: Found fine program match for minecraft:pipeline/entity_translucent_emissive: HAND_TRANSLUCENT
[218月2026 05:36:31.835] [Render thread/WARN] [Iris/]: Found fine program match for minecraft:pipeline/entity_cutout: HAND_CUTOUT
[218月2026 05:36:31.835] [Render thread/WARN] [Iris/]: Found fine program match for minecraft:pipeline/entity_translucent: HAND_TRANSLUCENT
[218月2026 05:36:31.835] [Render thread/WARN] [Iris/]: Found fine program match for minecraft:pipeline/entity_translucent_emissive: HAND_TRANSLUCENT
[218月2026 05:36:31.839] [Render thread/WARN] [Iris/]: Found fine program match for minecraft:pipeline/entity_cutout: HAND_CUTOUT
[218月2026 05:36:31.839] [Render thread/WARN] [Iris/]: Found fine program match for minecraft:pipeline/entity_translucent: HAND_TRANSLUCENT
[218月2026 05:36:31.839] [Render thread/WARN] [Iris/]: Found fine program match for minecraft:pipeline/entity_translucent_emissive: HAND_TRANSLUCENT
[218月2026 05:36:31.842] [Render thread/WARN] [Iris/]: Found fine program match for minecraft:pipeline/entity_cutout: HAND_CUTOUT
[218月2026 05:36:31.842] [Render thread/WARN] [Iris/]: Found fine program match for minecraft:pipeline/entity_translucent: HAND_TRANSLUCENT
[218月2026 05:36:31.842] [Render thread/WARN] [Iris/]: Found fine program match for minecraft:pipeline/entity_translucent_emissive: HAND_TRANSLUCENT
[218月2026 05:36:31.846] [Render thread/WARN] [Iris/]: Found fine program match for minecraft:pipeline/entity_cutout: HAND_CUTOUT
[218月2026 05:36:31.846] [Render thread/WARN] [Iris/]: Found fine program match for minecraft:pipeline/entity_translucent: HAND_TRANSLUCENT
[218月2026 05:36:31.847] [Render thread/WARN] [Iris/]: Found fine program match for minecraft:pipeline/entity_translucent_emissive: HAND_TRANSLUCENT
[218月2026 05:36:31.850] [Render thread/WARN] [Iris/]: Found fine program match for minecraft:pipeline/entity_cutout: HAND_CUTOUT
[218月2026 05:36:31.850] [Render thread/WARN] [Iris/]: Found fine program match for minecraft:pipeline/entity_translucent: HAND_TRANSLUCENT
[218月2026 05:36:31.850] [Render thread/WARN] [Iris/]: Found fine program match for minecraft:pipeline/entity_translucent_emissive: HAND_TRANSLUCENT
[218月2026 05:36:31.854] [Render thread/WARN] [Iris/]: Found fine program match for minecraft:pipeline/entity_cutout: HAND_CUTOUT
[218月2026 05:36:31.855] [Render thread/WARN] [Iris/]: Found fine program match for minecraft:pipeline/entity_translucent: HAND_TRANSLUCENT
[218月2026 05:36:31.855] [Render thread/WARN] [Iris/]: Found fine program match for minecraft:pipeline/entity_translucent_emissive: HAND_TRANSLUCENT
[218月2026 05:36:31.858] [Render thread/WARN] [Iris/]: Found fine program match for minecraft:pipeline/entity_cutout: HAND_CUTOUT
[218月2026 05:36:31.858] [Render thread/WARN] [Iris/]: Found fine program match for minecraft:pipeline/entity_translucent: HAND_TRANSLUCENT
[218月2026 05:36:31.858] [Render thread/WARN] [Iris/]: Found fine program match for minecraft:pipeline/entity_translucent_emissive: HAND_TRANSLUCENT
[218月2026 05:36:31.862] [Render thread/WARN] [Iris/]: Found fine program match for minecraft:pipeline/entity_cutout: HAND_CUTOUT
[218月2026 05:36:31.862] [Render thread/WARN] [Iris/]: Found fine program match for minecraft:pipeline/entity_translucent: HAND_TRANSLUCENT
[218月2026 05:36:31.862] [Render thread/WARN] [Iris/]: Found fine program match for minecraft:pipeline/entity_translucent_emissive: HAND_TRANSLUCENT
[218月2026 05:36:31.866] [Render thread/WARN] [Iris/]: Found fine program match for minecraft:pipeline/entity_cutout: HAND_CUTOUT
[218月2026 05:36:31.866] [Render thread/WARN] [Iris/]: Found fine program match for minecraft:pipeline/entity_translucent: HAND_TRANSLUCENT
[218月2026 05:36:31.866] [Render thread/WARN] [Iris/]: Found fine program match for minecraft:pipeline/entity_translucent_emissive: HAND_TRANSLUCENT
[218月2026 05:36:31.870] [Render thread/WARN] [Iris/]: Found fine program match for minecraft:pipeline/entity_cutout: HAND_CUTOUT
[218月2026 05:36:31.870] [Render thread/WARN] [Iris/]: Found fine program match for minecraft:pipeline/entity_translucent: HAND_TRANSLUCENT
[218月2026 05:36:31.870] [Render thread/WARN] [Iris/]: Found fine program match for minecraft:pipeline/entity_translucent_emissive: HAND_TRANSLUCENT
[218月2026 05:36:31.874] [Render thread/WARN] [Iris/]: Found fine program match for minecraft:pipeline/entity_cutout: HAND_CUTOUT
[218月2026 05:36:31.874] [Render thread/WARN] [Iris/]: Found fine program match for minecraft:pipeline/entity_translucent: HAND_TRANSLUCENT
[218月2026 05:36:31.874] [Render thread/WARN] [Iris/]: Found fine program match for minecraft:pipeline/entity_translucent_emissive: HAND_TRANSLUCENT
[218月2026 05:36:31.879] [Render thread/WARN] [Iris/]: Found fine program match for minecraft:pipeline/entity_cutout: HAND_CUTOUT
[218月2026 05:36:31.879] [Render thread/WARN] [Iris/]: Found fine program match for minecraft:pipeline/entity_translucent: HAND_TRANSLUCENT
[218月2026 05:36:31.879] [Render thread/WARN] [Iris/]: Found fine program match for minecraft:pipeline/entity_translucent_emissive: HAND_TRANSLUCENT
[218月2026 05:36:31.885] [Render thread/WARN] [Iris/]: Found fine program match for minecraft:pipeline/entity_cutout: HAND_CUTOUT
[218月2026 05:36:31.885] [Render thread/WARN] [Iris/]: Found fine program match for minecraft:pipeline/entity_translucent: HAND_TRANSLUCENT
[218月2026 05:36:31.885] [Render thread/WARN] [Iris/]: Found fine program match for minecraft:pipeline/entity_translucent_emissive: HAND_TRANSLUCENT
[218月2026 05:36:31.888] [Render thread/WARN] [Iris/]: Found fine program match for minecraft:pipeline/entity_cutout: HAND_CUTOUT
[218月2026 05:36:31.888] [Render thread/WARN] [Iris/]: Found fine program match for minecraft:pipeline/entity_translucent: HAND_TRANSLUCENT
[218月2026 05:36:31.888] [Render thread/WARN] [Iris/]: Found fine program match for minecraft:pipeline/entity_translucent_emissive: HAND_TRANSLUCENT
[218月2026 05:36:31.892] [Render thread/WARN] [Iris/]: Found fine program match for minecraft:pipeline/entity_cutout: HAND_CUTOUT
[218月2026 05:36:31.892] [Render thread/WARN] [Iris/]: Found fine program match for minecraft:pipeline/entity_translucent: HAND_TRANSLUCENT
[218月2026 05:36:31.892] [Render thread/WARN] [Iris/]: Found fine program match for minecraft:pipeline/entity_translucent_emissive: HAND_TRANSLUCENT
[218月2026 05:36:31.895] [Render thread/WARN] [Iris/]: Found fine program match for minecraft:pipeline/entity_cutout: HAND_CUTOUT
[218月2026 05:36:31.895] [Render thread/WARN] [Iris/]: Found fine program match for minecraft:pipeline/entity_translucent: HAND_TRANSLUCENT
[218月2026 05:36:31.895] [Render thread/WARN] [Iris/]: Found fine program match for minecraft:pipeline/entity_translucent_emissive: HAND_TRANSLUCENT
[218月2026 05:36:31.900] [Render thread/WARN] [Iris/]: Found fine program match for minecraft:pipeline/entity_cutout: HAND_CUTOUT
[218月2026 05:36:31.900] [Render thread/WARN] [Iris/]: Found fine program match for minecraft:pipeline/entity_translucent: HAND_TRANSLUCENT
[218月2026 05:36:31.900] [Render thread/WARN] [Iris/]: Found fine program match for minecraft:pipeline/entity_translucent_emissive: HAND_TRANSLUCENT
[218月2026 05:36:31.904] [Render thread/WARN] [Iris/]: Found fine program match for minecraft:pipeline/entity_cutout: HAND_CUTOUT
[218月2026 05:36:31.904] [Render thread/WARN] [Iris/]: Found fine program match for minecraft:pipeline/entity_translucent: HAND_TRANSLUCENT
[218月2026 05:36:31.904] [Render thread/WARN] [Iris/]: Found fine program match for minecraft:pipeline/entity_translucent_emissive: HAND_TRANSLUCENT
[218月2026 05:36:31.908] [Render thread/WARN] [Iris/]: Found fine program match for minecraft:pipeline/entity_cutout: HAND_CUTOUT
[218月2026 05:36:31.908] [Render thread/WARN] [Iris/]: Found fine program match for minecraft:pipeline/entity_translucent: HAND_TRANSLUCENT
[218月2026 05:36:31.908] [Render thread/WARN] [Iris/]: Found fine program match for minecraft:pipeline/entity_translucent_emissive: HAND_TRANSLUCENT
[218月2026 05:36:31.911] [Render thread/WARN] [Iris/]: Found fine program match for minecraft:pipeline/entity_cutout: HAND_CUTOUT
[218月2026 05:36:31.911] [Render thread/WARN] [Iris/]: Found fine program match for minecraft:pipeline/entity_translucent: HAND_TRANSLUCENT
[218月2026 05:36:31.911] [Render thread/WARN] [Iris/]: Found fine program match for minecraft:pipeline/entity_translucent_emissive: HAND_TRANSLUCENT
[218月2026 05:36:31.915] [Render thread/WARN] [Iris/]: Found fine program match for minecraft:pipeline/entity_cutout: HAND_CUTOUT
[218月2026 05:36:31.915] [Render thread/WARN] [Iris/]: Found fine program match for minecraft:pipeline/entity_translucent: HAND_TRANSLUCENT
[218月2026 05:36:31.915] [Render thread/WARN] [Iris/]: Found fine program match for minecraft:pipeline/entity_translucent_emissive: HAND_TRANSLUCENT
[218月2026 05:36:31.919] [Render thread/WARN] [Iris/]: Found fine program match for minecraft:pipeline/entity_cutout: HAND_CUTOUT
[218月2026 05:36:31.920] [Render thread/WARN] [Iris/]: Found fine program match for minecraft:pipeline/entity_translucent: HAND_TRANSLUCENT
[218月2026 05:36:31.920] [Render thread/WARN] [Iris/]: Found fine program match for minecraft:pipeline/entity_translucent_emissive: HAND_TRANSLUCENT
[218月2026 05:36:31.923] [Render thread/WARN] [Iris/]: Found fine program match for minecraft:pipeline/entity_cutout: HAND_CUTOUT
[218月2026 05:36:31.923] [Render thread/WARN] [Iris/]: Found fine program match for minecraft:pipeline/entity_translucent: HAND_TRANSLUCENT
[218月2026 05:36:31.923] [Render thread/WARN] [Iris/]: Found fine program match for minecraft:pipeline/entity_translucent_emissive: HAND_TRANSLUCENT
[218月2026 05:36:31.927] [Render thread/WARN] [Iris/]: Found fine program match for minecraft:pipeline/entity_cutout: HAND_CUTOUT
[218月2026 05:36:31.927] [Render thread/WARN] [Iris/]: Found fine program match for minecraft:pipeline/entity_translucent: HAND_TRANSLUCENT
[218月2026 05:36:31.927] [Render thread/WARN] [Iris/]: Found fine program match for minecraft:pipeline/entity_translucent_emissive: HAND_TRANSLUCENT
[218月2026 05:36:31.933] [Render thread/WARN] [Iris/]: Found fine program match for minecraft:pipeline/entity_cutout: HAND_CUTOUT
[218月2026 05:36:31.933] [Render thread/WARN] [Iris/]: Found fine program match for minecraft:pipeline/entity_translucent: HAND_TRANSLUCENT
[218月2026 05:36:31.933] [Render thread/WARN] [Iris/]: Found fine program match for minecraft:pipeline/entity_translucent_emissive: HAND_TRANSLUCENT
[218月2026 05:36:31.935] [Render thread/WARN] [Iris/]: Found fine program match for minecraft:pipeline/entity_cutout: HAND_CUTOUT
[218月2026 05:36:31.936] [Render thread/WARN] [Iris/]: Found fine program match for minecraft:pipeline/entity_translucent: HAND_TRANSLUCENT
[218月2026 05:36:31.936] [Render thread/WARN] [Iris/]: Found fine program match for minecraft:pipeline/entity_translucent_emissive: HAND_TRANSLUCENT
[218月2026 05:36:31.940] [Render thread/WARN] [Iris/]: Found fine program match for minecraft:pipeline/entity_cutout: HAND_CUTOUT
[218月2026 05:36:31.940] [Render thread/WARN] [Iris/]: Found fine program match for minecraft:pipeline/entity_translucent: HAND_TRANSLUCENT
[218月2026 05:36:31.940] [Render thread/WARN] [Iris/]: Found fine program match for minecraft:pipeline/entity_translucent_emissive: HAND_TRANSLUCENT
[218月2026 05:36:31.943] [Render thread/WARN] [Iris/]: Found fine program match for minecraft:pipeline/entity_cutout: HAND_CUTOUT
[218月2026 05:36:31.943] [Render thread/WARN] [Iris/]: Found fine program match for minecraft:pipeline/entity_translucent: HAND_TRANSLUCENT
[218月2026 05:36:31.943] [Render thread/WARN] [Iris/]: Found fine program match for minecraft:pipeline/entity_translucent_emissive: HAND_TRANSLUCENT
[218月2026 05:36:31.947] [Render thread/WARN] [Iris/]: Found fine program match for minecraft:pipeline/entity_cutout: HAND_CUTOUT
[218月2026 05:36:31.947] [Render thread/WARN] [Iris/]: Found fine program match for minecraft:pipeline/entity_translucent: HAND_TRANSLUCENT
[218月2026 05:36:31.947] [Render thread/WARN] [Iris/]: Found fine program match for minecraft:pipeline/entity_translucent_emissive: HAND_TRANSLUCENT
[218月2026 05:36:31.951] [Render thread/WARN] [Iris/]: Found fine program match for minecraft:pipeline/entity_cutout: HAND_CUTOUT
[218月2026 05:36:31.951] [Render thread/WARN] [Iris/]: Found fine program match for minecraft:pipeline/entity_translucent: HAND_TRANSLUCENT
[218月2026 05:36:31.951] [Render thread/WARN] [Iris/]: Found fine program match for minecraft:pipeline/entity_translucent_emissive: HAND_TRANSLUCENT
[218月2026 05:36:31.955] [Render thread/WARN] [Iris/]: Found fine program match for minecraft:pipeline/entity_cutout: HAND_CUTOUT
[218月2026 05:36:31.955] [Render thread/WARN] [Iris/]: Found fine program match for minecraft:pipeline/entity_translucent: HAND_TRANSLUCENT
[218月2026 05:36:31.955] [Render thread/WARN] [Iris/]: Found fine program match for minecraft:pipeline/entity_translucent_emissive: HAND_TRANSLUCENT
[218月2026 05:36:31.960] [Render thread/WARN] [Iris/]: Found fine program match for minecraft:pipeline/entity_cutout: HAND_CUTOUT
[218月2026 05:36:31.960] [Render thread/WARN] [Iris/]: Found fine program match for minecraft:pipeline/entity_translucent: HAND_TRANSLUCENT
[218月2026 05:36:31.960] [Render thread/WARN] [Iris/]: Found fine program match for minecraft:pipeline/entity_translucent_emissive: HAND_TRANSLUCENT
[218月2026 05:36:31.964] [Render thread/WARN] [Iris/]: Found fine program match for minecraft:pipeline/entity_cutout: HAND_CUTOUT
[218月2026 05:36:31.964] [Render thread/WARN] [Iris/]: Found fine program match for minecraft:pipeline/entity_translucent: HAND_TRANSLUCENT
[218月2026 05:36:31.964] [Render thread/WARN] [Iris/]: Found fine program match for minecraft:pipeline/entity_translucent_emissive: HAND_TRANSLUCENT
[218月2026 05:36:31.967] [Render thread/WARN] [Iris/]: Found fine program match for minecraft:pipeline/entity_cutout: HAND_CUTOUT
[218月2026 05:36:31.967] [Render thread/WARN] [Iris/]: Found fine program match for minecraft:pipeline/entity_translucent: HAND_TRANSLUCENT
[218月2026 05:36:31.967] [Render thread/WARN] [Iris/]: Found fine program match for minecraft:pipeline/entity_translucent_emissive: HAND_TRANSLUCENT
[218月2026 05:36:31.972] [Render thread/WARN] [Iris/]: Found fine program match for minecraft:pipeline/entity_cutout: HAND_CUTOUT
[218月2026 05:36:31.972] [Render thread/WARN] [Iris/]: Found fine program match for minecraft:pipeline/entity_translucent: HAND_TRANSLUCENT
[218月2026 05:36:31.972] [Render thread/WARN] [Iris/]: Found fine program match for minecraft:pipeline/entity_translucent_emissive: HAND_TRANSLUCENT
[218月2026 05:36:31.976] [Render thread/WARN] [Iris/]: Found fine program match for minecraft:pipeline/entity_cutout: HAND_CUTOUT
[218月2026 05:36:31.976] [Render thread/WARN] [Iris/]: Found fine program match for minecraft:pipeline/entity_translucent: HAND_TRANSLUCENT
[218月2026 05:36:31.976] [Render thread/WARN] [Iris/]: Found fine program match for minecraft:pipeline/entity_translucent_emissive: HAND_TRANSLUCENT
[218月2026 05:36:31.981] [Render thread/WARN] [Iris/]: Found fine program match for minecraft:pipeline/entity_cutout: HAND_CUTOUT
[218月2026 05:36:31.981] [Render thread/WARN] [Iris/]: Found fine program match for minecraft:pipeline/entity_translucent: HAND_TRANSLUCENT
[218月2026 05:36:31.981] [Render thread/WARN] [Iris/]: Found fine program match for minecraft:pipeline/entity_translucent_emissive: HAND_TRANSLUCENT
[218月2026 05:36:31.984] [Render thread/WARN] [Iris/]: Found fine program match for minecraft:pipeline/entity_cutout: HAND_CUTOUT
[218月2026 05:36:31.984] [Render thread/WARN] [Iris/]: Found fine program match for minecraft:pipeline/entity_translucent: HAND_TRANSLUCENT
[218月2026 05:36:31.984] [Render thread/WARN] [Iris/]: Found fine program match for minecraft:pipeline/entity_translucent_emissive: HAND_TRANSLUCENT
[218月2026 05:36:31.988] [Render thread/WARN] [Iris/]: Found fine program match for minecraft:pipeline/entity_cutout: HAND_CUTOUT
[218月2026 05:36:31.988] [Render thread/WARN] [Iris/]: Found fine program match for minecraft:pipeline/entity_translucent: HAND_TRANSLUCENT
[218月2026 05:36:31.988] [Render thread/WARN] [Iris/]: Found fine program match for minecraft:pipeline/entity_translucent_emissive: HAND_TRANSLUCENT
[218月2026 05:36:31.991] [Render thread/WARN] [Iris/]: Found fine program match for minecraft:pipeline/entity_cutout: HAND_CUTOUT
[218月2026 05:36:31.992] [Render thread/WARN] [Iris/]: Found fine program match for minecraft:pipeline/entity_translucent: HAND_TRANSLUCENT
[218月2026 05:36:31.992] [Render thread/WARN] [Iris/]: Found fine program match for minecraft:pipeline/entity_translucent_emissive: HAND_TRANSLUCENT
[218月2026 05:36:31.996] [Render thread/WARN] [Iris/]: Found fine program match for minecraft:pipeline/entity_cutout: HAND_CUTOUT
[218月2026 05:36:31.996] [Render thread/WARN] [Iris/]: Found fine program match for minecraft:pipeline/entity_translucent: HAND_TRANSLUCENT
[218月2026 05:36:31.996] [Render thread/WARN] [Iris/]: Found fine program match for minecraft:pipeline/entity_translucent_emissive: HAND_TRANSLUCENT
[218月2026 05:36:32.000] [Render thread/WARN] [Iris/]: Found fine program match for minecraft:pipeline/entity_cutout: HAND_CUTOUT
[218月2026 05:36:32.000] [Render thread/WARN] [Iris/]: Found fine program match for minecraft:pipeline/entity_translucent: HAND_TRANSLUCENT
[218月2026 05:36:32.000] [Render thread/WARN] [Iris/]: Found fine program match for minecraft:pipeline/entity_translucent_emissive: HAND_TRANSLUCENT
[218月2026 05:36:32.004] [Render thread/WARN] [Iris/]: Found fine program match for minecraft:pipeline/entity_cutout: HAND_CUTOUT
[218月2026 05:36:32.004] [Render thread/WARN] [Iris/]: Found fine program match for minecraft:pipeline/entity_translucent: HAND_TRANSLUCENT
[218月2026 05:36:32.004] [Render thread/WARN] [Iris/]: Found fine program match for minecraft:pipeline/entity_translucent_emissive: HAND_TRANSLUCENT
[218月2026 05:36:32.008] [Render thread/WARN] [Iris/]: Found fine program match for minecraft:pipeline/entity_cutout: HAND_CUTOUT
[218月2026 05:36:32.008] [Render thread/WARN] [Iris/]: Found fine program match for minecraft:pipeline/entity_translucent: HAND_TRANSLUCENT
[218月2026 05:36:32.008] [Render thread/WARN] [Iris/]: Found fine program match for minecraft:pipeline/entity_translucent_emissive: HAND_TRANSLUCENT
[218月2026 05:36:32.012] [Render thread/WARN] [Iris/]: Found fine program match for minecraft:pipeline/entity_cutout: HAND_CUTOUT
[218月2026 05:36:32.012] [Render thread/WARN] [Iris/]: Found fine program match for minecraft:pipeline/entity_translucent: HAND_TRANSLUCENT
[218月2026 05:36:32.012] [Render thread/WARN] [Iris/]: Found fine program match for minecraft:pipeline/entity_translucent_emissive: HAND_TRANSLUCENT
[218月2026 05:36:32.016] [Render thread/WARN] [Iris/]: Found fine program match for minecraft:pipeline/entity_cutout: HAND_CUTOUT
[218月2026 05:36:32.016] [Render thread/WARN] [Iris/]: Found fine program match for minecraft:pipeline/entity_translucent: HAND_TRANSLUCENT
[218月2026 05:36:32.016] [Render thread/WARN] [Iris/]: Found fine program match for minecraft:pipeline/entity_translucent_emissive: HAND_TRANSLUCENT
[218月2026 05:36:32.019] [Render thread/WARN] [Iris/]: Found fine program match for minecraft:pipeline/entity_cutout: HAND_CUTOUT
[218月2026 05:36:32.019] [Render thread/WARN] [Iris/]: Found fine program match for minecraft:pipeline/entity_translucent: HAND_TRANSLUCENT
[218月2026 05:36:32.019] [Render thread/WARN] [Iris/]: Found fine program match for minecraft:pipeline/entity_translucent_emissive: HAND_TRANSLUCENT
[218月2026 05:36:32.024] [Render thread/WARN] [Iris/]: Found fine program match for minecraft:pipeline/entity_cutout: HAND_CUTOUT
[218月2026 05:36:32.024] [Render thread/WARN] [Iris/]: Found fine program match for minecraft:pipeline/entity_translucent: HAND_TRANSLUCENT
[218月2026 05:36:32.024] [Render thread/WARN] [Iris/]: Found fine program match for minecraft:pipeline/entity_translucent_emissive: HAND_TRANSLUCENT
[218月2026 05:36:32.029] [Render thread/WARN] [Iris/]: Found fine program match for minecraft:pipeline/entity_cutout: HAND_CUTOUT
[218月2026 05:36:32.029] [Render thread/WARN] [Iris/]: Found fine program match for minecraft:pipeline/entity_translucent: HAND_TRANSLUCENT
[218月2026 05:36:32.029] [Render thread/WARN] [Iris/]: Found fine program match for minecraft:pipeline/entity_translucent_emissive: HAND_TRANSLUCENT
[218月2026 05:36:32.032] [Render thread/WARN] [Iris/]: Found fine program match for minecraft:pipeline/entity_cutout: HAND_CUTOUT
[218月2026 05:36:32.032] [Render thread/WARN] [Iris/]: Found fine program match for minecraft:pipeline/entity_translucent: HAND_TRANSLUCENT
[218月2026 05:36:32.032] [Render thread/WARN] [Iris/]: Found fine program match for minecraft:pipeline/entity_translucent_emissive: HAND_TRANSLUCENT
[218月2026 05:36:32.036] [Render thread/WARN] [Iris/]: Found fine program match for minecraft:pipeline/entity_cutout: HAND_CUTOUT
[218月2026 05:36:32.036] [Render thread/WARN] [Iris/]: Found fine program match for minecraft:pipeline/entity_translucent: HAND_TRANSLUCENT
[218月2026 05:36:32.036] [Render thread/WARN] [Iris/]: Found fine program match for minecraft:pipeline/entity_translucent_emissive: HAND_TRANSLUCENT
[218月2026 05:36:32.040] [Render thread/WARN] [Iris/]: Found fine program match for minecraft:pipeline/entity_cutout: HAND_CUTOUT
[218月2026 05:36:32.040] [Render thread/WARN] [Iris/]: Found fine program match for minecraft:pipeline/entity_translucent: HAND_TRANSLUCENT
[218月2026 05:36:32.040] [Render thread/WARN] [Iris/]: Found fine program match for minecraft:pipeline/entity_translucent_emissive: HAND_TRANSLUCENT
[218月2026 05:36:32.044] [Render thread/WARN] [Iris/]: Found fine program match for minecraft:pipeline/entity_cutout: HAND_CUTOUT
[218月2026 05:36:32.044] [Render thread/WARN] [Iris/]: Found fine program match for minecraft:pipeline/entity_translucent: HAND_TRANSLUCENT
[218月2026 05:36:32.044] [Render thread/WARN] [Iris/]: Found fine program match for minecraft:pipeline/entity_translucent_emissive: HAND_TRANSLUCENT
[218月2026 05:36:32.049] [Render thread/WARN] [Iris/]: Found fine program match for minecraft:pipeline/entity_cutout: HAND_CUTOUT
[218月2026 05:36:32.049] [Render thread/WARN] [Iris/]: Found fine program match for minecraft:pipeline/entity_translucent: HAND_TRANSLUCENT
[218月2026 05:36:32.049] [Render thread/WARN] [Iris/]: Found fine program match for minecraft:pipeline/entity_translucent_emissive: HAND_TRANSLUCENT
[218月2026 05:36:32.052] [Render thread/WARN] [Iris/]: Found fine program match for minecraft:pipeline/entity_cutout: HAND_CUTOUT
[218月2026 05:36:32.052] [Render thread/WARN] [Iris/]: Found fine program match for minecraft:pipeline/entity_translucent: HAND_TRANSLUCENT
[218月2026 05:36:32.052] [Render thread/WARN] [Iris/]: Found fine program match for minecraft:pipeline/entity_translucent_emissive: HAND_TRANSLUCENT
[218月2026 05:36:32.056] [Render thread/WARN] [Iris/]: Found fine program match for minecraft:pipeline/entity_cutout: HAND_CUTOUT
[218月2026 05:36:32.056] [Render thread/WARN] [Iris/]: Found fine program match for minecraft:pipeline/entity_translucent: HAND_TRANSLUCENT
[218月2026 05:36:32.056] [Render thread/WARN] [Iris/]: Found fine program match for minecraft:pipeline/entity_translucent_emissive: HAND_TRANSLUCENT
[218月2026 05:36:32.061] [Render thread/WARN] [Iris/]: Found fine program match for minecraft:pipeline/entity_cutout: HAND_CUTOUT
[218月2026 05:36:32.061] [Render thread/WARN] [Iris/]: Found fine program match for minecraft:pipeline/entity_translucent: HAND_TRANSLUCENT
[218月2026 05:36:32.061] [Render thread/WARN] [Iris/]: Found fine program match for minecraft:pipeline/entity_translucent_emissive: HAND_TRANSLUCENT
[218月2026 05:36:32.064] [Render thread/WARN] [Iris/]: Found fine program match for minecraft:pipeline/entity_cutout: HAND_CUTOUT
[218月2026 05:36:32.064] [Render thread/WARN] [Iris/]: Found fine program match for minecraft:pipeline/entity_translucent: HAND_TRANSLUCENT
[218月2026 05:36:32.064] [Render thread/WARN] [Iris/]: Found fine program match for minecraft:pipeline/entity_translucent_emissive: HAND_TRANSLUCENT
[218月2026 05:36:32.068] [Render thread/WARN] [Iris/]: Found fine program match for minecraft:pipeline/entity_cutout: HAND_CUTOUT
[218月2026 05:36:32.068] [Render thread/WARN] [Iris/]: Found fine program match for minecraft:pipeline/entity_translucent: HAND_TRANSLUCENT
[218月2026 05:36:32.068] [Render thread/WARN] [Iris/]: Found fine program match for minecraft:pipeline/entity_translucent_emissive: HAND_TRANSLUCENT
[218月2026 05:36:32.072] [Render thread/WARN] [Iris/]: Found fine program match for minecraft:pipeline/entity_cutout: HAND_CUTOUT
[218月2026 05:36:32.072] [Render thread/WARN] [Iris/]: Found fine program match for minecraft:pipeline/entity_translucent: HAND_TRANSLUCENT
[218月2026 05:36:32.072] [Render thread/WARN] [Iris/]: Found fine program match for minecraft:pipeline/entity_translucent_emissive: HAND_TRANSLUCENT
[218月2026 05:36:32.076] [Render thread/WARN] [Iris/]: Found fine program match for minecraft:pipeline/entity_cutout: HAND_CUTOUT
[218月2026 05:36:32.076] [Render thread/WARN] [Iris/]: Found fine program match for minecraft:pipeline/entity_translucent: HAND_TRANSLUCENT
[218月2026 05:36:32.076] [Render thread/WARN] [Iris/]: Found fine program match for minecraft:pipeline/entity_translucent_emissive: HAND_TRANSLUCENT
[218月2026 05:36:32.082] [Render thread/WARN] [Iris/]: Found fine program match for minecraft:pipeline/entity_cutout: HAND_CUTOUT
[218月2026 05:36:32.082] [Render thread/WARN] [Iris/]: Found fine program match for minecraft:pipeline/entity_translucent: HAND_TRANSLUCENT
[218月2026 05:36:32.082] [Render thread/WARN] [Iris/]: Found fine program match for minecraft:pipeline/entity_translucent_emissive: HAND_TRANSLUCENT
[218月2026 05:36:32.085] [Render thread/WARN] [Iris/]: Found fine program match for minecraft:pipeline/entity_cutout: HAND_CUTOUT
[218月2026 05:36:32.085] [Render thread/WARN] [Iris/]: Found fine program match for minecraft:pipeline/entity_translucent: HAND_TRANSLUCENT
[218月2026 05:36:32.085] [Render thread/WARN] [Iris/]: Found fine program match for minecraft:pipeline/entity_translucent_emissive: HAND_TRANSLUCENT
[218月2026 05:36:32.088] [Render thread/WARN] [Iris/]: Found fine program match for minecraft:pipeline/entity_cutout: HAND_CUTOUT
[218月2026 05:36:32.088] [Render thread/WARN] [Iris/]: Found fine program match for minecraft:pipeline/entity_translucent: HAND_TRANSLUCENT
[218月2026 05:36:32.088] [Render thread/WARN] [Iris/]: Found fine program match for minecraft:pipeline/entity_translucent_emissive: HAND_TRANSLUCENT
[218月2026 05:36:32.092] [Render thread/WARN] [Iris/]: Found fine program match for minecraft:pipeline/entity_cutout: HAND_CUTOUT
[218月2026 05:36:32.092] [Render thread/WARN] [Iris/]: Found fine program match for minecraft:pipeline/entity_translucent: HAND_TRANSLUCENT
[218月2026 05:36:32.092] [Render thread/WARN] [Iris/]: Found fine program match for minecraft:pipeline/entity_translucent_emissive: HAND_TRANSLUCENT
[218月2026 05:36:32.097] [Render thread/WARN] [Iris/]: Found fine program match for minecraft:pipeline/entity_cutout: HAND_CUTOUT
[218月2026 05:36:32.097] [Render thread/WARN] [Iris/]: Found fine program match for minecraft:pipeline/entity_translucent: HAND_TRANSLUCENT
[218月2026 05:36:32.097] [Render thread/WARN] [Iris/]: Found fine program match for minecraft:pipeline/entity_translucent_emissive: HAND_TRANSLUCENT
[218月2026 05:36:32.101] [Render thread/WARN] [Iris/]: Found fine program match for minecraft:pipeline/entity_cutout: HAND_CUTOUT
[218月2026 05:36:32.101] [Render thread/WARN] [Iris/]: Found fine program match for minecraft:pipeline/entity_translucent: HAND_TRANSLUCENT
[218月2026 05:36:32.101] [Render thread/WARN] [Iris/]: Found fine program match for minecraft:pipeline/entity_translucent_emissive: HAND_TRANSLUCENT
[218月2026 05:36:32.105] [Render thread/WARN] [Iris/]: Found fine program match for minecraft:pipeline/entity_cutout: HAND_CUTOUT
[218月2026 05:36:32.105] [Render thread/WARN] [Iris/]: Found fine program match for minecraft:pipeline/entity_translucent: HAND_TRANSLUCENT
[218月2026 05:36:32.105] [Render thread/WARN] [Iris/]: Found fine program match for minecraft:pipeline/entity_translucent_emissive: HAND_TRANSLUCENT
[218月2026 05:36:32.110] [Render thread/WARN] [Iris/]: Found fine program match for minecraft:pipeline/entity_cutout: HAND_CUTOUT
[218月2026 05:36:32.110] [Render thread/WARN] [Iris/]: Found fine program match for minecraft:pipeline/entity_translucent: HAND_TRANSLUCENT
[218月2026 05:36:32.110] [Render thread/WARN] [Iris/]: Found fine program match for minecraft:pipeline/entity_translucent_emissive: HAND_TRANSLUCENT
[218月2026 05:36:32.114] [Render thread/WARN] [Iris/]: Found fine program match for minecraft:pipeline/entity_cutout: HAND_CUTOUT
[218月2026 05:36:32.114] [Render thread/WARN] [Iris/]: Found fine program match for minecraft:pipeline/entity_translucent: HAND_TRANSLUCENT
[218月2026 05:36:32.114] [Render thread/WARN] [Iris/]: Found fine program match for minecraft:pipeline/entity_translucent_emissive: HAND_TRANSLUCENT
[218月2026 05:36:32.118] [Render thread/WARN] [Iris/]: Found fine program match for minecraft:pipeline/entity_cutout: HAND_CUTOUT
[218月2026 05:36:32.118] [Render thread/WARN] [Iris/]: Found fine program match for minecraft:pipeline/entity_translucent: HAND_TRANSLUCENT
[218月2026 05:36:32.118] [Render thread/WARN] [Iris/]: Found fine program match for minecraft:pipeline/entity_translucent_emissive: HAND_TRANSLUCENT
[218月2026 05:36:32.121] [Render thread/WARN] [Iris/]: Found fine program match for minecraft:pipeline/entity_cutout: HAND_CUTOUT
[218月2026 05:36:32.121] [Render thread/WARN] [Iris/]: Found fine program match for minecraft:pipeline/entity_translucent: HAND_TRANSLUCENT
[218月2026 05:36:32.121] [Render thread/WARN] [Iris/]: Found fine program match for minecraft:pipeline/entity_translucent_emissive: HAND_TRANSLUCENT
[218月2026 05:36:32.125] [Render thread/WARN] [Iris/]: Found fine program match for minecraft:pipeline/entity_cutout: HAND_CUTOUT
[218月2026 05:36:32.125] [Render thread/WARN] [Iris/]: Found fine program match for minecraft:pipeline/entity_translucent: HAND_TRANSLUCENT
[218月2026 05:36:32.125] [Render thread/WARN] [Iris/]: Found fine program match for minecraft:pipeline/entity_translucent_emissive: HAND_TRANSLUCENT
[218月2026 05:36:32.131] [Render thread/WARN] [Iris/]: Found fine program match for minecraft:pipeline/entity_cutout: HAND_CUTOUT
[218月2026 05:36:32.131] [Render thread/WARN] [Iris/]: Found fine program match for minecraft:pipeline/entity_translucent: HAND_TRANSLUCENT
[218月2026 05:36:32.131] [Render thread/WARN] [Iris/]: Found fine program match for minecraft:pipeline/entity_translucent_emissive: HAND_TRANSLUCENT
[218月2026 05:36:32.134] [Render thread/WARN] [Iris/]: Found fine program match for minecraft:pipeline/entity_cutout: HAND_CUTOUT
[218月2026 05:36:32.134] [Render thread/WARN] [Iris/]: Found fine program match for minecraft:pipeline/entity_translucent: HAND_TRANSLUCENT
[218月2026 05:36:32.134] [Render thread/WARN] [Iris/]: Found fine program match for minecraft:pipeline/entity_translucent_emissive: HAND_TRANSLUCENT
[218月2026 05:36:32.138] [Render thread/WARN] [Iris/]: Found fine program match for minecraft:pipeline/entity_cutout: HAND_CUTOUT
[218月2026 05:36:32.138] [Render thread/WARN] [Iris/]: Found fine program match for minecraft:pipeline/entity_translucent: HAND_TRANSLUCENT
[218月2026 05:36:32.138] [Render thread/WARN] [Iris/]: Found fine program match for minecraft:pipeline/entity_translucent_emissive: HAND_TRANSLUCENT
[218月2026 05:36:32.141] [Render thread/WARN] [Iris/]: Found fine program match for minecraft:pipeline/entity_cutout: HAND_CUTOUT
[218月2026 05:36:32.141] [Render thread/WARN] [Iris/]: Found fine program match for minecraft:pipeline/entity_translucent: HAND_TRANSLUCENT
[218月2026 05:36:32.141] [Render thread/WARN] [Iris/]: Found fine program match for minecraft:pipeline/entity_translucent_emissive: HAND_TRANSLUCENT
[218月2026 05:36:32.147] [Render thread/WARN] [Iris/]: Found fine program match for minecraft:pipeline/entity_cutout: HAND_CUTOUT
[218月2026 05:36:32.148] [Render thread/WARN] [Iris/]: Found fine program match for minecraft:pipeline/entity_translucent: HAND_TRANSLUCENT
[218月2026 05:36:32.148] [Render thread/WARN] [Iris/]: Found fine program match for minecraft:pipeline/entity_translucent_emissive: HAND_TRANSLUCENT
[218月2026 05:36:32.149] [Render thread/WARN] [Iris/]: Found fine program match for minecraft:pipeline/entity_cutout: HAND_CUTOUT
[218月2026 05:36:32.149] [Render thread/WARN] [Iris/]: Found fine program match for minecraft:pipeline/entity_translucent: HAND_TRANSLUCENT
[218月2026 05:36:32.149] [Render thread/WARN] [Iris/]: Found fine program match for minecraft:pipeline/entity_translucent_emissive: HAND_TRANSLUCENT
[218月2026 05:36:32.154] [Render thread/WARN] [Iris/]: Found fine program match for minecraft:pipeline/entity_cutout: HAND_CUTOUT
[218月2026 05:36:32.154] [Render thread/WARN] [Iris/]: Found fine program match for minecraft:pipeline/entity_translucent: HAND_TRANSLUCENT
[218月2026 05:36:32.154] [Render thread/WARN] [Iris/]: Found fine program match for minecraft:pipeline/entity_translucent_emissive: HAND_TRANSLUCENT
[218月2026 05:36:32.157] [Render thread/WARN] [Iris/]: Found fine program match for minecraft:pipeline/entity_cutout: HAND_CUTOUT
[218月2026 05:36:32.157] [Render thread/WARN] [Iris/]: Found fine program match for minecraft:pipeline/entity_translucent: HAND_TRANSLUCENT
[218月2026 05:36:32.157] [Render thread/WARN] [Iris/]: Found fine program match for minecraft:pipeline/entity_translucent_emissive: HAND_TRANSLUCENT
[218月2026 05:36:32.162] [Render thread/WARN] [Iris/]: Found fine program match for minecraft:pipeline/entity_cutout: HAND_CUTOUT
[218月2026 05:36:32.162] [Render thread/WARN] [Iris/]: Found fine program match for minecraft:pipeline/entity_translucent: HAND_TRANSLUCENT
[218月2026 05:36:32.162] [Render thread/WARN] [Iris/]: Found fine program match for minecraft:pipeline/entity_translucent_emissive: HAND_TRANSLUCENT
[218月2026 05:36:32.166] [Render thread/WARN] [Iris/]: Found fine program match for minecraft:pipeline/entity_cutout: HAND_CUTOUT
[218月2026 05:36:32.166] [Render thread/WARN] [Iris/]: Found fine program match for minecraft:pipeline/entity_translucent: HAND_TRANSLUCENT
[218月2026 05:36:32.166] [Render thread/WARN] [Iris/]: Found fine program match for minecraft:pipeline/entity_translucent_emissive: HAND_TRANSLUCENT
[218月2026 05:36:32.170] [Render thread/WARN] [Iris/]: Found fine program match for minecraft:pipeline/entity_cutout: HAND_CUTOUT
[218月2026 05:36:32.170] [Render thread/WARN] [Iris/]: Found fine program match for minecraft:pipeline/entity_translucent: HAND_TRANSLUCENT
[218月2026 05:36:32.170] [Render thread/WARN] [Iris/]: Found fine program match for minecraft:pipeline/entity_translucent_emissive: HAND_TRANSLUCENT
[218月2026 05:36:32.174] [Render thread/WARN] [Iris/]: Found fine program match for minecraft:pipeline/entity_cutout: HAND_CUTOUT
[218月2026 05:36:32.174] [Render thread/WARN] [Iris/]: Found fine program match for minecraft:pipeline/entity_translucent: HAND_TRANSLUCENT
[218月2026 05:36:32.174] [Render thread/WARN] [Iris/]: Found fine program match for minecraft:pipeline/entity_translucent_emissive: HAND_TRANSLUCENT
[218月2026 05:36:32.180] [Render thread/WARN] [Iris/]: Found fine program match for minecraft:pipeline/entity_cutout: HAND_CUTOUT
[218月2026 05:36:32.180] [Render thread/WARN] [Iris/]: Found fine program match for minecraft:pipeline/entity_translucent: HAND_TRANSLUCENT
[218月2026 05:36:32.180] [Render thread/WARN] [Iris/]: Found fine program match for minecraft:pipeline/entity_translucent_emissive: HAND_TRANSLUCENT
[218月2026 05:36:32.183] [Render thread/WARN] [Iris/]: Found fine program match for minecraft:pipeline/entity_cutout: HAND_CUTOUT
[218月2026 05:36:32.183] [Render thread/WARN] [Iris/]: Found fine program match for minecraft:pipeline/entity_translucent: HAND_TRANSLUCENT
[218月2026 05:36:32.183] [Render thread/WARN] [Iris/]: Found fine program match for minecraft:pipeline/entity_translucent_emissive: HAND_TRANSLUCENT
[218月2026 05:36:32.187] [Render thread/WARN] [Iris/]: Found fine program match for minecraft:pipeline/entity_cutout: HAND_CUTOUT
[218月2026 05:36:32.187] [Render thread/WARN] [Iris/]: Found fine program match for minecraft:pipeline/entity_translucent: HAND_TRANSLUCENT
[218月2026 05:36:32.187] [Render thread/WARN] [Iris/]: Found fine program match for minecraft:pipeline/entity_translucent_emissive: HAND_TRANSLUCENT
[218月2026 05:36:32.190] [Render thread/WARN] [Iris/]: Found fine program match for minecraft:pipeline/entity_cutout: HAND_CUTOUT
[218月2026 05:36:32.190] [Render thread/WARN] [Iris/]: Found fine program match for minecraft:pipeline/entity_translucent: HAND_TRANSLUCENT
[218月2026 05:36:32.190] [Render thread/WARN] [Iris/]: Found fine program match for minecraft:pipeline/entity_translucent_emissive: HAND_TRANSLUCENT
[218月2026 05:36:32.194] [Render thread/WARN] [Iris/]: Found fine program match for minecraft:pipeline/entity_cutout: HAND_CUTOUT
[218月2026 05:36:32.194] [Render thread/WARN] [Iris/]: Found fine program match for minecraft:pipeline/entity_translucent: HAND_TRANSLUCENT
[218月2026 05:36:32.194] [Render thread/WARN] [Iris/]: Found fine program match for minecraft:pipeline/entity_translucent_emissive: HAND_TRANSLUCENT
[218月2026 05:36:32.197] [Render thread/WARN] [Iris/]: Found fine program match for minecraft:pipeline/entity_cutout: HAND_CUTOUT
[218月2026 05:36:32.197] [Render thread/WARN] [Iris/]: Found fine program match for minecraft:pipeline/entity_translucent: HAND_TRANSLUCENT
[218月2026 05:36:32.197] [Render thread/WARN] [Iris/]: Found fine program match for minecraft:pipeline/entity_translucent_emissive: HAND_TRANSLUCENT
[218月2026 05:36:32.202] [Render thread/WARN] [Iris/]: Found fine program match for minecraft:pipeline/entity_cutout: HAND_CUTOUT
[218月2026 05:36:32.202] [Render thread/WARN] [Iris/]: Found fine program match for minecraft:pipeline/entity_translucent: HAND_TRANSLUCENT
[218月2026 05:36:32.202] [Render thread/WARN] [Iris/]: Found fine program match for minecraft:pipeline/entity_translucent_emissive: HAND_TRANSLUCENT
[218月2026 05:36:32.206] [Render thread/WARN] [Iris/]: Found fine program match for minecraft:pipeline/entity_cutout: HAND_CUTOUT
[218月2026 05:36:32.206] [Render thread/WARN] [Iris/]: Found fine program match for minecraft:pipeline/entity_translucent: HAND_TRANSLUCENT
[218月2026 05:36:32.207] [Render thread/WARN] [Iris/]: Found fine program match for minecraft:pipeline/entity_translucent_emissive: HAND_TRANSLUCENT
[218月2026 05:36:32.210] [Render thread/WARN] [Iris/]: Found fine program match for minecraft:pipeline/entity_cutout: HAND_CUTOUT
[218月2026 05:36:32.210] [Render thread/WARN] [Iris/]: Found fine program match for minecraft:pipeline/entity_translucent: HAND_TRANSLUCENT
[218月2026 05:36:32.210] [Render thread/WARN] [Iris/]: Found fine program match for minecraft:pipeline/entity_translucent_emissive: HAND_TRANSLUCENT
[218月2026 05:36:32.214] [Render thread/WARN] [Iris/]: Found fine program match for minecraft:pipeline/entity_cutout: HAND_CUTOUT
[218月2026 05:36:32.214] [Render thread/WARN] [Iris/]: Found fine program match for minecraft:pipeline/entity_translucent: HAND_TRANSLUCENT
[218月2026 05:36:32.214] [Render thread/WARN] [Iris/]: Found fine program match for minecraft:pipeline/entity_translucent_emissive: HAND_TRANSLUCENT
[218月2026 05:36:32.217] [Render thread/WARN] [Iris/]: Found fine program match for minecraft:pipeline/entity_cutout: HAND_CUTOUT
[218月2026 05:36:32.217] [Render thread/WARN] [Iris/]: Found fine program match for minecraft:pipeline/entity_translucent: HAND_TRANSLUCENT
[218月2026 05:36:32.217] [Render thread/WARN] [Iris/]: Found fine program match for minecraft:pipeline/entity_translucent_emissive: HAND_TRANSLUCENT
[218月2026 05:36:32.224] [Render thread/WARN] [Iris/]: Found fine program match for minecraft:pipeline/entity_cutout: HAND_CUTOUT
[218月2026 05:36:32.224] [Render thread/WARN] [Iris/]: Found fine program match for minecraft:pipeline/entity_translucent: HAND_TRANSLUCENT
[218月2026 05:36:32.224] [Render thread/WARN] [Iris/]: Found fine program match for minecraft:pipeline/entity_translucent_emissive: HAND_TRANSLUCENT
[218月2026 05:36:32.227] [Render thread/WARN] [Iris/]: Found fine program match for minecraft:pipeline/entity_cutout: HAND_CUTOUT
[218月2026 05:36:32.227] [Render thread/WARN] [Iris/]: Found fine program match for minecraft:pipeline/entity_translucent: HAND_TRANSLUCENT
[218月2026 05:36:32.227] [Render thread/WARN] [Iris/]: Found fine program match for minecraft:pipeline/entity_translucent_emissive: HAND_TRANSLUCENT
[218月2026 05:36:32.232] [Render thread/WARN] [Iris/]: Found fine program match for minecraft:pipeline/entity_cutout: HAND_CUTOUT
[218月2026 05:36:32.232] [Render thread/WARN] [Iris/]: Found fine program match for minecraft:pipeline/entity_translucent: HAND_TRANSLUCENT
[218月2026 05:36:32.232] [Render thread/WARN] [Iris/]: Found fine program match for minecraft:pipeline/entity_translucent_emissive: HAND_TRANSLUCENT
[218月2026 05:36:32.235] [Render thread/WARN] [Iris/]: Found fine program match for minecraft:pipeline/entity_cutout: HAND_CUTOUT
[218月2026 05:36:32.235] [Render thread/WARN] [Iris/]: Found fine program match for minecraft:pipeline/entity_translucent: HAND_TRANSLUCENT
[218月2026 05:36:32.235] [Render thread/WARN] [Iris/]: Found fine program match for minecraft:pipeline/entity_translucent_emissive: HAND_TRANSLUCENT
[218月2026 05:36:32.239] [Render thread/WARN] [Iris/]: Found fine program match for minecraft:pipeline/entity_cutout: HAND_CUTOUT
[218月2026 05:36:32.239] [Render thread/WARN] [Iris/]: Found fine program match for minecraft:pipeline/entity_translucent: HAND_TRANSLUCENT
[218月2026 05:36:32.239] [Render thread/WARN] [Iris/]: Found fine program match for minecraft:pipeline/entity_translucent_emissive: HAND_TRANSLUCENT
[218月2026 05:36:32.244] [Render thread/WARN] [Iris/]: Found fine program match for minecraft:pipeline/entity_cutout: HAND_CUTOUT
[218月2026 05:36:32.244] [Render thread/WARN] [Iris/]: Found fine program match for minecraft:pipeline/entity_translucent: HAND_TRANSLUCENT
[218月2026 05:36:32.244] [Render thread/WARN] [Iris/]: Found fine program match for minecraft:pipeline/entity_translucent_emissive: HAND_TRANSLUCENT
[218月2026 05:36:32.247] [Render thread/WARN] [Iris/]: Found fine program match for minecraft:pipeline/entity_cutout: HAND_CUTOUT
[218月2026 05:36:32.247] [Render thread/WARN] [Iris/]: Found fine program match for minecraft:pipeline/entity_translucent: HAND_TRANSLUCENT
[218月2026 05:36:32.247] [Render thread/WARN] [Iris/]: Found fine program match for minecraft:pipeline/entity_translucent_emissive: HAND_TRANSLUCENT
[218月2026 05:36:32.251] [Render thread/WARN] [Iris/]: Found fine program match for minecraft:pipeline/entity_cutout: HAND_CUTOUT
[218月2026 05:36:32.251] [Render thread/WARN] [Iris/]: Found fine program match for minecraft:pipeline/entity_translucent: HAND_TRANSLUCENT
[218月2026 05:36:32.251] [Render thread/WARN] [Iris/]: Found fine program match for minecraft:pipeline/entity_translucent_emissive: HAND_TRANSLUCENT
[218月2026 05:36:32.256] [Render thread/WARN] [Iris/]: Found fine program match for minecraft:pipeline/entity_cutout: HAND_CUTOUT
[218月2026 05:36:32.256] [Render thread/WARN] [Iris/]: Found fine program match for minecraft:pipeline/entity_translucent: HAND_TRANSLUCENT
[218月2026 05:36:32.256] [Render thread/WARN] [Iris/]: Found fine program match for minecraft:pipeline/entity_translucent_emissive: HAND_TRANSLUCENT
[218月2026 05:36:32.259] [Render thread/WARN] [Iris/]: Found fine program match for minecraft:pipeline/entity_cutout: HAND_CUTOUT
[218月2026 05:36:32.259] [Render thread/WARN] [Iris/]: Found fine program match for minecraft:pipeline/entity_translucent: HAND_TRANSLUCENT
[218月2026 05:36:32.259] [Render thread/WARN] [Iris/]: Found fine program match for minecraft:pipeline/entity_translucent_emissive: HAND_TRANSLUCENT
[218月2026 05:36:32.264] [Render thread/WARN] [Iris/]: Found fine program match for minecraft:pipeline/entity_cutout: HAND_CUTOUT
[218月2026 05:36:32.264] [Render thread/WARN] [Iris/]: Found fine program match for minecraft:pipeline/entity_translucent: HAND_TRANSLUCENT
[218月2026 05:36:32.264] [Render thread/WARN] [Iris/]: Found fine program match for minecraft:pipeline/entity_translucent_emissive: HAND_TRANSLUCENT
[218月2026 05:36:32.267] [Render thread/WARN] [Iris/]: Found fine program match for minecraft:pipeline/entity_cutout: HAND_CUTOUT
[218月2026 05:36:32.267] [Render thread/WARN] [Iris/]: Found fine program match for minecraft:pipeline/entity_translucent: HAND_TRANSLUCENT
[218月2026 05:36:32.268] [Render thread/WARN] [Iris/]: Found fine program match for minecraft:pipeline/entity_translucent_emissive: HAND_TRANSLUCENT
[218月2026 05:36:32.271] [Render thread/WARN] [Iris/]: Found fine program match for minecraft:pipeline/entity_cutout: HAND_CUTOUT
[218月2026 05:36:32.272] [Render thread/WARN] [Iris/]: Found fine program match for minecraft:pipeline/entity_translucent: HAND_TRANSLUCENT
[218月2026 05:36:32.272] [Render thread/WARN] [Iris/]: Found fine program match for minecraft:pipeline/entity_translucent_emissive: HAND_TRANSLUCENT
[218月2026 05:36:32.275] [Render thread/WARN] [Iris/]: Found fine program match for minecraft:pipeline/entity_cutout: HAND_CUTOUT
[218月2026 05:36:32.275] [Render thread/WARN] [Iris/]: Found fine program match for minecraft:pipeline/entity_translucent: HAND_TRANSLUCENT
[218月2026 05:36:32.275] [Render thread/WARN] [Iris/]: Found fine program match for minecraft:pipeline/entity_translucent_emissive: HAND_TRANSLUCENT
[218月2026 05:36:32.281] [Render thread/WARN] [Iris/]: Found fine program match for minecraft:pipeline/entity_cutout: HAND_CUTOUT
[218月2026 05:36:32.281] [Render thread/WARN] [Iris/]: Found fine program match for minecraft:pipeline/entity_translucent: HAND_TRANSLUCENT
[218月2026 05:36:32.281] [Render thread/WARN] [Iris/]: Found fine program match for minecraft:pipeline/entity_translucent_emissive: HAND_TRANSLUCENT
[218月2026 05:36:32.284] [Render thread/WARN] [Iris/]: Found fine program match for minecraft:pipeline/entity_cutout: HAND_CUTOUT
[218月2026 05:36:32.284] [Render thread/WARN] [Iris/]: Found fine program match for minecraft:pipeline/entity_translucent: HAND_TRANSLUCENT
[218月2026 05:36:32.284] [Render thread/WARN] [Iris/]: Found fine program match for minecraft:pipeline/entity_translucent_emissive: HAND_TRANSLUCENT
[218月2026 05:36:32.288] [Render thread/WARN] [Iris/]: Found fine program match for minecraft:pipeline/entity_cutout: HAND_CUTOUT
[218月2026 05:36:32.288] [Render thread/WARN] [Iris/]: Found fine program match for minecraft:pipeline/entity_translucent: HAND_TRANSLUCENT
[218月2026 05:36:32.288] [Render thread/WARN] [Iris/]: Found fine program match for minecraft:pipeline/entity_translucent_emissive: HAND_TRANSLUCENT
[218月2026 05:36:32.291] [Render thread/WARN] [Iris/]: Found fine program match for minecraft:pipeline/entity_cutout: HAND_CUTOUT
[218月2026 05:36:32.291] [Render thread/WARN] [Iris/]: Found fine program match for minecraft:pipeline/entity_translucent: HAND_TRANSLUCENT
[218月2026 05:36:32.291] [Render thread/WARN] [Iris/]: Found fine program match for minecraft:pipeline/entity_translucent_emissive: HAND_TRANSLUCENT
[218月2026 05:36:32.296] [Render thread/WARN] [Iris/]: Found fine program match for minecraft:pipeline/entity_cutout: HAND_CUTOUT
[218月2026 05:36:32.296] [Render thread/WARN] [Iris/]: Found fine program match for minecraft:pipeline/entity_translucent: HAND_TRANSLUCENT
[218月2026 05:36:32.296] [Render thread/WARN] [Iris/]: Found fine program match for minecraft:pipeline/entity_translucent_emissive: HAND_TRANSLUCENT
[218月2026 05:36:32.299] [Render thread/WARN] [Iris/]: Found fine program match for minecraft:pipeline/entity_cutout: HAND_CUTOUT
[218月2026 05:36:32.299] [Render thread/WARN] [Iris/]: Found fine program match for minecraft:pipeline/entity_translucent: HAND_TRANSLUCENT
[218月2026 05:36:32.299] [Render thread/WARN] [Iris/]: Found fine program match for minecraft:pipeline/entity_translucent_emissive: HAND_TRANSLUCENT
[218月2026 05:36:32.303] [Render thread/WARN] [Iris/]: Found fine program match for minecraft:pipeline/entity_cutout: HAND_CUTOUT
[218月2026 05:36:32.304] [Render thread/WARN] [Iris/]: Found fine program match for minecraft:pipeline/entity_translucent: HAND_TRANSLUCENT
[218月2026 05:36:32.304] [Render thread/WARN] [Iris/]: Found fine program match for minecraft:pipeline/entity_translucent_emissive: HAND_TRANSLUCENT
[218月2026 05:36:32.307] [Render thread/WARN] [Iris/]: Found fine program match for minecraft:pipeline/entity_cutout: HAND_CUTOUT
[218月2026 05:36:32.307] [Render thread/WARN] [Iris/]: Found fine program match for minecraft:pipeline/entity_translucent: HAND_TRANSLUCENT
[218月2026 05:36:32.307] [Render thread/WARN] [Iris/]: Found fine program match for minecraft:pipeline/entity_translucent_emissive: HAND_TRANSLUCENT
[218月2026 05:36:32.312] [Render thread/WARN] [Iris/]: Found fine program match for minecraft:pipeline/entity_cutout: HAND_CUTOUT
[218月2026 05:36:32.312] [Render thread/WARN] [Iris/]: Found fine program match for minecraft:pipeline/entity_translucent: HAND_TRANSLUCENT
[218月2026 05:36:32.312] [Render thread/WARN] [Iris/]: Found fine program match for minecraft:pipeline/entity_translucent_emissive: HAND_TRANSLUCENT
[218月2026 05:36:32.316] [Render thread/WARN] [Iris/]: Found fine program match for minecraft:pipeline/entity_cutout: HAND_CUTOUT
[218月2026 05:36:32.316] [Render thread/WARN] [Iris/]: Found fine program match for minecraft:pipeline/entity_translucent: HAND_TRANSLUCENT
[218月2026 05:36:32.316] [Render thread/WARN] [Iris/]: Found fine program match for minecraft:pipeline/entity_translucent_emissive: HAND_TRANSLUCENT
[218月2026 05:36:32.319] [Render thread/WARN] [Iris/]: Found fine program match for minecraft:pipeline/entity_cutout: HAND_CUTOUT
[218月2026 05:36:32.319] [Render thread/WARN] [Iris/]: Found fine program match for minecraft:pipeline/entity_translucent: HAND_TRANSLUCENT
[218月2026 05:36:32.319] [Render thread/WARN] [Iris/]: Found fine program match for minecraft:pipeline/entity_translucent_emissive: HAND_TRANSLUCENT
[218月2026 05:36:32.323] [Render thread/WARN] [Iris/]: Found fine program match for minecraft:pipeline/entity_cutout: HAND_CUTOUT
[218月2026 05:36:32.323] [Render thread/WARN] [Iris/]: Found fine program match for minecraft:pipeline/entity_translucent: HAND_TRANSLUCENT
[218月2026 05:36:32.323] [Render thread/WARN] [Iris/]: Found fine program match for minecraft:pipeline/entity_translucent_emissive: HAND_TRANSLUCENT
[218月2026 05:36:32.329] [Render thread/WARN] [Iris/]: Found fine program match for minecraft:pipeline/entity_cutout: HAND_CUTOUT
[218月2026 05:36:32.329] [Render thread/WARN] [Iris/]: Found fine program match for minecraft:pipeline/entity_translucent: HAND_TRANSLUCENT
[218月2026 05:36:32.329] [Render thread/WARN] [Iris/]: Found fine program match for minecraft:pipeline/entity_translucent_emissive: HAND_TRANSLUCENT
[218月2026 05:36:32.332] [Render thread/WARN] [Iris/]: Found fine program match for minecraft:pipeline/entity_cutout: HAND_CUTOUT
[218月2026 05:36:32.332] [Render thread/WARN] [Iris/]: Found fine program match for minecraft:pipeline/entity_translucent: HAND_TRANSLUCENT
[218月2026 05:36:32.332] [Render thread/WARN] [Iris/]: Found fine program match for minecraft:pipeline/entity_translucent_emissive: HAND_TRANSLUCENT
[218月2026 05:36:32.336] [Render thread/WARN] [Iris/]: Found fine program match for minecraft:pipeline/entity_cutout: HAND_CUTOUT
[218月2026 05:36:32.336] [Render thread/WARN] [Iris/]: Found fine program match for minecraft:pipeline/entity_translucent: HAND_TRANSLUCENT
[218月2026 05:36:32.336] [Render thread/WARN] [Iris/]: Found fine program match for minecraft:pipeline/entity_translucent_emissive: HAND_TRANSLUCENT
[218月2026 05:36:32.339] [Render thread/WARN] [Iris/]: Found fine program match for minecraft:pipeline/entity_cutout: HAND_CUTOUT
[218月2026 05:36:32.339] [Render thread/WARN] [Iris/]: Found fine program match for minecraft:pipeline/entity_translucent: HAND_TRANSLUCENT
[218月2026 05:36:32.339] [Render thread/WARN] [Iris/]: Found fine program match for minecraft:pipeline/entity_translucent_emissive: HAND_TRANSLUCENT
[218月2026 05:36:32.343] [Render thread/WARN] [Iris/]: Found fine program match for minecraft:pipeline/entity_cutout: HAND_CUTOUT
[218月2026 05:36:32.343] [Render thread/WARN] [Iris/]: Found fine program match for minecraft:pipeline/entity_translucent: HAND_TRANSLUCENT
[218月2026 05:36:32.343] [Render thread/WARN] [Iris/]: Found fine program match for minecraft:pipeline/entity_translucent_emissive: HAND_TRANSLUCENT
[218月2026 05:36:32.347] [Render thread/WARN] [Iris/]: Found fine program match for minecraft:pipeline/entity_cutout: HAND_CUTOUT
[218月2026 05:36:32.347] [Render thread/WARN] [Iris/]: Found fine program match for minecraft:pipeline/entity_translucent: HAND_TRANSLUCENT
[218月2026 05:36:32.347] [Render thread/WARN] [Iris/]: Found fine program match for minecraft:pipeline/entity_translucent_emissive: HAND_TRANSLUCENT
[218月2026 05:36:32.351] [Render thread/WARN] [Iris/]: Found fine program match for minecraft:pipeline/entity_cutout: HAND_CUTOUT
[218月2026 05:36:32.351] [Render thread/WARN] [Iris/]: Found fine program match for minecraft:pipeline/entity_translucent: HAND_TRANSLUCENT
[218月2026 05:36:32.351] [Render thread/WARN] [Iris/]: Found fine program match for minecraft:pipeline/entity_translucent_emissive: HAND_TRANSLUCENT
[218月2026 05:36:32.356] [Render thread/WARN] [Iris/]: Found fine program match for minecraft:pipeline/entity_cutout: HAND_CUTOUT
[218月2026 05:36:32.356] [Render thread/WARN] [Iris/]: Found fine program match for minecraft:pipeline/entity_translucent: HAND_TRANSLUCENT
[218月2026 05:36:32.356] [Render thread/WARN] [Iris/]: Found fine program match for minecraft:pipeline/entity_translucent_emissive: HAND_TRANSLUCENT
[218月2026 05:36:32.359] [Render thread/WARN] [Iris/]: Found fine program match for minecraft:pipeline/entity_cutout: HAND_CUTOUT
[218月2026 05:36:32.359] [Render thread/WARN] [Iris/]: Found fine program match for minecraft:pipeline/entity_translucent: HAND_TRANSLUCENT
[218月2026 05:36:32.359] [Render thread/WARN] [Iris/]: Found fine program match for minecraft:pipeline/entity_translucent_emissive: HAND_TRANSLUCENT
[218月2026 05:36:32.363] [Render thread/WARN] [Iris/]: Found fine program match for minecraft:pipeline/entity_cutout: HAND_CUTOUT
[218月2026 05:36:32.363] [Render thread/WARN] [Iris/]: Found fine program match for minecraft:pipeline/entity_translucent: HAND_TRANSLUCENT
[218月2026 05:36:32.363] [Render thread/WARN] [Iris/]: Found fine program match for minecraft:pipeline/entity_translucent_emissive: HAND_TRANSLUCENT
[218月2026 05:36:32.367] [Render thread/WARN] [Iris/]: Found fine program match for minecraft:pipeline/entity_cutout: HAND_CUTOUT
[218月2026 05:36:32.367] [Render thread/WARN] [Iris/]: Found fine program match for minecraft:pipeline/entity_translucent: HAND_TRANSLUCENT
[218月2026 05:36:32.367] [Render thread/WARN] [Iris/]: Found fine program match for minecraft:pipeline/entity_translucent_emissive: HAND_TRANSLUCENT
[218月2026 05:36:32.372] [Render thread/WARN] [Iris/]: Found fine program match for minecraft:pipeline/entity_cutout: HAND_CUTOUT
[218月2026 05:36:32.372] [Render thread/WARN] [Iris/]: Found fine program match for minecraft:pipeline/entity_translucent: HAND_TRANSLUCENT
[218月2026 05:36:32.372] [Render thread/WARN] [Iris/]: Found fine program match for minecraft:pipeline/entity_translucent_emissive: HAND_TRANSLUCENT
[218月2026 05:36:32.376] [Render thread/WARN] [Iris/]: Found fine program match for minecraft:pipeline/entity_cutout: HAND_CUTOUT
[218月2026 05:36:32.376] [Render thread/WARN] [Iris/]: Found fine program match for minecraft:pipeline/entity_translucent: HAND_TRANSLUCENT
[218月2026 05:36:32.376] [Render thread/WARN] [Iris/]: Found fine program match for minecraft:pipeline/entity_translucent_emissive: HAND_TRANSLUCENT
[218月2026 05:36:32.381] [Render thread/WARN] [Iris/]: Found fine program match for minecraft:pipeline/entity_cutout: HAND_CUTOUT
[218月2026 05:36:32.381] [Render thread/WARN] [Iris/]: Found fine program match for minecraft:pipeline/entity_translucent: HAND_TRANSLUCENT
[218月2026 05:36:32.381] [Render thread/WARN] [Iris/]: Found fine program match for minecraft:pipeline/entity_translucent_emissive: HAND_TRANSLUCENT
[218月2026 05:36:32.383] [Render thread/WARN] [Iris/]: Found fine program match for minecraft:pipeline/entity_cutout: HAND_CUTOUT
[218月2026 05:36:32.383] [Render thread/WARN] [Iris/]: Found fine program match for minecraft:pipeline/entity_translucent: HAND_TRANSLUCENT
[218月2026 05:36:32.383] [Render thread/WARN] [Iris/]: Found fine program match for minecraft:pipeline/entity_translucent_emissive: HAND_TRANSLUCENT
[218月2026 05:36:32.388] [Render thread/WARN] [Iris/]: Found fine program match for minecraft:pipeline/entity_cutout: HAND_CUTOUT
[218月2026 05:36:32.388] [Render thread/WARN] [Iris/]: Found fine program match for minecraft:pipeline/entity_translucent: HAND_TRANSLUCENT
[218月2026 05:36:32.388] [Render thread/WARN] [Iris/]: Found fine program match for minecraft:pipeline/entity_translucent_emissive: HAND_TRANSLUCENT
[218月2026 05:36:32.392] [Render thread/WARN] [Iris/]: Found fine program match for minecraft:pipeline/entity_cutout: HAND_CUTOUT
[218月2026 05:36:32.392] [Render thread/WARN] [Iris/]: Found fine program match for minecraft:pipeline/entity_translucent: HAND_TRANSLUCENT
[218月2026 05:36:32.392] [Render thread/WARN] [Iris/]: Found fine program match for minecraft:pipeline/entity_translucent_emissive: HAND_TRANSLUCENT
[218月2026 05:36:32.396] [Render thread/WARN] [Iris/]: Found fine program match for minecraft:pipeline/entity_cutout: HAND_CUTOUT
[218月2026 05:36:32.396] [Render thread/WARN] [Iris/]: Found fine program match for minecraft:pipeline/entity_translucent: HAND_TRANSLUCENT
[218月2026 05:36:32.396] [Render thread/WARN] [Iris/]: Found fine program match for minecraft:pipeline/entity_translucent_emissive: HAND_TRANSLUCENT
[218月2026 05:36:32.400] [Render thread/WARN] [Iris/]: Found fine program match for minecraft:pipeline/entity_cutout: HAND_CUTOUT
[218月2026 05:36:32.400] [Render thread/WARN] [Iris/]: Found fine program match for minecraft:pipeline/entity_translucent: HAND_TRANSLUCENT
[218月2026 05:36:32.400] [Render thread/WARN] [Iris/]: Found fine program match for minecraft:pipeline/entity_translucent_emissive: HAND_TRANSLUCENT
[218月2026 05:36:32.404] [Render thread/WARN] [Iris/]: Found fine program match for minecraft:pipeline/entity_cutout: HAND_CUTOUT
[218月2026 05:36:32.404] [Render thread/WARN] [Iris/]: Found fine program match for minecraft:pipeline/entity_translucent: HAND_TRANSLUCENT
[218月2026 05:36:32.404] [Render thread/WARN] [Iris/]: Found fine program match for minecraft:pipeline/entity_translucent_emissive: HAND_TRANSLUCENT
[218月2026 05:36:32.409] [Render thread/WARN] [Iris/]: Found fine program match for minecraft:pipeline/entity_cutout: HAND_CUTOUT
[218月2026 05:36:32.409] [Render thread/WARN] [Iris/]: Found fine program match for minecraft:pipeline/entity_translucent: HAND_TRANSLUCENT
[218月2026 05:36:32.409] [Render thread/WARN] [Iris/]: Found fine program match for minecraft:pipeline/entity_translucent_emissive: HAND_TRANSLUCENT
[218月2026 05:36:32.413] [Render thread/WARN] [Iris/]: Found fine program match for minecraft:pipeline/entity_cutout: HAND_CUTOUT
[218月2026 05:36:32.413] [Render thread/WARN] [Iris/]: Found fine program match for minecraft:pipeline/entity_translucent: HAND_TRANSLUCENT
[218月2026 05:36:32.413] [Render thread/WARN] [Iris/]: Found fine program match for minecraft:pipeline/entity_translucent_emissive: HAND_TRANSLUCENT
[218月2026 05:36:32.417] [Render thread/WARN] [Iris/]: Found fine program match for minecraft:pipeline/entity_cutout: HAND_CUTOUT
[218月2026 05:36:32.417] [Render thread/WARN] [Iris/]: Found fine program match for minecraft:pipeline/entity_translucent: HAND_TRANSLUCENT
[218月2026 05:36:32.417] [Render thread/WARN] [Iris/]: Found fine program match for minecraft:pipeline/entity_translucent_emissive: HAND_TRANSLUCENT
[218月2026 05:36:32.421] [Render thread/WARN] [Iris/]: Found fine program match for minecraft:pipeline/entity_cutout: HAND_CUTOUT
[218月2026 05:36:32.421] [Render thread/WARN] [Iris/]: Found fine program match for minecraft:pipeline/entity_translucent: HAND_TRANSLUCENT
[218月2026 05:36:32.421] [Render thread/WARN] [Iris/]: Found fine program match for minecraft:pipeline/entity_translucent_emissive: HAND_TRANSLUCENT
[218月2026 05:36:32.425] [Render thread/WARN] [Iris/]: Found fine program match for minecraft:pipeline/entity_cutout: HAND_CUTOUT
[218月2026 05:36:32.425] [Render thread/WARN] [Iris/]: Found fine program match for minecraft:pipeline/entity_translucent: HAND_TRANSLUCENT
[218月2026 05:36:32.425] [Render thread/WARN] [Iris/]: Found fine program match for minecraft:pipeline/entity_translucent_emissive: HAND_TRANSLUCENT
[218月2026 05:36:32.431] [Render thread/WARN] [Iris/]: Found fine program match for minecraft:pipeline/entity_cutout: HAND_CUTOUT
[218月2026 05:36:32.431] [Render thread/WARN] [Iris/]: Found fine program match for minecraft:pipeline/entity_translucent: HAND_TRANSLUCENT
[218月2026 05:36:32.431] [Render thread/WARN] [Iris/]: Found fine program match for minecraft:pipeline/entity_translucent_emissive: HAND_TRANSLUCENT
[218月2026 05:36:32.433] [Render thread/WARN] [Iris/]: Found fine program match for minecraft:pipeline/entity_cutout: HAND_CUTOUT
[218月2026 05:36:32.433] [Render thread/WARN] [Iris/]: Found fine program match for minecraft:pipeline/entity_translucent: HAND_TRANSLUCENT
[218月2026 05:36:32.433] [Render thread/WARN] [Iris/]: Found fine program match for minecraft:pipeline/entity_translucent_emissive: HAND_TRANSLUCENT
[218月2026 05:36:32.437] [Render thread/WARN] [Iris/]: Found fine program match for minecraft:pipeline/entity_cutout: HAND_CUTOUT
[218月2026 05:36:32.437] [Render thread/WARN] [Iris/]: Found fine program match for minecraft:pipeline/entity_translucent: HAND_TRANSLUCENT
[218月2026 05:36:32.437] [Render thread/WARN] [Iris/]: Found fine program match for minecraft:pipeline/entity_translucent_emissive: HAND_TRANSLUCENT
[218月2026 05:36:32.441] [Render thread/WARN] [Iris/]: Found fine program match for minecraft:pipeline/entity_cutout: HAND_CUTOUT
[218月2026 05:36:32.442] [Render thread/WARN] [Iris/]: Found fine program match for minecraft:pipeline/entity_translucent: HAND_TRANSLUCENT
[218月2026 05:36:32.442] [Render thread/WARN] [Iris/]: Found fine program match for minecraft:pipeline/entity_translucent_emissive: HAND_TRANSLUCENT
[218月2026 05:36:32.445] [Render thread/WARN] [Iris/]: Found fine program match for minecraft:pipeline/entity_cutout: HAND_CUTOUT
[218月2026 05:36:32.446] [Render thread/WARN] [Iris/]: Found fine program match for minecraft:pipeline/entity_translucent: HAND_TRANSLUCENT
[218月2026 05:36:32.446] [Render thread/WARN] [Iris/]: Found fine program match for minecraft:pipeline/entity_translucent_emissive: HAND_TRANSLUCENT
[218月2026 05:36:32.449] [Render thread/WARN] [Iris/]: Found fine program match for minecraft:pipeline/entity_cutout: HAND_CUTOUT
[218月2026 05:36:32.449] [Render thread/WARN] [Iris/]: Found fine program match for minecraft:pipeline/entity_translucent: HAND_TRANSLUCENT
[218月2026 05:36:32.449] [Render thread/WARN] [Iris/]: Found fine program match for minecraft:pipeline/entity_translucent_emissive: HAND_TRANSLUCENT
[218月2026 05:36:32.452] [Render thread/WARN] [Iris/]: Found fine program match for minecraft:pipeline/entity_cutout: HAND_CUTOUT
[218月2026 05:36:32.454] [Render thread/WARN] [Iris/]: Found fine program match for minecraft:pipeline/entity_translucent: HAND_TRANSLUCENT
[218月2026 05:36:32.454] [Render thread/WARN] [Iris/]: Found fine program match for minecraft:pipeline/entity_translucent_emissive: HAND_TRANSLUCENT
[218月2026 05:36:32.457] [Render thread/WARN] [Iris/]: Found fine program match for minecraft:pipeline/entity_cutout: HAND_CUTOUT
[218月2026 05:36:32.457] [Render thread/WARN] [Iris/]: Found fine program match for minecraft:pipeline/entity_translucent: HAND_TRANSLUCENT
[218月2026 05:36:32.457] [Render thread/WARN] [Iris/]: Found fine program match for minecraft:pipeline/entity_translucent_emissive: HAND_TRANSLUCENT
[218月2026 05:36:32.462] [Render thread/WARN] [Iris/]: Found fine program match for minecraft:pipeline/entity_cutout: HAND_CUTOUT
[218月2026 05:36:32.462] [Render thread/WARN] [Iris/]: Found fine program match for minecraft:pipeline/entity_translucent: HAND_TRANSLUCENT
[218月2026 05:36:32.462] [Render thread/WARN] [Iris/]: Found fine program match for minecraft:pipeline/entity_translucent_emissive: HAND_TRANSLUCENT
[218月2026 05:36:32.466] [Render thread/WARN] [Iris/]: Found fine program match for minecraft:pipeline/entity_cutout: HAND_CUTOUT
[218月2026 05:36:32.466] [Render thread/WARN] [Iris/]: Found fine program match for minecraft:pipeline/entity_translucent: HAND_TRANSLUCENT
[218月2026 05:36:32.466] [Render thread/WARN] [Iris/]: Found fine program match for minecraft:pipeline/entity_translucent_emissive: HAND_TRANSLUCENT
[218月2026 05:36:32.470] [Render thread/WARN] [Iris/]: Found fine program match for minecraft:pipeline/entity_cutout: HAND_CUTOUT
[218月2026 05:36:32.470] [Render thread/WARN] [Iris/]: Found fine program match for minecraft:pipeline/entity_translucent: HAND_TRANSLUCENT
[218月2026 05:36:32.470] [Render thread/WARN] [Iris/]: Found fine program match for minecraft:pipeline/entity_translucent_emissive: HAND_TRANSLUCENT
[218月2026 05:36:32.474] [Render thread/WARN] [Iris/]: Found fine program match for minecraft:pipeline/entity_cutout: HAND_CUTOUT
[218月2026 05:36:32.474] [Render thread/WARN] [Iris/]: Found fine program match for minecraft:pipeline/entity_translucent: HAND_TRANSLUCENT
[218月2026 05:36:32.474] [Render thread/WARN] [Iris/]: Found fine program match for minecraft:pipeline/entity_translucent_emissive: HAND_TRANSLUCENT
[218月2026 05:36:32.479] [Render thread/WARN] [Iris/]: Found fine program match for minecraft:pipeline/entity_cutout: HAND_CUTOUT
[218月2026 05:36:32.479] [Render thread/WARN] [Iris/]: Found fine program match for minecraft:pipeline/entity_translucent: HAND_TRANSLUCENT
[218月2026 05:36:32.479] [Render thread/WARN] [Iris/]: Found fine program match for minecraft:pipeline/entity_translucent_emissive: HAND_TRANSLUCENT
[218月2026 05:36:32.482] [Render thread/WARN] [Iris/]: Found fine program match for minecraft:pipeline/entity_cutout: HAND_CUTOUT
[218月2026 05:36:32.482] [Render thread/WARN] [Iris/]: Found fine program match for minecraft:pipeline/entity_translucent: HAND_TRANSLUCENT
[218月2026 05:36:32.482] [Render thread/WARN] [Iris/]: Found fine program match for minecraft:pipeline/entity_translucent_emissive: HAND_TRANSLUCENT
[218月2026 05:36:32.486] [Render thread/WARN] [Iris/]: Found fine program match for minecraft:pipeline/entity_cutout: HAND_CUTOUT
[218月2026 05:36:32.486] [Render thread/WARN] [Iris/]: Found fine program match for minecraft:pipeline/entity_translucent: HAND_TRANSLUCENT
[218月2026 05:36:32.486] [Render thread/WARN] [Iris/]: Found fine program match for minecraft:pipeline/entity_translucent_emissive: HAND_TRANSLUCENT
[218月2026 05:36:32.489] [Render thread/WARN] [Iris/]: Found fine program match for minecraft:pipeline/entity_cutout: HAND_CUTOUT
[218月2026 05:36:32.489] [Render thread/WARN] [Iris/]: Found fine program match for minecraft:pipeline/entity_translucent: HAND_TRANSLUCENT
[218月2026 05:36:32.489] [Render thread/WARN] [Iris/]: Found fine program match for minecraft:pipeline/entity_translucent_emissive: HAND_TRANSLUCENT
[218月2026 05:36:32.493] [Render thread/WARN] [Iris/]: Found fine program match for minecraft:pipeline/entity_cutout: HAND_CUTOUT
[218月2026 05:36:32.493] [Render thread/WARN] [Iris/]: Found fine program match for minecraft:pipeline/entity_translucent: HAND_TRANSLUCENT
[218月2026 05:36:32.493] [Render thread/WARN] [Iris/]: Found fine program match for minecraft:pipeline/entity_translucent_emissive: HAND_TRANSLUCENT
[218月2026 05:36:32.498] [Render thread/WARN] [Iris/]: Found fine program match for minecraft:pipeline/entity_cutout: HAND_CUTOUT
[218月2026 05:36:32.498] [Render thread/WARN] [Iris/]: Found fine program match for minecraft:pipeline/entity_translucent: HAND_TRANSLUCENT
[218月2026 05:36:32.498] [Render thread/WARN] [Iris/]: Found fine program match for minecraft:pipeline/entity_translucent_emissive: HAND_TRANSLUCENT
[218月2026 05:36:32.502] [Render thread/WARN] [Iris/]: Found fine program match for minecraft:pipeline/entity_cutout: HAND_CUTOUT
[218月2026 05:36:32.502] [Render thread/WARN] [Iris/]: Found fine program match for minecraft:pipeline/entity_translucent: HAND_TRANSLUCENT
[218月2026 05:36:32.502] [Render thread/WARN] [Iris/]: Found fine program match for minecraft:pipeline/entity_translucent_emissive: HAND_TRANSLUCENT
[218月2026 05:36:32.506] [Render thread/WARN] [Iris/]: Found fine program match for minecraft:pipeline/entity_cutout: HAND_CUTOUT
[218月2026 05:36:32.506] [Render thread/WARN] [Iris/]: Found fine program match for minecraft:pipeline/entity_translucent: HAND_TRANSLUCENT
[218月2026 05:36:32.506] [Render thread/WARN] [Iris/]: Found fine program match for minecraft:pipeline/entity_translucent_emissive: HAND_TRANSLUCENT
[218月2026 05:36:32.510] [Render thread/WARN] [Iris/]: Found fine program match for minecraft:pipeline/entity_cutout: HAND_CUTOUT
[218月2026 05:36:32.510] [Render thread/WARN] [Iris/]: Found fine program match for minecraft:pipeline/entity_translucent: HAND_TRANSLUCENT
[218月2026 05:36:32.510] [Render thread/WARN] [Iris/]: Found fine program match for minecraft:pipeline/entity_translucent_emissive: HAND_TRANSLUCENT
[218月2026 05:36:32.514] [Render thread/WARN] [Iris/]: Found fine program match for minecraft:pipeline/entity_cutout: HAND_CUTOUT
[218月2026 05:36:32.514] [Render thread/WARN] [Iris/]: Found fine program match for minecraft:pipeline/entity_translucent: HAND_TRANSLUCENT
[218月2026 05:36:32.514] [Render thread/WARN] [Iris/]: Found fine program match for minecraft:pipeline/entity_translucent_emissive: HAND_TRANSLUCENT
[218月2026 05:36:32.518] [Render thread/WARN] [Iris/]: Found fine program match for minecraft:pipeline/entity_cutout: HAND_CUTOUT
[218月2026 05:36:32.518] [Render thread/WARN] [Iris/]: Found fine program match for minecraft:pipeline/entity_translucent: HAND_TRANSLUCENT
[218月2026 05:36:32.518] [Render thread/WARN] [Iris/]: Found fine program match for minecraft:pipeline/entity_translucent_emissive: HAND_TRANSLUCENT
[218月2026 05:36:32.522] [Render thread/WARN] [Iris/]: Found fine program match for minecraft:pipeline/entity_cutout: HAND_CUTOUT
[218月2026 05:36:32.523] [Render thread/WARN] [Iris/]: Found fine program match for minecraft:pipeline/entity_translucent: HAND_TRANSLUCENT
[218月2026 05:36:32.523] [Render thread/WARN] [Iris/]: Found fine program match for minecraft:pipeline/entity_translucent_emissive: HAND_TRANSLUCENT
[218月2026 05:36:32.527] [Render thread/WARN] [Iris/]: Found fine program match for minecraft:pipeline/entity_cutout: HAND_CUTOUT
[218月2026 05:36:32.527] [Render thread/WARN] [Iris/]: Found fine program match for minecraft:pipeline/entity_translucent: HAND_TRANSLUCENT
[218月2026 05:36:32.527] [Render thread/WARN] [Iris/]: Found fine program match for minecraft:pipeline/entity_translucent_emissive: HAND_TRANSLUCENT
[218月2026 05:36:32.531] [Render thread/WARN] [Iris/]: Found fine program match for minecraft:pipeline/entity_cutout: HAND_CUTOUT
[218月2026 05:36:32.531] [Render thread/WARN] [Iris/]: Found fine program match for minecraft:pipeline/entity_translucent: HAND_TRANSLUCENT
[218月2026 05:36:32.531] [Render thread/WARN] [Iris/]: Found fine program match for minecraft:pipeline/entity_translucent_emissive: HAND_TRANSLUCENT
[218月2026 05:36:32.534] [Render thread/WARN] [Iris/]: Found fine program match for minecraft:pipeline/entity_cutout: HAND_CUTOUT
[218月2026 05:36:32.534] [Render thread/WARN] [Iris/]: Found fine program match for minecraft:pipeline/entity_translucent: HAND_TRANSLUCENT
[218月2026 05:36:32.534] [Render thread/WARN] [Iris/]: Found fine program match for minecraft:pipeline/entity_translucent_emissive: HAND_TRANSLUCENT
[218月2026 05:36:32.537] [Render thread/WARN] [Iris/]: Found fine program match for minecraft:pipeline/entity_cutout: HAND_CUTOUT
[218月2026 05:36:32.537] [Render thread/WARN] [Iris/]: Found fine program match for minecraft:pipeline/entity_translucent: HAND_TRANSLUCENT
[218月2026 05:36:32.537] [Render thread/WARN] [Iris/]: Found fine program match for minecraft:pipeline/entity_translucent_emissive: HAND_TRANSLUCENT
[218月2026 05:36:32.542] [Render thread/WARN] [Iris/]: Found fine program match for minecraft:pipeline/entity_cutout: HAND_CUTOUT
[218月2026 05:36:32.542] [Render thread/WARN] [Iris/]: Found fine program match for minecraft:pipeline/entity_translucent: HAND_TRANSLUCENT
[218月2026 05:36:32.542] [Render thread/WARN] [Iris/]: Found fine program match for minecraft:pipeline/entity_translucent_emissive: HAND_TRANSLUCENT
[218月2026 05:36:32.546] [Render thread/WARN] [Iris/]: Found fine program match for minecraft:pipeline/entity_cutout: HAND_CUTOUT
[218月2026 05:36:32.546] [Render thread/WARN] [Iris/]: Found fine program match for minecraft:pipeline/entity_translucent: HAND_TRANSLUCENT
[218月2026 05:36:32.546] [Render thread/WARN] [Iris/]: Found fine program match for minecraft:pipeline/entity_translucent_emissive: HAND_TRANSLUCENT
[218月2026 05:36:32.550] [Render thread/WARN] [Iris/]: Found fine program match for minecraft:pipeline/entity_cutout: HAND_CUTOUT
[218月2026 05:36:32.550] [Render thread/WARN] [Iris/]: Found fine program match for minecraft:pipeline/entity_translucent: HAND_TRANSLUCENT
[218月2026 05:36:32.550] [Render thread/WARN] [Iris/]: Found fine program match for minecraft:pipeline/entity_translucent_emissive: HAND_TRANSLUCENT
[218月2026 05:36:32.555] [Render thread/WARN] [Iris/]: Found fine program match for minecraft:pipeline/entity_cutout: HAND_CUTOUT
[218月2026 05:36:32.555] [Render thread/WARN] [Iris/]: Found fine program match for minecraft:pipeline/entity_translucent: HAND_TRANSLUCENT
[218月2026 05:36:32.555] [Render thread/WARN] [Iris/]: Found fine program match for minecraft:pipeline/entity_translucent_emissive: HAND_TRANSLUCENT
[218月2026 05:36:32.559] [Render thread/WARN] [Iris/]: Found fine program match for minecraft:pipeline/entity_cutout: HAND_CUTOUT
[218月2026 05:36:32.559] [Render thread/WARN] [Iris/]: Found fine program match for minecraft:pipeline/entity_translucent: HAND_TRANSLUCENT
[218月2026 05:36:32.559] [Render thread/WARN] [Iris/]: Found fine program match for minecraft:pipeline/entity_translucent_emissive: HAND_TRANSLUCENT
[218月2026 05:36:32.563] [Render thread/WARN] [Iris/]: Found fine program match for minecraft:pipeline/entity_cutout: HAND_CUTOUT
[218月2026 05:36:32.563] [Render thread/WARN] [Iris/]: Found fine program match for minecraft:pipeline/entity_translucent: HAND_TRANSLUCENT
[218月2026 05:36:32.563] [Render thread/WARN] [Iris/]: Found fine program match for minecraft:pipeline/entity_translucent_emissive: HAND_TRANSLUCENT
[218月2026 05:36:32.567] [Render thread/WARN] [Iris/]: Found fine program match for minecraft:pipeline/entity_cutout: HAND_CUTOUT
[218月2026 05:36:32.567] [Render thread/WARN] [Iris/]: Found fine program match for minecraft:pipeline/entity_translucent: HAND_TRANSLUCENT
[218月2026 05:36:32.567] [Render thread/WARN] [Iris/]: Found fine program match for minecraft:pipeline/entity_translucent_emissive: HAND_TRANSLUCENT
[218月2026 05:36:32.571] [Render thread/WARN] [Iris/]: Found fine program match for minecraft:pipeline/entity_cutout: HAND_CUTOUT
[218月2026 05:36:32.571] [Render thread/WARN] [Iris/]: Found fine program match for minecraft:pipeline/entity_translucent: HAND_TRANSLUCENT
[218月2026 05:36:32.571] [Render thread/WARN] [Iris/]: Found fine program match for minecraft:pipeline/entity_translucent_emissive: HAND_TRANSLUCENT
[218月2026 05:36:32.574] [Render thread/WARN] [Iris/]: Found fine program match for minecraft:pipeline/entity_cutout: HAND_CUTOUT
[218月2026 05:36:32.574] [Render thread/WARN] [Iris/]: Found fine program match for minecraft:pipeline/entity_translucent: HAND_TRANSLUCENT
[218月2026 05:36:32.574] [Render thread/WARN] [Iris/]: Found fine program match for minecraft:pipeline/entity_translucent_emissive: HAND_TRANSLUCENT
[218月2026 05:36:32.580] [Render thread/WARN] [Iris/]: Found fine program match for minecraft:pipeline/entity_cutout: HAND_CUTOUT
[218月2026 05:36:32.580] [Render thread/WARN] [Iris/]: Found fine program match for minecraft:pipeline/entity_translucent: HAND_TRANSLUCENT
[218月2026 05:36:32.580] [Render thread/WARN] [Iris/]: Found fine program match for minecraft:pipeline/entity_translucent_emissive: HAND_TRANSLUCENT
[218月2026 05:36:32.583] [Render thread/WARN] [Iris/]: Found fine program match for minecraft:pipeline/entity_cutout: HAND_CUTOUT
[218月2026 05:36:32.583] [Render thread/WARN] [Iris/]: Found fine program match for minecraft:pipeline/entity_translucent: HAND_TRANSLUCENT
[218月2026 05:36:32.583] [Render thread/WARN] [Iris/]: Found fine program match for minecraft:pipeline/entity_translucent_emissive: HAND_TRANSLUCENT
[218月2026 05:36:32.587] [Render thread/WARN] [Iris/]: Found fine program match for minecraft:pipeline/entity_cutout: HAND_CUTOUT
[218月2026 05:36:32.587] [Render thread/WARN] [Iris/]: Found fine program match for minecraft:pipeline/entity_translucent: HAND_TRANSLUCENT
[218月2026 05:36:32.587] [Render thread/WARN] [Iris/]: Found fine program match for minecraft:pipeline/entity_translucent_emissive: HAND_TRANSLUCENT
[218月2026 05:36:32.590] [Render thread/WARN] [Iris/]: Found fine program match for minecraft:pipeline/entity_cutout: HAND_CUTOUT
[218月2026 05:36:32.590] [Render thread/WARN] [Iris/]: Found fine program match for minecraft:pipeline/entity_translucent: HAND_TRANSLUCENT
[218月2026 05:36:32.590] [Render thread/WARN] [Iris/]: Found fine program match for minecraft:pipeline/entity_translucent_emissive: HAND_TRANSLUCENT
[218月2026 05:36:32.594] [Render thread/WARN] [Iris/]: Found fine program match for minecraft:pipeline/entity_cutout: HAND_CUTOUT
[218月2026 05:36:32.594] [Render thread/WARN] [Iris/]: Found fine program match for minecraft:pipeline/entity_translucent: HAND_TRANSLUCENT
[218月2026 05:36:32.594] [Render thread/WARN] [Iris/]: Found fine program match for minecraft:pipeline/entity_translucent_emissive: HAND_TRANSLUCENT
[218月2026 05:36:32.599] [Render thread/WARN] [Iris/]: Found fine program match for minecraft:pipeline/entity_cutout: HAND_CUTOUT
[218月2026 05:36:32.599] [Render thread/WARN] [Iris/]: Found fine program match for minecraft:pipeline/entity_translucent: HAND_TRANSLUCENT
[218月2026 05:36:32.599] [Render thread/WARN] [Iris/]: Found fine program match for minecraft:pipeline/entity_translucent_emissive: HAND_TRANSLUCENT
[218月2026 05:36:32.603] [Render thread/WARN] [Iris/]: Found fine program match for minecraft:pipeline/entity_cutout: HAND_CUTOUT
[218月2026 05:36:32.603] [Render thread/WARN] [Iris/]: Found fine program match for minecraft:pipeline/entity_translucent: HAND_TRANSLUCENT
[218月2026 05:36:32.603] [Render thread/WARN] [Iris/]: Found fine program match for minecraft:pipeline/entity_translucent_emissive: HAND_TRANSLUCENT
[218月2026 05:36:32.607] [Render thread/WARN] [Iris/]: Found fine program match for minecraft:pipeline/entity_cutout: HAND_CUTOUT
[218月2026 05:36:32.607] [Render thread/WARN] [Iris/]: Found fine program match for minecraft:pipeline/entity_translucent: HAND_TRANSLUCENT
[218月2026 05:36:32.607] [Render thread/WARN] [Iris/]: Found fine program match for minecraft:pipeline/entity_translucent_emissive: HAND_TRANSLUCENT
[218月2026 05:36:32.611] [Render thread/WARN] [Iris/]: Found fine program match for minecraft:pipeline/entity_cutout: HAND_CUTOUT
[218月2026 05:36:32.611] [Render thread/WARN] [Iris/]: Found fine program match for minecraft:pipeline/entity_translucent: HAND_TRANSLUCENT
[218月2026 05:36:32.611] [Render thread/WARN] [Iris/]: Found fine program match for minecraft:pipeline/entity_translucent_emissive: HAND_TRANSLUCENT
[218月2026 05:36:32.615] [Render thread/WARN] [Iris/]: Found fine program match for minecraft:pipeline/entity_cutout: HAND_CUTOUT
[218月2026 05:36:32.615] [Render thread/WARN] [Iris/]: Found fine program match for minecraft:pipeline/entity_translucent: HAND_TRANSLUCENT
[218月2026 05:36:32.615] [Render thread/WARN] [Iris/]: Found fine program match for minecraft:pipeline/entity_translucent_emissive: HAND_TRANSLUCENT
[218月2026 05:36:32.619] [Render thread/WARN] [Iris/]: Found fine program match for minecraft:pipeline/entity_cutout: HAND_CUTOUT
[218月2026 05:36:32.619] [Render thread/WARN] [Iris/]: Found fine program match for minecraft:pipeline/entity_translucent: HAND_TRANSLUCENT
[218月2026 05:36:32.619] [Render thread/WARN] [Iris/]: Found fine program match for minecraft:pipeline/entity_translucent_emissive: HAND_TRANSLUCENT
[218月2026 05:36:32.623] [Render thread/WARN] [Iris/]: Found fine program match for minecraft:pipeline/entity_cutout: HAND_CUTOUT
[218月2026 05:36:32.623] [Render thread/WARN] [Iris/]: Found fine program match for minecraft:pipeline/entity_translucent: HAND_TRANSLUCENT
[218月2026 05:36:32.623] [Render thread/WARN] [Iris/]: Found fine program match for minecraft:pipeline/entity_translucent_emissive: HAND_TRANSLUCENT
[218月2026 05:36:32.627] [Render thread/WARN] [Iris/]: Found fine program match for minecraft:pipeline/entity_cutout: HAND_CUTOUT
[218月2026 05:36:32.628] [Render thread/WARN] [Iris/]: Found fine program match for minecraft:pipeline/entity_translucent: HAND_TRANSLUCENT
[218月2026 05:36:32.628] [Render thread/WARN] [Iris/]: Found fine program match for minecraft:pipeline/entity_translucent_emissive: HAND_TRANSLUCENT
[218月2026 05:36:32.632] [Render thread/WARN] [Iris/]: Found fine program match for minecraft:pipeline/entity_cutout: HAND_CUTOUT
[218月2026 05:36:32.632] [Render thread/WARN] [Iris/]: Found fine program match for minecraft:pipeline/entity_translucent: HAND_TRANSLUCENT
[218月2026 05:36:32.632] [Render thread/WARN] [Iris/]: Found fine program match for minecraft:pipeline/entity_translucent_emissive: HAND_TRANSLUCENT
[218月2026 05:36:32.635] [Render thread/WARN] [Iris/]: Found fine program match for minecraft:pipeline/entity_cutout: HAND_CUTOUT
[218月2026 05:36:32.635] [Render thread/WARN] [Iris/]: Found fine program match for minecraft:pipeline/entity_translucent: HAND_TRANSLUCENT
[218月2026 05:36:32.635] [Render thread/WARN] [Iris/]: Found fine program match for minecraft:pipeline/entity_translucent_emissive: HAND_TRANSLUCENT
[218月2026 05:36:32.640] [Render thread/WARN] [Iris/]: Found fine program match for minecraft:pipeline/entity_cutout: HAND_CUTOUT
[218月2026 05:36:32.641] [Render thread/WARN] [Iris/]: Found fine program match for minecraft:pipeline/entity_translucent: HAND_TRANSLUCENT
[218月2026 05:36:32.641] [Render thread/WARN] [Iris/]: Found fine program match for minecraft:pipeline/entity_translucent_emissive: HAND_TRANSLUCENT
[218月2026 05:36:32.643] [Render thread/WARN] [Iris/]: Found fine program match for minecraft:pipeline/entity_cutout: HAND_CUTOUT
[218月2026 05:36:32.643] [Render thread/WARN] [Iris/]: Found fine program match for minecraft:pipeline/entity_translucent: HAND_TRANSLUCENT
[218月2026 05:36:32.643] [Render thread/WARN] [Iris/]: Found fine program match for minecraft:pipeline/entity_translucent_emissive: HAND_TRANSLUCENT
[218月2026 05:36:32.646] [Render thread/WARN] [Iris/]: Found fine program match for minecraft:pipeline/entity_cutout: HAND_CUTOUT
[218月2026 05:36:32.646] [Render thread/WARN] [Iris/]: Found fine program match for minecraft:pipeline/entity_translucent: HAND_TRANSLUCENT
[218月2026 05:36:32.646] [Render thread/WARN] [Iris/]: Found fine program match for minecraft:pipeline/entity_translucent_emissive: HAND_TRANSLUCENT
[218月2026 05:36:32.651] [Render thread/WARN] [Iris/]: Found fine program match for minecraft:pipeline/entity_cutout: HAND_CUTOUT
[218月2026 05:36:32.651] [Render thread/WARN] [Iris/]: Found fine program match for minecraft:pipeline/entity_translucent: HAND_TRANSLUCENT
[218月2026 05:36:32.651] [Render thread/WARN] [Iris/]: Found fine program match for minecraft:pipeline/entity_translucent_emissive: HAND_TRANSLUCENT
[218月2026 05:36:32.655] [Render thread/WARN] [Iris/]: Found fine program match for minecraft:pipeline/entity_cutout: HAND_CUTOUT
[218月2026 05:36:32.655] [Render thread/WARN] [Iris/]: Found fine program match for minecraft:pipeline/entity_translucent: HAND_TRANSLUCENT
[218月2026 05:36:32.655] [Render thread/WARN] [Iris/]: Found fine program match for minecraft:pipeline/entity_translucent_emissive: HAND_TRANSLUCENT
[218月2026 05:36:32.659] [Render thread/WARN] [Iris/]: Found fine program match for minecraft:pipeline/entity_cutout: HAND_CUTOUT
[218月2026 05:36:32.659] [Render thread/WARN] [Iris/]: Found fine program match for minecraft:pipeline/entity_translucent: HAND_TRANSLUCENT
[218月2026 05:36:32.659] [Render thread/WARN] [Iris/]: Found fine program match for minecraft:pipeline/entity_translucent_emissive: HAND_TRANSLUCENT
[218月2026 05:36:32.663] [Render thread/WARN] [Iris/]: Found fine program match for minecraft:pipeline/entity_cutout: HAND_CUTOUT
[218月2026 05:36:32.663] [Render thread/WARN] [Iris/]: Found fine program match for minecraft:pipeline/entity_translucent: HAND_TRANSLUCENT
[218月2026 05:36:32.663] [Render thread/WARN] [Iris/]: Found fine program match for minecraft:pipeline/entity_translucent_emissive: HAND_TRANSLUCENT
[218月2026 05:36:32.667] [Render thread/WARN] [Iris/]: Found fine program match for minecraft:pipeline/entity_cutout: HAND_CUTOUT
[218月2026 05:36:32.668] [Render thread/WARN] [Iris/]: Found fine program match for minecraft:pipeline/entity_translucent: HAND_TRANSLUCENT
[218月2026 05:36:32.668] [Render thread/WARN] [Iris/]: Found fine program match for minecraft:pipeline/entity_translucent_emissive: HAND_TRANSLUCENT
[218月2026 05:36:32.672] [Render thread/WARN] [Iris/]: Found fine program match for minecraft:pipeline/entity_cutout: HAND_CUTOUT
[218月2026 05:36:32.672] [Render thread/WARN] [Iris/]: Found fine program match for minecraft:pipeline/entity_translucent: HAND_TRANSLUCENT
[218月2026 05:36:32.672] [Render thread/WARN] [Iris/]: Found fine program match for minecraft:pipeline/entity_translucent_emissive: HAND_TRANSLUCENT
[218月2026 05:36:32.676] [Render thread/WARN] [Iris/]: Found fine program match for minecraft:pipeline/entity_cutout: HAND_CUTOUT
[218月2026 05:36:32.676] [Render thread/WARN] [Iris/]: Found fine program match for minecraft:pipeline/entity_translucent: HAND_TRANSLUCENT
[218月2026 05:36:32.676] [Render thread/WARN] [Iris/]: Found fine program match for minecraft:pipeline/entity_translucent_emissive: HAND_TRANSLUCENT
[218月2026 05:36:32.680] [Render thread/WARN] [Iris/]: Found fine program match for minecraft:pipeline/entity_cutout: HAND_CUTOUT
[218月2026 05:36:32.680] [Render thread/WARN] [Iris/]: Found fine program match for minecraft:pipeline/entity_translucent: HAND_TRANSLUCENT
[218月2026 05:36:32.680] [Render thread/WARN] [Iris/]: Found fine program match for minecraft:pipeline/entity_translucent_emissive: HAND_TRANSLUCENT
[218月2026 05:36:32.683] [Render thread/WARN] [Iris/]: Found fine program match for minecraft:pipeline/entity_cutout: HAND_CUTOUT
[218月2026 05:36:32.683] [Render thread/WARN] [Iris/]: Found fine program match for minecraft:pipeline/entity_translucent: HAND_TRANSLUCENT
[218月2026 05:36:32.683] [Render thread/WARN] [Iris/]: Found fine program match for minecraft:pipeline/entity_translucent_emissive: HAND_TRANSLUCENT
[218月2026 05:36:32.688] [Render thread/WARN] [Iris/]: Found fine program match for minecraft:pipeline/entity_cutout: HAND_CUTOUT
[218月2026 05:36:32.688] [Render thread/WARN] [Iris/]: Found fine program match for minecraft:pipeline/entity_translucent: HAND_TRANSLUCENT
[218月2026 05:36:32.688] [Render thread/WARN] [Iris/]: Found fine program match for minecraft:pipeline/entity_translucent_emissive: HAND_TRANSLUCENT
[218月2026 05:36:32.692] [Render thread/WARN] [Iris/]: Found fine program match for minecraft:pipeline/entity_cutout: HAND_CUTOUT
[218月2026 05:36:32.692] [Render thread/WARN] [Iris/]: Found fine program match for minecraft:pipeline/entity_translucent: HAND_TRANSLUCENT
[218月2026 05:36:32.692] [Render thread/WARN] [Iris/]: Found fine program match for minecraft:pipeline/entity_translucent_emissive: HAND_TRANSLUCENT
[218月2026 05:36:32.695] [Render thread/WARN] [Iris/]: Found fine program match for minecraft:pipeline/entity_cutout: HAND_CUTOUT
[218月2026 05:36:32.695] [Render thread/WARN] [Iris/]: Found fine program match for minecraft:pipeline/entity_translucent: HAND_TRANSLUCENT
[218月2026 05:36:32.695] [Render thread/WARN] [Iris/]: Found fine program match for minecraft:pipeline/entity_translucent_emissive: HAND_TRANSLUCENT
[218月2026 05:36:32.700] [Render thread/WARN] [Iris/]: Found fine program match for minecraft:pipeline/entity_cutout: HAND_CUTOUT
[218月2026 05:36:32.700] [Render thread/WARN] [Iris/]: Found fine program match for minecraft:pipeline/entity_translucent: HAND_TRANSLUCENT
[218月2026 05:36:32.700] [Render thread/WARN] [Iris/]: Found fine program match for minecraft:pipeline/entity_translucent_emissive: HAND_TRANSLUCENT
[218月2026 05:36:32.704] [Render thread/WARN] [Iris/]: Found fine program match for minecraft:pipeline/entity_cutout: HAND_CUTOUT
[218月2026 05:36:32.704] [Render thread/WARN] [Iris/]: Found fine program match for minecraft:pipeline/entity_translucent: HAND_TRANSLUCENT
[218月2026 05:36:32.704] [Render thread/WARN] [Iris/]: Found fine program match for minecraft:pipeline/entity_translucent_emissive: HAND_TRANSLUCENT
[218月2026 05:36:32.708] [Render thread/WARN] [Iris/]: Found fine program match for minecraft:pipeline/entity_cutout: HAND_CUTOUT
[218月2026 05:36:32.708] [Render thread/WARN] [Iris/]: Found fine program match for minecraft:pipeline/entity_translucent: HAND_TRANSLUCENT
[218月2026 05:36:32.708] [Render thread/WARN] [Iris/]: Found fine program match for minecraft:pipeline/entity_translucent_emissive: HAND_TRANSLUCENT
[218月2026 05:36:32.712] [Render thread/WARN] [Iris/]: Found fine program match for minecraft:pipeline/entity_cutout: HAND_CUTOUT
[218月2026 05:36:32.712] [Render thread/WARN] [Iris/]: Found fine program match for minecraft:pipeline/entity_translucent: HAND_TRANSLUCENT
[218月2026 05:36:32.712] [Render thread/WARN] [Iris/]: Found fine program match for minecraft:pipeline/entity_translucent_emissive: HAND_TRANSLUCENT
[218月2026 05:36:32.716] [Render thread/WARN] [Iris/]: Found fine program match for minecraft:pipeline/entity_cutout: HAND_CUTOUT
[218月2026 05:36:32.716] [Render thread/WARN] [Iris/]: Found fine program match for minecraft:pipeline/entity_translucent: HAND_TRANSLUCENT
[218月2026 05:36:32.716] [Render thread/WARN] [Iris/]: Found fine program match for minecraft:pipeline/entity_translucent_emissive: HAND_TRANSLUCENT
[218月2026 05:36:32.720] [Render thread/WARN] [Iris/]: Found fine program match for minecraft:pipeline/entity_cutout: HAND_CUTOUT
[218月2026 05:36:32.720] [Render thread/WARN] [Iris/]: Found fine program match for minecraft:pipeline/entity_translucent: HAND_TRANSLUCENT
[218月2026 05:36:32.720] [Render thread/WARN] [Iris/]: Found fine program match for minecraft:pipeline/entity_translucent_emissive: HAND_TRANSLUCENT
[218月2026 05:36:32.724] [Render thread/WARN] [Iris/]: Found fine program match for minecraft:pipeline/entity_cutout: HAND_CUTOUT
[218月2026 05:36:32.724] [Render thread/WARN] [Iris/]: Found fine program match for minecraft:pipeline/entity_translucent: HAND_TRANSLUCENT
[218月2026 05:36:32.724] [Render thread/WARN] [Iris/]: Found fine program match for minecraft:pipeline/entity_translucent_emissive: HAND_TRANSLUCENT
[218月2026 05:36:32.729] [Render thread/WARN] [Iris/]: Found fine program match for minecraft:pipeline/entity_cutout: HAND_CUTOUT
[218月2026 05:36:32.729] [Render thread/WARN] [Iris/]: Found fine program match for minecraft:pipeline/entity_translucent: HAND_TRANSLUCENT
[218月2026 05:36:32.729] [Render thread/WARN] [Iris/]: Found fine program match for minecraft:pipeline/entity_translucent_emissive: HAND_TRANSLUCENT
[218月2026 05:36:32.732] [Render thread/WARN] [Iris/]: Found fine program match for minecraft:pipeline/entity_cutout: HAND_CUTOUT
[218月2026 05:36:32.732] [Render thread/WARN] [Iris/]: Found fine program match for minecraft:pipeline/entity_translucent: HAND_TRANSLUCENT
[218月2026 05:36:32.732] [Render thread/WARN] [Iris/]: Found fine program match for minecraft:pipeline/entity_translucent_emissive: HAND_TRANSLUCENT
[218月2026 05:36:32.736] [Render thread/WARN] [Iris/]: Found fine program match for minecraft:pipeline/entity_cutout: HAND_CUTOUT
[218月2026 05:36:32.737] [Render thread/WARN] [Iris/]: Found fine program match for minecraft:pipeline/entity_translucent: HAND_TRANSLUCENT
[218月2026 05:36:32.737] [Render thread/WARN] [Iris/]: Found fine program match for minecraft:pipeline/entity_translucent_emissive: HAND_TRANSLUCENT
[218月2026 05:36:32.740] [Render thread/WARN] [Iris/]: Found fine program match for minecraft:pipeline/entity_cutout: HAND_CUTOUT
[218月2026 05:36:32.740] [Render thread/WARN] [Iris/]: Found fine program match for minecraft:pipeline/entity_translucent: HAND_TRANSLUCENT
[218月2026 05:36:32.740] [Render thread/WARN] [Iris/]: Found fine program match for minecraft:pipeline/entity_translucent_emissive: HAND_TRANSLUCENT
[218月2026 05:36:32.744] [Render thread/WARN] [Iris/]: Found fine program match for minecraft:pipeline/entity_cutout: HAND_CUTOUT
[218月2026 05:36:32.744] [Render thread/WARN] [Iris/]: Found fine program match for minecraft:pipeline/entity_translucent: HAND_TRANSLUCENT
[218月2026 05:36:32.744] [Render thread/WARN] [Iris/]: Found fine program match for minecraft:pipeline/entity_translucent_emissive: HAND_TRANSLUCENT
[218月2026 05:36:32.748] [Render thread/WARN] [Iris/]: Found fine program match for minecraft:pipeline/entity_cutout: HAND_CUTOUT
[218月2026 05:36:32.748] [Render thread/WARN] [Iris/]: Found fine program match for minecraft:pipeline/entity_translucent: HAND_TRANSLUCENT
[218月2026 05:36:32.748] [Render thread/WARN] [Iris/]: Found fine program match for minecraft:pipeline/entity_translucent_emissive: HAND_TRANSLUCENT
[218月2026 05:36:32.752] [Render thread/WARN] [Iris/]: Found fine program match for minecraft:pipeline/entity_cutout: HAND_CUTOUT
[218月2026 05:36:32.752] [Render thread/WARN] [Iris/]: Found fine program match for minecraft:pipeline/entity_translucent: HAND_TRANSLUCENT
[218月2026 05:36:32.752] [Render thread/WARN] [Iris/]: Found fine program match for minecraft:pipeline/entity_translucent_emissive: HAND_TRANSLUCENT
[218月2026 05:36:32.757] [Render thread/WARN] [Iris/]: Found fine program match for minecraft:pipeline/entity_cutout: HAND_CUTOUT
[218月2026 05:36:32.757] [Render thread/WARN] [Iris/]: Found fine program match for minecraft:pipeline/entity_translucent: HAND_TRANSLUCENT
[218月2026 05:36:32.757] [Render thread/WARN] [Iris/]: Found fine program match for minecraft:pipeline/entity_translucent_emissive: HAND_TRANSLUCENT
[218月2026 05:36:32.760] [Render thread/WARN] [Iris/]: Found fine program match for minecraft:pipeline/entity_cutout: HAND_CUTOUT
[218月2026 05:36:32.760] [Render thread/WARN] [Iris/]: Found fine program match for minecraft:pipeline/entity_translucent: HAND_TRANSLUCENT
[218月2026 05:36:32.760] [Render thread/WARN] [Iris/]: Found fine program match for minecraft:pipeline/entity_translucent_emissive: HAND_TRANSLUCENT
[218月2026 05:36:32.764] [Render thread/WARN] [Iris/]: Found fine program match for minecraft:pipeline/entity_cutout: HAND_CUTOUT
[218月2026 05:36:32.764] [Render thread/WARN] [Iris/]: Found fine program match for minecraft:pipeline/entity_translucent: HAND_TRANSLUCENT
[218月2026 05:36:32.764] [Render thread/WARN] [Iris/]: Found fine program match for minecraft:pipeline/entity_translucent_emissive: HAND_TRANSLUCENT
[218月2026 05:36:32.769] [Render thread/WARN] [Iris/]: Found fine program match for minecraft:pipeline/entity_cutout: HAND_CUTOUT
[218月2026 05:36:32.769] [Render thread/WARN] [Iris/]: Found fine program match for minecraft:pipeline/entity_translucent: HAND_TRANSLUCENT
[218月2026 05:36:32.769] [Render thread/WARN] [Iris/]: Found fine program match for minecraft:pipeline/entity_translucent_emissive: HAND_TRANSLUCENT
[218月2026 05:36:32.772] [Render thread/WARN] [Iris/]: Found fine program match for minecraft:pipeline/entity_cutout: HAND_CUTOUT
[218月2026 05:36:32.772] [Render thread/WARN] [Iris/]: Found fine program match for minecraft:pipeline/entity_translucent: HAND_TRANSLUCENT
[218月2026 05:36:32.772] [Render thread/WARN] [Iris/]: Found fine program match for minecraft:pipeline/entity_translucent_emissive: HAND_TRANSLUCENT
[218月2026 05:36:32.776] [Render thread/WARN] [Iris/]: Found fine program match for minecraft:pipeline/entity_cutout: HAND_CUTOUT
[218月2026 05:36:32.776] [Render thread/WARN] [Iris/]: Found fine program match for minecraft:pipeline/entity_translucent: HAND_TRANSLUCENT
[218月2026 05:36:32.776] [Render thread/WARN] [Iris/]: Found fine program match for minecraft:pipeline/entity_translucent_emissive: HAND_TRANSLUCENT
[218月2026 05:36:32.782] [Render thread/WARN] [Iris/]: Found fine program match for minecraft:pipeline/entity_cutout: HAND_CUTOUT
[218月2026 05:36:32.782] [Render thread/WARN] [Iris/]: Found fine program match for minecraft:pipeline/entity_translucent: HAND_TRANSLUCENT
[218月2026 05:36:32.782] [Render thread/WARN] [Iris/]: Found fine program match for minecraft:pipeline/entity_translucent_emissive: HAND_TRANSLUCENT
[218月2026 05:36:32.785] [Render thread/WARN] [Iris/]: Found fine program match for minecraft:pipeline/entity_cutout: HAND_CUTOUT
[218月2026 05:36:32.785] [Render thread/WARN] [Iris/]: Found fine program match for minecraft:pipeline/entity_translucent: HAND_TRANSLUCENT
[218月2026 05:36:32.785] [Render thread/WARN] [Iris/]: Found fine program match for minecraft:pipeline/entity_translucent_emissive: HAND_TRANSLUCENT
[218月2026 05:36:32.789] [Render thread/WARN] [Iris/]: Found fine program match for minecraft:pipeline/entity_cutout: HAND_CUTOUT
[218月2026 05:36:32.789] [Render thread/WARN] [Iris/]: Found fine program match for minecraft:pipeline/entity_translucent: HAND_TRANSLUCENT
[218月2026 05:36:32.789] [Render thread/WARN] [Iris/]: Found fine program match for minecraft:pipeline/entity_translucent_emissive: HAND_TRANSLUCENT
[218月2026 05:36:32.793] [Render thread/WARN] [Iris/]: Found fine program match for minecraft:pipeline/entity_cutout: HAND_CUTOUT
[218月2026 05:36:32.794] [Render thread/WARN] [Iris/]: Found fine program match for minecraft:pipeline/entity_translucent: HAND_TRANSLUCENT
[218月2026 05:36:32.794] [Render thread/WARN] [Iris/]: Found fine program match for minecraft:pipeline/entity_translucent_emissive: HAND_TRANSLUCENT
[218月2026 05:36:32.798] [Render thread/WARN] [Iris/]: Found fine program match for minecraft:pipeline/entity_cutout: HAND_CUTOUT
[218月2026 05:36:32.798] [Render thread/WARN] [Iris/]: Found fine program match for minecraft:pipeline/entity_translucent: HAND_TRANSLUCENT
[218月2026 05:36:32.798] [Render thread/WARN] [Iris/]: Found fine program match for minecraft:pipeline/entity_translucent_emissive: HAND_TRANSLUCENT
[218月2026 05:36:32.802] [Render thread/WARN] [Iris/]: Found fine program match for minecraft:pipeline/entity_cutout: HAND_CUTOUT
[218月2026 05:36:32.802] [Render thread/WARN] [Iris/]: Found fine program match for minecraft:pipeline/entity_translucent: HAND_TRANSLUCENT
[218月2026 05:36:32.802] [Render thread/WARN] [Iris/]: Found fine program match for minecraft:pipeline/entity_translucent_emissive: HAND_TRANSLUCENT
[218月2026 05:36:32.806] [Render thread/WARN] [Iris/]: Found fine program match for minecraft:pipeline/entity_cutout: HAND_CUTOUT
[218月2026 05:36:32.806] [Render thread/WARN] [Iris/]: Found fine program match for minecraft:pipeline/entity_translucent: HAND_TRANSLUCENT
[218月2026 05:36:32.806] [Render thread/WARN] [Iris/]: Found fine program match for minecraft:pipeline/entity_translucent_emissive: HAND_TRANSLUCENT
[218月2026 05:36:32.809] [Render thread/WARN] [Iris/]: Found fine program match for minecraft:pipeline/entity_cutout: HAND_CUTOUT
[218月2026 05:36:32.809] [Render thread/WARN] [Iris/]: Found fine program match for minecraft:pipeline/entity_translucent: HAND_TRANSLUCENT
[218月2026 05:36:32.809] [Render thread/WARN] [Iris/]: Found fine program match for minecraft:pipeline/entity_translucent_emissive: HAND_TRANSLUCENT
[218月2026 05:36:32.813] [Render thread/WARN] [Iris/]: Found fine program match for minecraft:pipeline/entity_cutout: HAND_CUTOUT
[218月2026 05:36:32.813] [Render thread/WARN] [Iris/]: Found fine program match for minecraft:pipeline/entity_translucent: HAND_TRANSLUCENT
[218月2026 05:36:32.813] [Render thread/WARN] [Iris/]: Found fine program match for minecraft:pipeline/entity_translucent_emissive: HAND_TRANSLUCENT
[218月2026 05:36:32.817] [Render thread/WARN] [Iris/]: Found fine program match for minecraft:pipeline/entity_cutout: HAND_CUTOUT
[218月2026 05:36:32.817] [Render thread/WARN] [Iris/]: Found fine program match for minecraft:pipeline/entity_translucent: HAND_TRANSLUCENT
[218月2026 05:36:32.817] [Render thread/WARN] [Iris/]: Found fine program match for minecraft:pipeline/entity_translucent_emissive: HAND_TRANSLUCENT
[218月2026 05:36:32.822] [Render thread/WARN] [Iris/]: Found fine program match for minecraft:pipeline/entity_cutout: HAND_CUTOUT
[218月2026 05:36:32.822] [Render thread/WARN] [Iris/]: Found fine program match for minecraft:pipeline/entity_translucent: HAND_TRANSLUCENT
[218月2026 05:36:32.822] [Render thread/WARN] [Iris/]: Found fine program match for minecraft:pipeline/entity_translucent_emissive: HAND_TRANSLUCENT
[218月2026 05:36:32.826] [Render thread/WARN] [Iris/]: Found fine program match for minecraft:pipeline/entity_cutout: HAND_CUTOUT
[218月2026 05:36:32.826] [Render thread/WARN] [Iris/]: Found fine program match for minecraft:pipeline/entity_translucent: HAND_TRANSLUCENT
[218月2026 05:36:32.826] [Render thread/WARN] [Iris/]: Found fine program match for minecraft:pipeline/entity_translucent_emissive: HAND_TRANSLUCENT
[218月2026 05:36:32.830] [Render thread/WARN] [Iris/]: Found fine program match for minecraft:pipeline/entity_cutout: HAND_CUTOUT
[218月2026 05:36:32.830] [Render thread/WARN] [Iris/]: Found fine program match for minecraft:pipeline/entity_translucent: HAND_TRANSLUCENT
[218月2026 05:36:32.830] [Render thread/WARN] [Iris/]: Found fine program match for minecraft:pipeline/entity_translucent_emissive: HAND_TRANSLUCENT
[218月2026 05:36:32.833] [Render thread/WARN] [Iris/]: Found fine program match for minecraft:pipeline/entity_cutout: HAND_CUTOUT
[218月2026 05:36:32.833] [Render thread/WARN] [Iris/]: Found fine program match for minecraft:pipeline/entity_translucent: HAND_TRANSLUCENT
[218月2026 05:36:32.833] [Render thread/WARN] [Iris/]: Found fine program match for minecraft:pipeline/entity_translucent_emissive: HAND_TRANSLUCENT
[218月2026 05:36:32.838] [Render thread/WARN] [Iris/]: Found fine program match for minecraft:pipeline/entity_cutout: HAND_CUTOUT
[218月2026 05:36:32.838] [Render thread/WARN] [Iris/]: Found fine program match for minecraft:pipeline/entity_translucent: HAND_TRANSLUCENT
[218月2026 05:36:32.838] [Render thread/WARN] [Iris/]: Found fine program match for minecraft:pipeline/entity_translucent_emissive: HAND_TRANSLUCENT
[218月2026 05:36:32.841] [Render thread/WARN] [Iris/]: Found fine program match for minecraft:pipeline/entity_cutout: HAND_CUTOUT
[218月2026 05:36:32.841] [Render thread/WARN] [Iris/]: Found fine program match for minecraft:pipeline/entity_translucent: HAND_TRANSLUCENT
[218月2026 05:36:32.841] [Render thread/WARN] [Iris/]: Found fine program match for minecraft:pipeline/entity_translucent_emissive: HAND_TRANSLUCENT
[218月2026 05:36:32.845] [Render thread/WARN] [Iris/]: Found fine program match for minecraft:pipeline/entity_cutout: HAND_CUTOUT
[218月2026 05:36:32.845] [Render thread/WARN] [Iris/]: Found fine program match for minecraft:pipeline/entity_translucent: HAND_TRANSLUCENT
[218月2026 05:36:32.845] [Render thread/WARN] [Iris/]: Found fine program match for minecraft:pipeline/entity_translucent_emissive: HAND_TRANSLUCENT
[218月2026 05:36:32.851] [Render thread/WARN] [Iris/]: Found fine program match for minecraft:pipeline/entity_cutout: HAND_CUTOUT
[218月2026 05:36:32.851] [Render thread/WARN] [Iris/]: Found fine program match for minecraft:pipeline/entity_translucent: HAND_TRANSLUCENT
[218月2026 05:36:32.851] [Render thread/WARN] [Iris/]: Found fine program match for minecraft:pipeline/entity_translucent_emissive: HAND_TRANSLUCENT
[218月2026 05:36:32.854] [Render thread/WARN] [Iris/]: Found fine program match for minecraft:pipeline/entity_cutout: HAND_CUTOUT
[218月2026 05:36:32.854] [Render thread/WARN] [Iris/]: Found fine program match for minecraft:pipeline/entity_translucent: HAND_TRANSLUCENT
[218月2026 05:36:32.854] [Render thread/WARN] [Iris/]: Found fine program match for minecraft:pipeline/entity_translucent_emissive: HAND_TRANSLUCENT
[218月2026 05:36:32.860] [Render thread/WARN] [Iris/]: Found fine program match for minecraft:pipeline/entity_cutout: HAND_CUTOUT
[218月2026 05:36:32.860] [Render thread/WARN] [Iris/]: Found fine program match for minecraft:pipeline/entity_translucent: HAND_TRANSLUCENT
[218月2026 05:36:32.860] [Render thread/WARN] [Iris/]: Found fine program match for minecraft:pipeline/entity_translucent_emissive: HAND_TRANSLUCENT
[218月2026 05:36:32.863] [Render thread/WARN] [Iris/]: Found fine program match for minecraft:pipeline/entity_cutout: HAND_CUTOUT
[218月2026 05:36:32.863] [Render thread/WARN] [Iris/]: Found fine program match for minecraft:pipeline/entity_translucent: HAND_TRANSLUCENT
[218月2026 05:36:32.863] [Render thread/WARN] [Iris/]: Found fine program match for minecraft:pipeline/entity_translucent_emissive: HAND_TRANSLUCENT
[218月2026 05:36:32.867] [Render thread/WARN] [Iris/]: Found fine program match for minecraft:pipeline/entity_cutout: HAND_CUTOUT
[218月2026 05:36:32.868] [Render thread/WARN] [Iris/]: Found fine program match for minecraft:pipeline/entity_translucent: HAND_TRANSLUCENT
[218月2026 05:36:32.868] [Render thread/WARN] [Iris/]: Found fine program match for minecraft:pipeline/entity_translucent_emissive: HAND_TRANSLUCENT
[218月2026 05:36:32.871] [Render thread/WARN] [Iris/]: Found fine program match for minecraft:pipeline/entity_cutout: HAND_CUTOUT
[218月2026 05:36:32.871] [Render thread/WARN] [Iris/]: Found fine program match for minecraft:pipeline/entity_translucent: HAND_TRANSLUCENT
[218月2026 05:36:32.871] [Render thread/WARN] [Iris/]: Found fine program match for minecraft:pipeline/entity_translucent_emissive: HAND_TRANSLUCENT
[218月2026 05:36:32.875] [Render thread/WARN] [Iris/]: Found fine program match for minecraft:pipeline/entity_cutout: HAND_CUTOUT
[218月2026 05:36:32.875] [Render thread/WARN] [Iris/]: Found fine program match for minecraft:pipeline/entity_translucent: HAND_TRANSLUCENT
[218月2026 05:36:32.875] [Render thread/WARN] [Iris/]: Found fine program match for minecraft:pipeline/entity_translucent_emissive: HAND_TRANSLUCENT
[218月2026 05:36:32.881] [Render thread/WARN] [Iris/]: Found fine program match for minecraft:pipeline/entity_cutout: HAND_CUTOUT
[218月2026 05:36:32.881] [Render thread/WARN] [Iris/]: Found fine program match for minecraft:pipeline/entity_translucent: HAND_TRANSLUCENT
[218月2026 05:36:32.881] [Render thread/WARN] [Iris/]: Found fine program match for minecraft:pipeline/entity_translucent_emissive: HAND_TRANSLUCENT
[218月2026 05:36:32.884] [Render thread/WARN] [Iris/]: Found fine program match for minecraft:pipeline/entity_cutout: HAND_CUTOUT
[218月2026 05:36:32.884] [Render thread/WARN] [Iris/]: Found fine program match for minecraft:pipeline/entity_translucent: HAND_TRANSLUCENT
[218月2026 05:36:32.884] [Render thread/WARN] [Iris/]: Found fine program match for minecraft:pipeline/entity_translucent_emissive: HAND_TRANSLUCENT
[218月2026 05:36:32.888] [Render thread/WARN] [Iris/]: Found fine program match for minecraft:pipeline/entity_cutout: HAND_CUTOUT
[218月2026 05:36:32.888] [Render thread/WARN] [Iris/]: Found fine program match for minecraft:pipeline/entity_translucent: HAND_TRANSLUCENT
[218月2026 05:36:32.888] [Render thread/WARN] [Iris/]: Found fine program match for minecraft:pipeline/entity_translucent_emissive: HAND_TRANSLUCENT
[218月2026 05:36:32.891] [Render thread/WARN] [Iris/]: Found fine program match for minecraft:pipeline/entity_cutout: HAND_CUTOUT
[218月2026 05:36:32.891] [Render thread/WARN] [Iris/]: Found fine program match for minecraft:pipeline/entity_translucent: HAND_TRANSLUCENT
[218月2026 05:36:32.891] [Render thread/WARN] [Iris/]: Found fine program match for minecraft:pipeline/entity_translucent_emissive: HAND_TRANSLUCENT
[218月2026 05:36:32.903] [Render thread/WARN] [Iris/]: Found fine program match for minecraft:pipeline/entity_cutout: HAND_CUTOUT
[218月2026 05:36:32.904] [Render thread/WARN] [Iris/]: Found fine program match for minecraft:pipeline/entity_translucent: HAND_TRANSLUCENT
[218月2026 05:36:32.904] [Render thread/WARN] [Iris/]: Found fine program match for minecraft:pipeline/entity_translucent_emissive: HAND_TRANSLUCENT
[218月2026 05:36:32.906] [Render thread/WARN] [Iris/]: Found fine program match for minecraft:pipeline/entity_cutout: HAND_CUTOUT
[218月2026 05:36:32.906] [Render thread/WARN] [Iris/]: Found fine program match for minecraft:pipeline/entity_translucent: HAND_TRANSLUCENT
[218月2026 05:36:32.906] [Render thread/WARN] [Iris/]: Found fine program match for minecraft:pipeline/entity_translucent_emissive: HAND_TRANSLUCENT
[218月2026 05:36:32.910] [Render thread/WARN] [Iris/]: Found fine program match for minecraft:pipeline/entity_cutout: HAND_CUTOUT
[218月2026 05:36:32.910] [Render thread/WARN] [Iris/]: Found fine program match for minecraft:pipeline/entity_translucent: HAND_TRANSLUCENT
[218月2026 05:36:32.910] [Render thread/WARN] [Iris/]: Found fine program match for minecraft:pipeline/entity_translucent_emissive: HAND_TRANSLUCENT
[218月2026 05:36:32.914] [Render thread/WARN] [Iris/]: Found fine program match for minecraft:pipeline/entity_cutout: HAND_CUTOUT
[218月2026 05:36:32.914] [Render thread/WARN] [Iris/]: Found fine program match for minecraft:pipeline/entity_translucent: HAND_TRANSLUCENT
[218月2026 05:36:32.914] [Render thread/WARN] [Iris/]: Found fine program match for minecraft:pipeline/entity_translucent_emissive: HAND_TRANSLUCENT
[218月2026 05:36:32.918] [Render thread/WARN] [Iris/]: Found fine program match for minecraft:pipeline/entity_cutout: HAND_CUTOUT
[218月2026 05:36:32.918] [Render thread/WARN] [Iris/]: Found fine program match for minecraft:pipeline/entity_translucent: HAND_TRANSLUCENT
[218月2026 05:36:32.918] [Render thread/WARN] [Iris/]: Found fine program match for minecraft:pipeline/entity_translucent_emissive: HAND_TRANSLUCENT
[218月2026 05:36:32.922] [Render thread/WARN] [Iris/]: Found fine program match for minecraft:pipeline/entity_cutout: HAND_CUTOUT
[218月2026 05:36:32.922] [Render thread/WARN] [Iris/]: Found fine program match for minecraft:pipeline/entity_translucent: HAND_TRANSLUCENT
[218月2026 05:36:32.922] [Render thread/WARN] [Iris/]: Found fine program match for minecraft:pipeline/entity_translucent_emissive: HAND_TRANSLUCENT
[218月2026 05:36:32.926] [Render thread/WARN] [Iris/]: Found fine program match for minecraft:pipeline/entity_cutout: HAND_CUTOUT
[218月2026 05:36:32.926] [Render thread/WARN] [Iris/]: Found fine program match for minecraft:pipeline/entity_translucent: HAND_TRANSLUCENT
[218月2026 05:36:32.926] [Render thread/WARN] [Iris/]: Found fine program match for minecraft:pipeline/entity_translucent_emissive: HAND_TRANSLUCENT
[218月2026 05:36:32.931] [Render thread/WARN] [Iris/]: Found fine program match for minecraft:pipeline/entity_cutout: HAND_CUTOUT
[218月2026 05:36:32.931] [Render thread/WARN] [Iris/]: Found fine program match for minecraft:pipeline/entity_translucent: HAND_TRANSLUCENT
[218月2026 05:36:32.931] [Render thread/WARN] [Iris/]: Found fine program match for minecraft:pipeline/entity_translucent_emissive: HAND_TRANSLUCENT
[218月2026 05:36:32.934] [Render thread/WARN] [Iris/]: Found fine program match for minecraft:pipeline/entity_cutout: HAND_CUTOUT
[218月2026 05:36:32.934] [Render thread/WARN] [Iris/]: Found fine program match for minecraft:pipeline/entity_translucent: HAND_TRANSLUCENT
[218月2026 05:36:32.934] [Render thread/WARN] [Iris/]: Found fine program match for minecraft:pipeline/entity_translucent_emissive: HAND_TRANSLUCENT
[218月2026 05:36:32.939] [Render thread/WARN] [Iris/]: Found fine program match for minecraft:pipeline/entity_cutout: HAND_CUTOUT
[218月2026 05:36:32.939] [Render thread/WARN] [Iris/]: Found fine program match for minecraft:pipeline/entity_translucent: HAND_TRANSLUCENT
[218月2026 05:36:32.939] [Render thread/WARN] [Iris/]: Found fine program match for minecraft:pipeline/entity_translucent_emissive: HAND_TRANSLUCENT
[218月2026 05:36:32.942] [Render thread/WARN] [Iris/]: Found fine program match for minecraft:pipeline/entity_cutout: HAND_CUTOUT
[218月2026 05:36:32.943] [Render thread/WARN] [Iris/]: Found fine program match for minecraft:pipeline/entity_translucent: HAND_TRANSLUCENT
[218月2026 05:36:32.943] [Render thread/WARN] [Iris/]: Found fine program match for minecraft:pipeline/entity_translucent_emissive: HAND_TRANSLUCENT
[218月2026 05:36:32.946] [Render thread/WARN] [Iris/]: Found fine program match for minecraft:pipeline/entity_cutout: HAND_CUTOUT
[218月2026 05:36:32.946] [Render thread/WARN] [Iris/]: Found fine program match for minecraft:pipeline/entity_translucent: HAND_TRANSLUCENT
[218月2026 05:36:32.946] [Render thread/WARN] [Iris/]: Found fine program match for minecraft:pipeline/entity_translucent_emissive: HAND_TRANSLUCENT
[218月2026 05:36:32.950] [Render thread/WARN] [Iris/]: Found fine program match for minecraft:pipeline/entity_cutout: HAND_CUTOUT
[218月2026 05:36:32.950] [Render thread/WARN] [Iris/]: Found fine program match for minecraft:pipeline/entity_translucent: HAND_TRANSLUCENT
[218月2026 05:36:32.950] [Render thread/WARN] [Iris/]: Found fine program match for minecraft:pipeline/entity_translucent_emissive: HAND_TRANSLUCENT
[218月2026 05:36:32.954] [Render thread/WARN] [Iris/]: Found fine program match for minecraft:pipeline/entity_cutout: HAND_CUTOUT
[218月2026 05:36:32.954] [Render thread/WARN] [Iris/]: Found fine program match for minecraft:pipeline/entity_translucent: HAND_TRANSLUCENT
[218月2026 05:36:32.954] [Render thread/WARN] [Iris/]: Found fine program match for minecraft:pipeline/entity_translucent_emissive: HAND_TRANSLUCENT
[218月2026 05:36:32.959] [Render thread/WARN] [Iris/]: Found fine program match for minecraft:pipeline/entity_cutout: HAND_CUTOUT
[218月2026 05:36:32.959] [Render thread/WARN] [Iris/]: Found fine program match for minecraft:pipeline/entity_translucent: HAND_TRANSLUCENT
[218月2026 05:36:32.959] [Render thread/WARN] [Iris/]: Found fine program match for minecraft:pipeline/entity_translucent_emissive: HAND_TRANSLUCENT
[218月2026 05:36:32.963] [Render thread/WARN] [Iris/]: Found fine program match for minecraft:pipeline/entity_cutout: HAND_CUTOUT
[218月2026 05:36:32.963] [Render thread/WARN] [Iris/]: Found fine program match for minecraft:pipeline/entity_translucent: HAND_TRANSLUCENT
[218月2026 05:36:32.963] [Render thread/WARN] [Iris/]: Found fine program match for minecraft:pipeline/entity_translucent_emissive: HAND_TRANSLUCENT
[218月2026 05:36:32.967] [Render thread/WARN] [Iris/]: Found fine program match for minecraft:pipeline/entity_cutout: HAND_CUTOUT
[218月2026 05:36:32.967] [Render thread/WARN] [Iris/]: Found fine program match for minecraft:pipeline/entity_translucent: HAND_TRANSLUCENT
[218月2026 05:36:32.967] [Render thread/WARN] [Iris/]: Found fine program match for minecraft:pipeline/entity_translucent_emissive: HAND_TRANSLUCENT
[218月2026 05:36:32.971] [Render thread/WARN] [Iris/]: Found fine program match for minecraft:pipeline/entity_cutout: HAND_CUTOUT
[218月2026 05:36:32.971] [Render thread/WARN] [Iris/]: Found fine program match for minecraft:pipeline/entity_translucent: HAND_TRANSLUCENT
[218月2026 05:36:32.971] [Render thread/WARN] [Iris/]: Found fine program match for minecraft:pipeline/entity_translucent_emissive: HAND_TRANSLUCENT
[218月2026 05:36:32.975] [Render thread/WARN] [Iris/]: Found fine program match for minecraft:pipeline/entity_cutout: HAND_CUTOUT
[218月2026 05:36:32.975] [Render thread/WARN] [Iris/]: Found fine program match for minecraft:pipeline/entity_translucent: HAND_TRANSLUCENT
[218月2026 05:36:32.975] [Render thread/WARN] [Iris/]: Found fine program match for minecraft:pipeline/entity_translucent_emissive: HAND_TRANSLUCENT
[218月2026 05:36:32.981] [Render thread/WARN] [Iris/]: Found fine program match for minecraft:pipeline/entity_cutout: HAND_CUTOUT
[218月2026 05:36:32.981] [Render thread/WARN] [Iris/]: Found fine program match for minecraft:pipeline/entity_translucent: HAND_TRANSLUCENT
[218月2026 05:36:32.981] [Render thread/WARN] [Iris/]: Found fine program match for minecraft:pipeline/entity_translucent_emissive: HAND_TRANSLUCENT
[218月2026 05:36:32.984] [Render thread/WARN] [Iris/]: Found fine program match for minecraft:pipeline/entity_cutout: HAND_CUTOUT
[218月2026 05:36:32.984] [Render thread/WARN] [Iris/]: Found fine program match for minecraft:pipeline/entity_translucent: HAND_TRANSLUCENT
[218月2026 05:36:32.984] [Render thread/WARN] [Iris/]: Found fine program match for minecraft:pipeline/entity_translucent_emissive: HAND_TRANSLUCENT
[218月2026 05:36:32.988] [Render thread/WARN] [Iris/]: Found fine program match for minecraft:pipeline/entity_cutout: HAND_CUTOUT
[218月2026 05:36:32.988] [Render thread/WARN] [Iris/]: Found fine program match for minecraft:pipeline/entity_translucent: HAND_TRANSLUCENT
[218月2026 05:36:32.988] [Render thread/WARN] [Iris/]: Found fine program match for minecraft:pipeline/entity_translucent_emissive: HAND_TRANSLUCENT
[218月2026 05:36:32.991] [Render thread/WARN] [Iris/]: Found fine program match for minecraft:pipeline/entity_cutout: HAND_CUTOUT
[218月2026 05:36:32.991] [Render thread/WARN] [Iris/]: Found fine program match for minecraft:pipeline/entity_translucent: HAND_TRANSLUCENT
[218月2026 05:36:32.991] [Render thread/WARN] [Iris/]: Found fine program match for minecraft:pipeline/entity_translucent_emissive: HAND_TRANSLUCENT
[218月2026 05:36:32.995] [Render thread/WARN] [Iris/]: Found fine program match for minecraft:pipeline/entity_cutout: HAND_CUTOUT
[218月2026 05:36:32.995] [Render thread/WARN] [Iris/]: Found fine program match for minecraft:pipeline/entity_translucent: HAND_TRANSLUCENT
[218月2026 05:36:32.995] [Render thread/WARN] [Iris/]: Found fine program match for minecraft:pipeline/entity_translucent_emissive: HAND_TRANSLUCENT
[218月2026 05:36:33.000] [Render thread/WARN] [Iris/]: Found fine program match for minecraft:pipeline/entity_cutout: HAND_CUTOUT
[218月2026 05:36:33.000] [Render thread/WARN] [Iris/]: Found fine program match for minecraft:pipeline/entity_translucent: HAND_TRANSLUCENT
[218月2026 05:36:33.000] [Render thread/WARN] [Iris/]: Found fine program match for minecraft:pipeline/entity_translucent_emissive: HAND_TRANSLUCENT
[218月2026 05:36:33.004] [Render thread/WARN] [Iris/]: Found fine program match for minecraft:pipeline/entity_cutout: HAND_CUTOUT
[218月2026 05:36:33.004] [Render thread/WARN] [Iris/]: Found fine program match for minecraft:pipeline/entity_translucent: HAND_TRANSLUCENT
[218月2026 05:36:33.004] [Render thread/WARN] [Iris/]: Found fine program match for minecraft:pipeline/entity_translucent_emissive: HAND_TRANSLUCENT
[218月2026 05:36:33.007] [Render thread/WARN] [Iris/]: Found fine program match for minecraft:pipeline/entity_cutout: HAND_CUTOUT
[218月2026 05:36:33.007] [Render thread/WARN] [Iris/]: Found fine program match for minecraft:pipeline/entity_translucent: HAND_TRANSLUCENT
[218月2026 05:36:33.007] [Render thread/WARN] [Iris/]: Found fine program match for minecraft:pipeline/entity_translucent_emissive: HAND_TRANSLUCENT
[218月2026 05:36:33.011] [Render thread/WARN] [Iris/]: Found fine program match for minecraft:pipeline/entity_cutout: HAND_CUTOUT
[218月2026 05:36:33.012] [Render thread/WARN] [Iris/]: Found fine program match for minecraft:pipeline/entity_translucent: HAND_TRANSLUCENT
[218月2026 05:36:33.012] [Render thread/WARN] [Iris/]: Found fine program match for minecraft:pipeline/entity_translucent_emissive: HAND_TRANSLUCENT
[218月2026 05:36:33.016] [Render thread/WARN] [Iris/]: Found fine program match for minecraft:pipeline/entity_cutout: HAND_CUTOUT
[218月2026 05:36:33.016] [Render thread/WARN] [Iris/]: Found fine program match for minecraft:pipeline/entity_translucent: HAND_TRANSLUCENT
[218月2026 05:36:33.016] [Render thread/WARN] [Iris/]: Found fine program match for minecraft:pipeline/entity_translucent_emissive: HAND_TRANSLUCENT
[218月2026 05:36:33.020] [Render thread/WARN] [Iris/]: Found fine program match for minecraft:pipeline/entity_cutout: HAND_CUTOUT
[218月2026 05:36:33.020] [Render thread/WARN] [Iris/]: Found fine program match for minecraft:pipeline/entity_translucent: HAND_TRANSLUCENT
[218月2026 05:36:33.020] [Render thread/WARN] [Iris/]: Found fine program match for minecraft:pipeline/entity_translucent_emissive: HAND_TRANSLUCENT
[218月2026 05:36:33.024] [Render thread/WARN] [Iris/]: Found fine program match for minecraft:pipeline/entity_cutout: HAND_CUTOUT
[218月2026 05:36:33.024] [Render thread/WARN] [Iris/]: Found fine program match for minecraft:pipeline/entity_translucent: HAND_TRANSLUCENT
[218月2026 05:36:33.024] [Render thread/WARN] [Iris/]: Found fine program match for minecraft:pipeline/entity_translucent_emissive: HAND_TRANSLUCENT
[218月2026 05:36:33.029] [Render thread/WARN] [Iris/]: Found fine program match for minecraft:pipeline/entity_cutout: HAND_CUTOUT
[218月2026 05:36:33.029] [Render thread/WARN] [Iris/]: Found fine program match for minecraft:pipeline/entity_translucent: HAND_TRANSLUCENT
[218月2026 05:36:33.029] [Render thread/WARN] [Iris/]: Found fine program match for minecraft:pipeline/entity_translucent_emissive: HAND_TRANSLUCENT
[218月2026 05:36:33.032] [Render thread/WARN] [Iris/]: Found fine program match for minecraft:pipeline/entity_cutout: HAND_CUTOUT
[218月2026 05:36:33.032] [Render thread/WARN] [Iris/]: Found fine program match for minecraft:pipeline/entity_translucent: HAND_TRANSLUCENT
[218月2026 05:36:33.032] [Render thread/WARN] [Iris/]: Found fine program match for minecraft:pipeline/entity_translucent_emissive: HAND_TRANSLUCENT
[218月2026 05:36:33.036] [Render thread/WARN] [Iris/]: Found fine program match for minecraft:pipeline/entity_cutout: HAND_CUTOUT
[218月2026 05:36:33.036] [Render thread/WARN] [Iris/]: Found fine program match for minecraft:pipeline/entity_translucent: HAND_TRANSLUCENT
[218月2026 05:36:33.036] [Render thread/WARN] [Iris/]: Found fine program match for minecraft:pipeline/entity_translucent_emissive: HAND_TRANSLUCENT
[218月2026 05:36:33.040] [Render thread/WARN] [Iris/]: Found fine program match for minecraft:pipeline/entity_cutout: HAND_CUTOUT
[218月2026 05:36:33.040] [Render thread/WARN] [Iris/]: Found fine program match for minecraft:pipeline/entity_translucent: HAND_TRANSLUCENT
[218月2026 05:36:33.040] [Render thread/WARN] [Iris/]: Found fine program match for minecraft:pipeline/entity_translucent_emissive: HAND_TRANSLUCENT
[218月2026 05:36:33.044] [Render thread/WARN] [Iris/]: Found fine program match for minecraft:pipeline/entity_cutout: HAND_CUTOUT
[218月2026 05:36:33.044] [Render thread/WARN] [Iris/]: Found fine program match for minecraft:pipeline/entity_translucent: HAND_TRANSLUCENT
[218月2026 05:36:33.044] [Render thread/WARN] [Iris/]: Found fine program match for minecraft:pipeline/entity_translucent_emissive: HAND_TRANSLUCENT
[218月2026 05:36:33.049] [Render thread/WARN] [Iris/]: Found fine program match for minecraft:pipeline/entity_cutout: HAND_CUTOUT
[218月2026 05:36:33.049] [Render thread/WARN] [Iris/]: Found fine program match for minecraft:pipeline/entity_translucent: HAND_TRANSLUCENT
[218月2026 05:36:33.049] [Render thread/WARN] [Iris/]: Found fine program match for minecraft:pipeline/entity_translucent_emissive: HAND_TRANSLUCENT
[218月2026 05:36:33.053] [Render thread/WARN] [Iris/]: Found fine program match for minecraft:pipeline/entity_cutout: HAND_CUTOUT
[218月2026 05:36:33.053] [Render thread/WARN] [Iris/]: Found fine program match for minecraft:pipeline/entity_translucent: HAND_TRANSLUCENT
[218月2026 05:36:33.053] [Render thread/WARN] [Iris/]: Found fine program match for minecraft:pipeline/entity_translucent_emissive: HAND_TRANSLUCENT
[218月2026 05:36:33.057] [Render thread/WARN] [Iris/]: Found fine program match for minecraft:pipeline/entity_cutout: HAND_CUTOUT
[218月2026 05:36:33.057] [Render thread/WARN] [Iris/]: Found fine program match for minecraft:pipeline/entity_translucent: HAND_TRANSLUCENT
[218月2026 05:36:33.057] [Render thread/WARN] [Iris/]: Found fine program match for minecraft:pipeline/entity_translucent_emissive: HAND_TRANSLUCENT
[218月2026 05:36:33.061] [Render thread/WARN] [Iris/]: Found fine program match for minecraft:pipeline/entity_cutout: HAND_CUTOUT
[218月2026 05:36:33.061] [Render thread/WARN] [Iris/]: Found fine program match for minecraft:pipeline/entity_translucent: HAND_TRANSLUCENT
[218月2026 05:36:33.061] [Render thread/WARN] [Iris/]: Found fine program match for minecraft:pipeline/entity_translucent_emissive: HAND_TRANSLUCENT
[218月2026 05:36:33.065] [Render thread/WARN] [Iris/]: Found fine program match for minecraft:pipeline/entity_cutout: HAND_CUTOUT
[218月2026 05:36:33.065] [Render thread/WARN] [Iris/]: Found fine program match for minecraft:pipeline/entity_translucent: HAND_TRANSLUCENT
[218月2026 05:36:33.065] [Render thread/WARN] [Iris/]: Found fine program match for minecraft:pipeline/entity_translucent_emissive: HAND_TRANSLUCENT
[218月2026 05:36:33.069] [Render thread/WARN] [Iris/]: Found fine program match for minecraft:pipeline/entity_cutout: HAND_CUTOUT
[218月2026 05:36:33.069] [Render thread/WARN] [Iris/]: Found fine program match for minecraft:pipeline/entity_translucent: HAND_TRANSLUCENT
[218月2026 05:36:33.069] [Render thread/WARN] [Iris/]: Found fine program match for minecraft:pipeline/entity_translucent_emissive: HAND_TRANSLUCENT
[218月2026 05:36:33.074] [Render thread/WARN] [Iris/]: Found fine program match for minecraft:pipeline/entity_cutout: HAND_CUTOUT
[218月2026 05:36:33.074] [Render thread/WARN] [Iris/]: Found fine program match for minecraft:pipeline/entity_translucent: HAND_TRANSLUCENT
[218月2026 05:36:33.074] [Render thread/WARN] [Iris/]: Found fine program match for minecraft:pipeline/entity_translucent_emissive: HAND_TRANSLUCENT
[218月2026 05:36:33.079] [Render thread/WARN] [Iris/]: Found fine program match for minecraft:pipeline/entity_cutout: HAND_CUTOUT
[218月2026 05:36:33.079] [Render thread/WARN] [Iris/]: Found fine program match for minecraft:pipeline/entity_translucent: HAND_TRANSLUCENT
[218月2026 05:36:33.079] [Render thread/WARN] [Iris/]: Found fine program match for minecraft:pipeline/entity_translucent_emissive: HAND_TRANSLUCENT
[218月2026 05:36:33.082] [Render thread/WARN] [Iris/]: Found fine program match for minecraft:pipeline/entity_cutout: HAND_CUTOUT
[218月2026 05:36:33.082] [Render thread/WARN] [Iris/]: Found fine program match for minecraft:pipeline/entity_translucent: HAND_TRANSLUCENT
[218月2026 05:36:33.082] [Render thread/WARN] [Iris/]: Found fine program match for minecraft:pipeline/entity_translucent_emissive: HAND_TRANSLUCENT
[218月2026 05:36:33.086] [Render thread/WARN] [Iris/]: Found fine program match for minecraft:pipeline/entity_cutout: HAND_CUTOUT
[218月2026 05:36:33.086] [Render thread/WARN] [Iris/]: Found fine program match for minecraft:pipeline/entity_translucent: HAND_TRANSLUCENT
[218月2026 05:36:33.086] [Render thread/WARN] [Iris/]: Found fine program match for minecraft:pipeline/entity_translucent_emissive: HAND_TRANSLUCENT
[218月2026 05:36:33.089] [Render thread/WARN] [Iris/]: Found fine program match for minecraft:pipeline/entity_cutout: HAND_CUTOUT
[218月2026 05:36:33.089] [Render thread/WARN] [Iris/]: Found fine program match for minecraft:pipeline/entity_translucent: HAND_TRANSLUCENT
[218月2026 05:36:33.089] [Render thread/WARN] [Iris/]: Found fine program match for minecraft:pipeline/entity_translucent_emissive: HAND_TRANSLUCENT
[218月2026 05:36:33.093] [Render thread/WARN] [Iris/]: Found fine program match for minecraft:pipeline/entity_cutout: HAND_CUTOUT
[218月2026 05:36:33.093] [Render thread/WARN] [Iris/]: Found fine program match for minecraft:pipeline/entity_translucent: HAND_TRANSLUCENT
[218月2026 05:36:33.093] [Render thread/WARN] [Iris/]: Found fine program match for minecraft:pipeline/entity_translucent_emissive: HAND_TRANSLUCENT
[218月2026 05:36:33.097] [Render thread/WARN] [Iris/]: Found fine program match for minecraft:pipeline/entity_cutout: HAND_CUTOUT
[218月2026 05:36:33.097] [Render thread/WARN] [Iris/]: Found fine program match for minecraft:pipeline/entity_translucent: HAND_TRANSLUCENT
[218月2026 05:36:33.097] [Render thread/WARN] [Iris/]: Found fine program match for minecraft:pipeline/entity_translucent_emissive: HAND_TRANSLUCENT
[218月2026 05:36:33.101] [Render thread/WARN] [Iris/]: Found fine program match for minecraft:pipeline/entity_cutout: HAND_CUTOUT
[218月2026 05:36:33.101] [Render thread/WARN] [Iris/]: Found fine program match for minecraft:pipeline/entity_translucent: HAND_TRANSLUCENT
[218月2026 05:36:33.101] [Render thread/WARN] [Iris/]: Found fine program match for minecraft:pipeline/entity_translucent_emissive: HAND_TRANSLUCENT
[218月2026 05:36:33.105] [Render thread/WARN] [Iris/]: Found fine program match for minecraft:pipeline/entity_cutout: HAND_CUTOUT
[218月2026 05:36:33.105] [Render thread/WARN] [Iris/]: Found fine program match for minecraft:pipeline/entity_translucent: HAND_TRANSLUCENT
[218月2026 05:36:33.105] [Render thread/WARN] [Iris/]: Found fine program match for minecraft:pipeline/entity_translucent_emissive: HAND_TRANSLUCENT
[218月2026 05:36:33.110] [Render thread/WARN] [Iris/]: Found fine program match for minecraft:pipeline/entity_cutout: HAND_CUTOUT
[218月2026 05:36:33.110] [Render thread/WARN] [Iris/]: Found fine program match for minecraft:pipeline/entity_translucent: HAND_TRANSLUCENT
[218月2026 05:36:33.110] [Render thread/WARN] [Iris/]: Found fine program match for minecraft:pipeline/entity_translucent_emissive: HAND_TRANSLUCENT
[218月2026 05:36:33.114] [Render thread/WARN] [Iris/]: Found fine program match for minecraft:pipeline/entity_cutout: HAND_CUTOUT
[218月2026 05:36:33.114] [Render thread/WARN] [Iris/]: Found fine program match for minecraft:pipeline/entity_translucent: HAND_TRANSLUCENT
[218月2026 05:36:33.114] [Render thread/WARN] [Iris/]: Found fine program match for minecraft:pipeline/entity_translucent_emissive: HAND_TRANSLUCENT
[218月2026 05:36:33.117] [Render thread/WARN] [Iris/]: Found fine program match for minecraft:pipeline/entity_cutout: HAND_CUTOUT
[218月2026 05:36:33.117] [Render thread/WARN] [Iris/]: Found fine program match for minecraft:pipeline/entity_translucent: HAND_TRANSLUCENT
[218月2026 05:36:33.117] [Render thread/WARN] [Iris/]: Found fine program match for minecraft:pipeline/entity_translucent_emissive: HAND_TRANSLUCENT
[218月2026 05:36:33.121] [Render thread/WARN] [Iris/]: Found fine program match for minecraft:pipeline/entity_cutout: HAND_CUTOUT
[218月2026 05:36:33.121] [Render thread/WARN] [Iris/]: Found fine program match for minecraft:pipeline/entity_translucent: HAND_TRANSLUCENT
[218月2026 05:36:33.121] [Render thread/WARN] [Iris/]: Found fine program match for minecraft:pipeline/entity_translucent_emissive: HAND_TRANSLUCENT
[218月2026 05:36:33.125] [Render thread/WARN] [Iris/]: Found fine program match for minecraft:pipeline/entity_cutout: HAND_CUTOUT
[218月2026 05:36:33.125] [Render thread/WARN] [Iris/]: Found fine program match for minecraft:pipeline/entity_translucent: HAND_TRANSLUCENT
[218月2026 05:36:33.125] [Render thread/WARN] [Iris/]: Found fine program match for minecraft:pipeline/entity_translucent_emissive: HAND_TRANSLUCENT
[218月2026 05:36:33.131] [Render thread/WARN] [Iris/]: Found fine program match for minecraft:pipeline/entity_cutout: HAND_CUTOUT
[218月2026 05:36:33.131] [Render thread/WARN] [Iris/]: Found fine program match for minecraft:pipeline/entity_translucent: HAND_TRANSLUCENT
[218月2026 05:36:33.131] [Render thread/WARN] [Iris/]: Found fine program match for minecraft:pipeline/entity_translucent_emissive: HAND_TRANSLUCENT
[218月2026 05:36:33.134] [Render thread/WARN] [Iris/]: Found fine program match for minecraft:pipeline/entity_cutout: HAND_CUTOUT
[218月2026 05:36:33.134] [Render thread/WARN] [Iris/]: Found fine program match for minecraft:pipeline/entity_translucent: HAND_TRANSLUCENT
[218月2026 05:36:33.135] [Render thread/WARN] [Iris/]: Found fine program match for minecraft:pipeline/entity_translucent_emissive: HAND_TRANSLUCENT
[218月2026 05:36:33.139] [Render thread/WARN] [Iris/]: Found fine program match for minecraft:pipeline/entity_cutout: HAND_CUTOUT
[218月2026 05:36:33.139] [Render thread/WARN] [Iris/]: Found fine program match for minecraft:pipeline/entity_translucent: HAND_TRANSLUCENT
[218月2026 05:36:33.139] [Render thread/WARN] [Iris/]: Found fine program match for minecraft:pipeline/entity_translucent_emissive: HAND_TRANSLUCENT
[218月2026 05:36:33.142] [Render thread/WARN] [Iris/]: Found fine program match for minecraft:pipeline/entity_cutout: HAND_CUTOUT
[218月2026 05:36:33.142] [Render thread/WARN] [Iris/]: Found fine program match for minecraft:pipeline/entity_translucent: HAND_TRANSLUCENT
[218月2026 05:36:33.142] [Render thread/WARN] [Iris/]: Found fine program match for minecraft:pipeline/entity_translucent_emissive: HAND_TRANSLUCENT
[218月2026 05:36:33.146] [Render thread/WARN] [Iris/]: Found fine program match for minecraft:pipeline/entity_cutout: HAND_CUTOUT
[218月2026 05:36:33.146] [Render thread/WARN] [Iris/]: Found fine program match for minecraft:pipeline/entity_translucent: HAND_TRANSLUCENT
[218月2026 05:36:33.146] [Render thread/WARN] [Iris/]: Found fine program match for minecraft:pipeline/entity_translucent_emissive: HAND_TRANSLUCENT
[218月2026 05:36:33.151] [Render thread/WARN] [Iris/]: Found fine program match for minecraft:pipeline/entity_cutout: HAND_CUTOUT
[218月2026 05:36:33.151] [Render thread/WARN] [Iris/]: Found fine program match for minecraft:pipeline/entity_translucent: HAND_TRANSLUCENT
[218月2026 05:36:33.151] [Render thread/WARN] [Iris/]: Found fine program match for minecraft:pipeline/entity_translucent_emissive: HAND_TRANSLUCENT
[218月2026 05:36:33.155] [Render thread/WARN] [Iris/]: Found fine program match for minecraft:pipeline/entity_cutout: HAND_CUTOUT
[218月2026 05:36:33.155] [Render thread/WARN] [Iris/]: Found fine program match for minecraft:pipeline/entity_translucent: HAND_TRANSLUCENT
[218月2026 05:36:33.155] [Render thread/WARN] [Iris/]: Found fine program match for minecraft:pipeline/entity_translucent_emissive: HAND_TRANSLUCENT
[218月2026 05:36:33.159] [Render thread/WARN] [Iris/]: Found fine program match for minecraft:pipeline/entity_cutout: HAND_CUTOUT
[218月2026 05:36:33.159] [Render thread/WARN] [Iris/]: Found fine program match for minecraft:pipeline/entity_translucent: HAND_TRANSLUCENT
[218月2026 05:36:33.159] [Render thread/WARN] [Iris/]: Found fine program match for minecraft:pipeline/entity_translucent_emissive: HAND_TRANSLUCENT
[218月2026 05:36:33.163] [Render thread/WARN] [Iris/]: Found fine program match for minecraft:pipeline/entity_cutout: HAND_CUTOUT
[218月2026 05:36:33.163] [Render thread/WARN] [Iris/]: Found fine program match for minecraft:pipeline/entity_translucent: HAND_TRANSLUCENT
[218月2026 05:36:33.163] [Render thread/WARN] [Iris/]: Found fine program match for minecraft:pipeline/entity_translucent_emissive: HAND_TRANSLUCENT
[218月2026 05:36:33.167] [Render thread/WARN] [Iris/]: Found fine program match for minecraft:pipeline/entity_cutout: HAND_CUTOUT
[218月2026 05:36:33.167] [Render thread/WARN] [Iris/]: Found fine program match for minecraft:pipeline/entity_translucent: HAND_TRANSLUCENT
[218月2026 05:36:33.167] [Render thread/WARN] [Iris/]: Found fine program match for minecraft:pipeline/entity_translucent_emissive: HAND_TRANSLUCENT
[218月2026 05:36:33.172] [Render thread/WARN] [Iris/]: Found fine program match for minecraft:pipeline/entity_cutout: HAND_CUTOUT
[218月2026 05:36:33.172] [Render thread/WARN] [Iris/]: Found fine program match for minecraft:pipeline/entity_translucent: HAND_TRANSLUCENT
[218月2026 05:36:33.172] [Render thread/WARN] [Iris/]: Found fine program match for minecraft:pipeline/entity_translucent_emissive: HAND_TRANSLUCENT
[218月2026 05:36:33.175] [Render thread/WARN] [Iris/]: Found fine program match for minecraft:pipeline/entity_cutout: HAND_CUTOUT
[218月2026 05:36:33.175] [Render thread/WARN] [Iris/]: Found fine program match for minecraft:pipeline/entity_translucent: HAND_TRANSLUCENT
[218月2026 05:36:33.175] [Render thread/WARN] [Iris/]: Found fine program match for minecraft:pipeline/entity_translucent_emissive: HAND_TRANSLUCENT
[218月2026 05:36:33.180] [Render thread/WARN] [Iris/]: Found fine program match for minecraft:pipeline/entity_cutout: HAND_CUTOUT
[218月2026 05:36:33.180] [Render thread/WARN] [Iris/]: Found fine program match for minecraft:pipeline/entity_translucent: HAND_TRANSLUCENT
[218月2026 05:36:33.180] [Render thread/WARN] [Iris/]: Found fine program match for minecraft:pipeline/entity_translucent_emissive: HAND_TRANSLUCENT
[218月2026 05:36:33.183] [Render thread/WARN] [Iris/]: Found fine program match for minecraft:pipeline/entity_cutout: HAND_CUTOUT
[218月2026 05:36:33.183] [Render thread/WARN] [Iris/]: Found fine program match for minecraft:pipeline/entity_translucent: HAND_TRANSLUCENT
[218月2026 05:36:33.183] [Render thread/WARN] [Iris/]: Found fine program match for minecraft:pipeline/entity_translucent_emissive: HAND_TRANSLUCENT
[218月2026 05:36:33.187] [Render thread/WARN] [Iris/]: Found fine program match for minecraft:pipeline/entity_cutout: HAND_CUTOUT
[218月2026 05:36:33.187] [Render thread/WARN] [Iris/]: Found fine program match for minecraft:pipeline/entity_translucent: HAND_TRANSLUCENT
[218月2026 05:36:33.187] [Render thread/WARN] [Iris/]: Found fine program match for minecraft:pipeline/entity_translucent_emissive: HAND_TRANSLUCENT
[218月2026 05:36:33.191] [Render thread/WARN] [Iris/]: Found fine program match for minecraft:pipeline/entity_cutout: HAND_CUTOUT
[218月2026 05:36:33.191] [Render thread/WARN] [Iris/]: Found fine program match for minecraft:pipeline/entity_translucent: HAND_TRANSLUCENT
[218月2026 05:36:33.191] [Render thread/WARN] [Iris/]: Found fine program match for minecraft:pipeline/entity_translucent_emissive: HAND_TRANSLUCENT
[218月2026 05:36:33.195] [Render thread/WARN] [Iris/]: Found fine program match for minecraft:pipeline/entity_cutout: HAND_CUTOUT
[218月2026 05:36:33.195] [Render thread/WARN] [Iris/]: Found fine program match for minecraft:pipeline/entity_translucent: HAND_TRANSLUCENT
[218月2026 05:36:33.195] [Render thread/WARN] [Iris/]: Found fine program match for minecraft:pipeline/entity_translucent_emissive: HAND_TRANSLUCENT
[218月2026 05:36:33.199] [Render thread/WARN] [Iris/]: Found fine program match for minecraft:pipeline/entity_cutout: HAND_CUTOUT
[218月2026 05:36:33.199] [Render thread/WARN] [Iris/]: Found fine program match for minecraft:pipeline/entity_translucent: HAND_TRANSLUCENT
[218月2026 05:36:33.199] [Render thread/WARN] [Iris/]: Found fine program match for minecraft:pipeline/entity_translucent_emissive: HAND_TRANSLUCENT
[218月2026 05:36:33.203] [Render thread/WARN] [Iris/]: Found fine program match for minecraft:pipeline/entity_cutout: HAND_CUTOUT
[218月2026 05:36:33.203] [Render thread/WARN] [Iris/]: Found fine program match for minecraft:pipeline/entity_translucent: HAND_TRANSLUCENT
[218月2026 05:36:33.203] [Render thread/WARN] [Iris/]: Found fine program match for minecraft:pipeline/entity_translucent_emissive: HAND_TRANSLUCENT
[218月2026 05:36:33.207] [Render thread/WARN] [Iris/]: Found fine program match for minecraft:pipeline/entity_cutout: HAND_CUTOUT
[218月2026 05:36:33.207] [Render thread/WARN] [Iris/]: Found fine program match for minecraft:pipeline/entity_translucent: HAND_TRANSLUCENT
[218月2026 05:36:33.207] [Render thread/WARN] [Iris/]: Found fine program match for minecraft:pipeline/entity_translucent_emissive: HAND_TRANSLUCENT
[218月2026 05:36:33.211] [Render thread/WARN] [Iris/]: Found fine program match for minecraft:pipeline/entity_cutout: HAND_CUTOUT
[218月2026 05:36:33.211] [Render thread/WARN] [Iris/]: Found fine program match for minecraft:pipeline/entity_translucent: HAND_TRANSLUCENT
[218月2026 05:36:33.211] [Render thread/WARN] [Iris/]: Found fine program match for minecraft:pipeline/entity_translucent_emissive: HAND_TRANSLUCENT
[218月2026 05:36:33.215] [Render thread/WARN] [Iris/]: Found fine program match for minecraft:pipeline/entity_cutout: HAND_CUTOUT
[218月2026 05:36:33.215] [Render thread/WARN] [Iris/]: Found fine program match for minecraft:pipeline/entity_translucent: HAND_TRANSLUCENT
[218月2026 05:36:33.215] [Render thread/WARN] [Iris/]: Found fine program match for minecraft:pipeline/entity_translucent_emissive: HAND_TRANSLUCENT
[218月2026 05:36:33.219] [Render thread/WARN] [Iris/]: Found fine program match for minecraft:pipeline/entity_cutout: HAND_CUTOUT
[218月2026 05:36:33.219] [Render thread/WARN] [Iris/]: Found fine program match for minecraft:pipeline/entity_translucent: HAND_TRANSLUCENT
[218月2026 05:36:33.219] [Render thread/WARN] [Iris/]: Found fine program match for minecraft:pipeline/entity_translucent_emissive: HAND_TRANSLUCENT
[218月2026 05:36:33.223] [Render thread/WARN] [Iris/]: Found fine program match for minecraft:pipeline/entity_cutout: HAND_CUTOUT
[218月2026 05:36:33.223] [Render thread/WARN] [Iris/]: Found fine program match for minecraft:pipeline/entity_translucent: HAND_TRANSLUCENT
[218月2026 05:36:33.223] [Render thread/WARN] [Iris/]: Found fine program match for minecraft:pipeline/entity_translucent_emissive: HAND_TRANSLUCENT
[218月2026 05:36:33.229] [Render thread/WARN] [Iris/]: Found fine program match for minecraft:pipeline/entity_cutout: HAND_CUTOUT
[218月2026 05:36:33.229] [Render thread/WARN] [Iris/]: Found fine program match for minecraft:pipeline/entity_translucent: HAND_TRANSLUCENT
[218月2026 05:36:33.229] [Render thread/WARN] [Iris/]: Found fine program match for minecraft:pipeline/entity_translucent_emissive: HAND_TRANSLUCENT
[218月2026 05:36:33.232] [Render thread/WARN] [Iris/]: Found fine program match for minecraft:pipeline/entity_cutout: HAND_CUTOUT
[218月2026 05:36:33.232] [Render thread/WARN] [Iris/]: Found fine program match for minecraft:pipeline/entity_translucent: HAND_TRANSLUCENT
[218月2026 05:36:33.232] [Render thread/WARN] [Iris/]: Found fine program match for minecraft:pipeline/entity_translucent_emissive: HAND_TRANSLUCENT
[218月2026 05:36:33.236] [Render thread/WARN] [Iris/]: Found fine program match for minecraft:pipeline/entity_cutout: HAND_CUTOUT
[218月2026 05:36:33.236] [Render thread/WARN] [Iris/]: Found fine program match for minecraft:pipeline/entity_translucent: HAND_TRANSLUCENT
[218月2026 05:36:33.236] [Render thread/WARN] [Iris/]: Found fine program match for minecraft:pipeline/entity_translucent_emissive: HAND_TRANSLUCENT
[218月2026 05:36:33.239] [Render thread/WARN] [Iris/]: Found fine program match for minecraft:pipeline/entity_cutout: HAND_CUTOUT
[218月2026 05:36:33.239] [Render thread/WARN] [Iris/]: Found fine program match for minecraft:pipeline/entity_translucent: HAND_TRANSLUCENT
[218月2026 05:36:33.239] [Render thread/WARN] [Iris/]: Found fine program match for minecraft:pipeline/entity_translucent_emissive: HAND_TRANSLUCENT
[218月2026 05:36:33.244] [Render thread/WARN] [Iris/]: Found fine program match for minecraft:pipeline/entity_cutout: HAND_CUTOUT
[218月2026 05:36:33.244] [Render thread/WARN] [Iris/]: Found fine program match for minecraft:pipeline/entity_translucent: HAND_TRANSLUCENT
[218月2026 05:36:33.244] [Render thread/WARN] [Iris/]: Found fine program match for minecraft:pipeline/entity_translucent_emissive: HAND_TRANSLUCENT
[218月2026 05:36:33.247] [Render thread/WARN] [Iris/]: Found fine program match for minecraft:pipeline/entity_cutout: HAND_CUTOUT
[218月2026 05:36:33.247] [Render thread/WARN] [Iris/]: Found fine program match for minecraft:pipeline/entity_translucent: HAND_TRANSLUCENT
[218月2026 05:36:33.247] [Render thread/WARN] [Iris/]: Found fine program match for minecraft:pipeline/entity_translucent_emissive: HAND_TRANSLUCENT
[218月2026 05:36:33.252] [Render thread/WARN] [Iris/]: Found fine program match for minecraft:pipeline/entity_cutout: HAND_CUTOUT
[218月2026 05:36:33.252] [Render thread/WARN] [Iris/]: Found fine program match for minecraft:pipeline/entity_translucent: HAND_TRANSLUCENT
[218月2026 05:36:33.252] [Render thread/WARN] [Iris/]: Found fine program match for minecraft:pipeline/entity_translucent_emissive: HAND_TRANSLUCENT
[218月2026 05:36:33.255] [Render thread/WARN] [Iris/]: Found fine program match for minecraft:pipeline/entity_cutout: HAND_CUTOUT
[218月2026 05:36:33.255] [Render thread/WARN] [Iris/]: Found fine program match for minecraft:pipeline/entity_translucent: HAND_TRANSLUCENT
[218月2026 05:36:33.255] [Render thread/WARN] [Iris/]: Found fine program match for minecraft:pipeline/entity_translucent_emissive: HAND_TRANSLUCENT
[218月2026 05:36:33.260] [Render thread/WARN] [Iris/]: Found fine program match for minecraft:pipeline/entity_cutout: HAND_CUTOUT
[218月2026 05:36:33.260] [Render thread/WARN] [Iris/]: Found fine program match for minecraft:pipeline/entity_translucent: HAND_TRANSLUCENT
[218月2026 05:36:33.260] [Render thread/WARN] [Iris/]: Found fine program match for minecraft:pipeline/entity_translucent_emissive: HAND_TRANSLUCENT
[218月2026 05:36:33.264] [Render thread/WARN] [Iris/]: Found fine program match for minecraft:pipeline/entity_cutout: HAND_CUTOUT
[218月2026 05:36:33.264] [Render thread/WARN] [Iris/]: Found fine program match for minecraft:pipeline/entity_translucent: HAND_TRANSLUCENT
[218月2026 05:36:33.264] [Render thread/WARN] [Iris/]: Found fine program match for minecraft:pipeline/entity_translucent_emissive: HAND_TRANSLUCENT
[218月2026 05:36:33.268] [Render thread/WARN] [Iris/]: Found fine program match for minecraft:pipeline/entity_cutout: HAND_CUTOUT
[218月2026 05:36:33.268] [Render thread/WARN] [Iris/]: Found fine program match for minecraft:pipeline/entity_translucent: HAND_TRANSLUCENT
[218月2026 05:36:33.268] [Render thread/WARN] [Iris/]: Found fine program match for minecraft:pipeline/entity_translucent_emissive: HAND_TRANSLUCENT
[218月2026 05:36:33.271] [Render thread/WARN] [Iris/]: Found fine program match for minecraft:pipeline/entity_cutout: HAND_CUTOUT
[218月2026 05:36:33.271] [Render thread/WARN] [Iris/]: Found fine program match for minecraft:pipeline/entity_translucent: HAND_TRANSLUCENT
[218月2026 05:36:33.271] [Render thread/WARN] [Iris/]: Found fine program match for minecraft:pipeline/entity_translucent_emissive: HAND_TRANSLUCENT
[218月2026 05:36:33.276] [Render thread/WARN] [Iris/]: Found fine program match for minecraft:pipeline/entity_cutout: HAND_CUTOUT
[218月2026 05:36:33.276] [Render thread/WARN] [Iris/]: Found fine program match for minecraft:pipeline/entity_translucent: HAND_TRANSLUCENT
[218月2026 05:36:33.276] [Render thread/WARN] [Iris/]: Found fine program match for minecraft:pipeline/entity_translucent_emissive: HAND_TRANSLUCENT
[218月2026 05:36:33.281] [Render thread/WARN] [Iris/]: Found fine program match for minecraft:pipeline/entity_cutout: HAND_CUTOUT
[218月2026 05:36:33.281] [Render thread/WARN] [Iris/]: Found fine program match for minecraft:pipeline/entity_translucent: HAND_TRANSLUCENT
[218月2026 05:36:33.281] [Render thread/WARN] [Iris/]: Found fine program match for minecraft:pipeline/entity_translucent_emissive: HAND_TRANSLUCENT
[218月2026 05:36:33.284] [Render thread/WARN] [Iris/]: Found fine program match for minecraft:pipeline/entity_cutout: HAND_CUTOUT
[218月2026 05:36:33.284] [Render thread/WARN] [Iris/]: Found fine program match for minecraft:pipeline/entity_translucent: HAND_TRANSLUCENT
[218月2026 05:36:33.285] [Render thread/WARN] [Iris/]: Found fine program match for minecraft:pipeline/entity_translucent_emissive: HAND_TRANSLUCENT
[218月2026 05:36:33.289] [Render thread/WARN] [Iris/]: Found fine program match for minecraft:pipeline/entity_cutout: HAND_CUTOUT
[218月2026 05:36:33.289] [Render thread/WARN] [Iris/]: Found fine program match for minecraft:pipeline/entity_translucent: HAND_TRANSLUCENT
[218月2026 05:36:33.289] [Render thread/WARN] [Iris/]: Found fine program match for minecraft:pipeline/entity_translucent_emissive: HAND_TRANSLUCENT
[218月2026 05:36:33.293] [Render thread/WARN] [Iris/]: Found fine program match for minecraft:pipeline/entity_cutout: HAND_CUTOUT
[218月2026 05:36:33.293] [Render thread/WARN] [Iris/]: Found fine program match for minecraft:pipeline/entity_translucent: HAND_TRANSLUCENT
[218月2026 05:36:33.293] [Render thread/WARN] [Iris/]: Found fine program match for minecraft:pipeline/entity_translucent_emissive: HAND_TRANSLUCENT
[218月2026 05:36:33.296] [Render thread/WARN] [Iris/]: Found fine program match for minecraft:pipeline/entity_cutout: HAND_CUTOUT
[218月2026 05:36:33.296] [Render thread/WARN] [Iris/]: Found fine program match for minecraft:pipeline/entity_translucent: HAND_TRANSLUCENT
[218月2026 05:36:33.296] [Render thread/WARN] [Iris/]: Found fine program match for minecraft:pipeline/entity_translucent_emissive: HAND_TRANSLUCENT
[218月2026 05:36:33.301] [Render thread/WARN] [Iris/]: Found fine program match for minecraft:pipeline/entity_cutout: HAND_CUTOUT
[218月2026 05:36:33.301] [Render thread/WARN] [Iris/]: Found fine program match for minecraft:pipeline/entity_translucent: HAND_TRANSLUCENT
[218月2026 05:36:33.301] [Render thread/WARN] [Iris/]: Found fine program match for minecraft:pipeline/entity_translucent_emissive: HAND_TRANSLUCENT
[218月2026 05:36:33.305] [Render thread/WARN] [Iris/]: Found fine program match for minecraft:pipeline/entity_cutout: HAND_CUTOUT
[218月2026 05:36:33.305] [Render thread/WARN] [Iris/]: Found fine program match for minecraft:pipeline/entity_translucent: HAND_TRANSLUCENT
[218月2026 05:36:33.305] [Render thread/WARN] [Iris/]: Found fine program match for minecraft:pipeline/entity_translucent_emissive: HAND_TRANSLUCENT
[218月2026 05:36:33.308] [Render thread/WARN] [Iris/]: Found fine program match for minecraft:pipeline/entity_cutout: HAND_CUTOUT
[218月2026 05:36:33.308] [Render thread/WARN] [Iris/]: Found fine program match for minecraft:pipeline/entity_translucent: HAND_TRANSLUCENT
[218月2026 05:36:33.308] [Render thread/WARN] [Iris/]: Found fine program match for minecraft:pipeline/entity_translucent_emissive: HAND_TRANSLUCENT
[218月2026 05:36:33.312] [Render thread/WARN] [Iris/]: Found fine program match for minecraft:pipeline/entity_cutout: HAND_CUTOUT
[218月2026 05:36:33.312] [Render thread/WARN] [Iris/]: Found fine program match for minecraft:pipeline/entity_translucent: HAND_TRANSLUCENT
[218月2026 05:36:33.312] [Render thread/WARN] [Iris/]: Found fine program match for minecraft:pipeline/entity_translucent_emissive: HAND_TRANSLUCENT
[218月2026 05:36:33.316] [Render thread/WARN] [Iris/]: Found fine program match for minecraft:pipeline/entity_cutout: HAND_CUTOUT
[218月2026 05:36:33.316] [Render thread/WARN] [Iris/]: Found fine program match for minecraft:pipeline/entity_translucent: HAND_TRANSLUCENT
[218月2026 05:36:33.316] [Render thread/WARN] [Iris/]: Found fine program match for minecraft:pipeline/entity_translucent_emissive: HAND_TRANSLUCENT
[218月2026 05:36:33.321] [Render thread/WARN] [Iris/]: Found fine program match for minecraft:pipeline/entity_cutout: HAND_CUTOUT
[218月2026 05:36:33.321] [Render thread/WARN] [Iris/]: Found fine program match for minecraft:pipeline/entity_translucent: HAND_TRANSLUCENT
[218月2026 05:36:33.321] [Render thread/WARN] [Iris/]: Found fine program match for minecraft:pipeline/entity_translucent_emissive: HAND_TRANSLUCENT
[218月2026 05:36:33.325] [Render thread/WARN] [Iris/]: Found fine program match for minecraft:pipeline/entity_cutout: HAND_CUTOUT
[218月2026 05:36:33.325] [Render thread/WARN] [Iris/]: Found fine program match for minecraft:pipeline/entity_translucent: HAND_TRANSLUCENT
[218月2026 05:36:33.325] [Render thread/WARN] [Iris/]: Found fine program match for minecraft:pipeline/entity_translucent_emissive: HAND_TRANSLUCENT
[218月2026 05:36:33.329] [Render thread/WARN] [Iris/]: Found fine program match for minecraft:pipeline/entity_cutout: HAND_CUTOUT
[218月2026 05:36:33.329] [Render thread/WARN] [Iris/]: Found fine program match for minecraft:pipeline/entity_translucent: HAND_TRANSLUCENT
[218月2026 05:36:33.330] [Render thread/WARN] [Iris/]: Found fine program match for minecraft:pipeline/entity_translucent_emissive: HAND_TRANSLUCENT
[218月2026 05:36:33.332] [Render thread/WARN] [Iris/]: Found fine program match for minecraft:pipeline/entity_cutout: HAND_CUTOUT
[218月2026 05:36:33.332] [Render thread/WARN] [Iris/]: Found fine program match for minecraft:pipeline/entity_translucent: HAND_TRANSLUCENT
[218月2026 05:36:33.332] [Render thread/WARN] [Iris/]: Found fine program match for minecraft:pipeline/entity_translucent_emissive: HAND_TRANSLUCENT
[218月2026 05:36:33.337] [Render thread/WARN] [Iris/]: Found fine program match for minecraft:pipeline/entity_cutout: HAND_CUTOUT
[218月2026 05:36:33.337] [Render thread/WARN] [Iris/]: Found fine program match for minecraft:pipeline/entity_translucent: HAND_TRANSLUCENT
[218月2026 05:36:33.337] [Render thread/WARN] [Iris/]: Found fine program match for minecraft:pipeline/entity_translucent_emissive: HAND_TRANSLUCENT
[218月2026 05:36:33.341] [Render thread/WARN] [Iris/]: Found fine program match for minecraft:pipeline/entity_cutout: HAND_CUTOUT
[218月2026 05:36:33.341] [Render thread/WARN] [Iris/]: Found fine program match for minecraft:pipeline/entity_translucent: HAND_TRANSLUCENT
[218月2026 05:36:33.341] [Render thread/WARN] [Iris/]: Found fine program match for minecraft:pipeline/entity_translucent_emissive: HAND_TRANSLUCENT
[218月2026 05:36:33.345] [Render thread/WARN] [Iris/]: Found fine program match for minecraft:pipeline/entity_cutout: HAND_CUTOUT
[218月2026 05:36:33.345] [Render thread/WARN] [Iris/]: Found fine program match for minecraft:pipeline/entity_translucent: HAND_TRANSLUCENT
[218月2026 05:36:33.345] [Render thread/WARN] [Iris/]: Found fine program match for minecraft:pipeline/entity_translucent_emissive: HAND_TRANSLUCENT
[218月2026 05:36:33.349] [Render thread/WARN] [Iris/]: Found fine program match for minecraft:pipeline/entity_cutout: HAND_CUTOUT
[218月2026 05:36:33.349] [Render thread/WARN] [Iris/]: Found fine program match for minecraft:pipeline/entity_translucent: HAND_TRANSLUCENT
[218月2026 05:36:33.349] [Render thread/WARN] [Iris/]: Found fine program match for minecraft:pipeline/entity_translucent_emissive: HAND_TRANSLUCENT
[218月2026 05:36:33.353] [Render thread/WARN] [Iris/]: Found fine program match for minecraft:pipeline/entity_cutout: HAND_CUTOUT
[218月2026 05:36:33.353] [Render thread/WARN] [Iris/]: Found fine program match for minecraft:pipeline/entity_translucent: HAND_TRANSLUCENT
[218月2026 05:36:33.353] [Render thread/WARN] [Iris/]: Found fine program match for minecraft:pipeline/entity_translucent_emissive: HAND_TRANSLUCENT
[218月2026 05:36:33.357] [Render thread/WARN] [Iris/]: Found fine program match for minecraft:pipeline/entity_cutout: HAND_CUTOUT
[218月2026 05:36:33.357] [Render thread/WARN] [Iris/]: Found fine program match for minecraft:pipeline/entity_translucent: HAND_TRANSLUCENT
[218月2026 05:36:33.357] [Render thread/WARN] [Iris/]: Found fine program match for minecraft:pipeline/entity_translucent_emissive: HAND_TRANSLUCENT
[218月2026 05:36:33.361] [Render thread/WARN] [Iris/]: Found fine program match for minecraft:pipeline/entity_cutout: HAND_CUTOUT
[218月2026 05:36:33.361] [Render thread/WARN] [Iris/]: Found fine program match for minecraft:pipeline/entity_translucent: HAND_TRANSLUCENT
[218月2026 05:36:33.361] [Render thread/WARN] [Iris/]: Found fine program match for minecraft:pipeline/entity_translucent_emissive: HAND_TRANSLUCENT
[218月2026 05:36:33.365] [Render thread/WARN] [Iris/]: Found fine program match for minecraft:pipeline/entity_cutout: HAND_CUTOUT
[218月2026 05:36:33.365] [Render thread/WARN] [Iris/]: Found fine program match for minecraft:pipeline/entity_translucent: HAND_TRANSLUCENT
[218月2026 05:36:33.365] [Render thread/WARN] [Iris/]: Found fine program match for minecraft:pipeline/entity_translucent_emissive: HAND_TRANSLUCENT
[218月2026 05:36:33.369] [Render thread/WARN] [Iris/]: Found fine program match for minecraft:pipeline/entity_cutout: HAND_CUTOUT
[218月2026 05:36:33.369] [Render thread/WARN] [Iris/]: Found fine program match for minecraft:pipeline/entity_translucent: HAND_TRANSLUCENT
[218月2026 05:36:33.369] [Render thread/WARN] [Iris/]: Found fine program match for minecraft:pipeline/entity_translucent_emissive: HAND_TRANSLUCENT
[218月2026 05:36:33.373] [Render thread/WARN] [Iris/]: Found fine program match for minecraft:pipeline/entity_cutout: HAND_CUTOUT
[218月2026 05:36:33.373] [Render thread/WARN] [Iris/]: Found fine program match for minecraft:pipeline/entity_translucent: HAND_TRANSLUCENT
[218月2026 05:36:33.374] [Render thread/WARN] [Iris/]: Found fine program match for minecraft:pipeline/entity_translucent_emissive: HAND_TRANSLUCENT
[218月2026 05:36:33.379] [Render thread/WARN] [Iris/]: Found fine program match for minecraft:pipeline/entity_cutout: HAND_CUTOUT
[218月2026 05:36:33.379] [Render thread/WARN] [Iris/]: Found fine program match for minecraft:pipeline/entity_translucent: HAND_TRANSLUCENT
[218月2026 05:36:33.379] [Render thread/WARN] [Iris/]: Found fine program match for minecraft:pipeline/entity_translucent_emissive: HAND_TRANSLUCENT
[218月2026 05:36:33.382] [Render thread/WARN] [Iris/]: Found fine program match for minecraft:pipeline/entity_cutout: HAND_CUTOUT
[218月2026 05:36:33.382] [Render thread/WARN] [Iris/]: Found fine program match for minecraft:pipeline/entity_translucent: HAND_TRANSLUCENT
[218月2026 05:36:33.382] [Render thread/WARN] [Iris/]: Found fine program match for minecraft:pipeline/entity_translucent_emissive: HAND_TRANSLUCENT
[218月2026 05:36:33.386] [Render thread/WARN] [Iris/]: Found fine program match for minecraft:pipeline/entity_cutout: HAND_CUTOUT
[218月2026 05:36:33.386] [Render thread/WARN] [Iris/]: Found fine program match for minecraft:pipeline/entity_translucent: HAND_TRANSLUCENT
[218月2026 05:36:33.386] [Render thread/WARN] [Iris/]: Found fine program match for minecraft:pipeline/entity_translucent_emissive: HAND_TRANSLUCENT
[218月2026 05:36:33.389] [Render thread/WARN] [Iris/]: Found fine program match for minecraft:pipeline/entity_cutout: HAND_CUTOUT
[218月2026 05:36:33.389] [Render thread/WARN] [Iris/]: Found fine program match for minecraft:pipeline/entity_translucent: HAND_TRANSLUCENT
[218月2026 05:36:33.389] [Render thread/WARN] [Iris/]: Found fine program match for minecraft:pipeline/entity_translucent_emissive: HAND_TRANSLUCENT
[218月2026 05:36:33.393] [Render thread/WARN] [Iris/]: Found fine program match for minecraft:pipeline/entity_cutout: HAND_CUTOUT
[218月2026 05:36:33.393] [Render thread/WARN] [Iris/]: Found fine program match for minecraft:pipeline/entity_translucent: HAND_TRANSLUCENT
[218月2026 05:36:33.393] [Render thread/WARN] [Iris/]: Found fine program match for minecraft:pipeline/entity_translucent_emissive: HAND_TRANSLUCENT
[218月2026 05:36:33.397] [Render thread/WARN] [Iris/]: Found fine program match for minecraft:pipeline/entity_cutout: HAND_CUTOUT
[218月2026 05:36:33.397] [Render thread/WARN] [Iris/]: Found fine program match for minecraft:pipeline/entity_translucent: HAND_TRANSLUCENT
[218月2026 05:36:33.398] [Render thread/WARN] [Iris/]: Found fine program match for minecraft:pipeline/entity_translucent_emissive: HAND_TRANSLUCENT
[218月2026 05:36:33.402] [Render thread/WARN] [Iris/]: Found fine program match for minecraft:pipeline/entity_cutout: HAND_CUTOUT
[218月2026 05:36:33.402] [Render thread/WARN] [Iris/]: Found fine program match for minecraft:pipeline/entity_translucent: HAND_TRANSLUCENT
[218月2026 05:36:33.402] [Render thread/WARN] [Iris/]: Found fine program match for minecraft:pipeline/entity_translucent_emissive: HAND_TRANSLUCENT
[218月2026 05:36:33.406] [Render thread/WARN] [Iris/]: Found fine program match for minecraft:pipeline/entity_cutout: HAND_CUTOUT
[218月2026 05:36:33.406] [Render thread/WARN] [Iris/]: Found fine program match for minecraft:pipeline/entity_translucent: HAND_TRANSLUCENT
[218月2026 05:36:33.406] [Render thread/WARN] [Iris/]: Found fine program match for minecraft:pipeline/entity_translucent_emissive: HAND_TRANSLUCENT
[218月2026 05:36:33.409] [Render thread/WARN] [Iris/]: Found fine program match for minecraft:pipeline/entity_cutout: HAND_CUTOUT
[218月2026 05:36:33.410] [Render thread/WARN] [Iris/]: Found fine program match for minecraft:pipeline/entity_translucent: HAND_TRANSLUCENT
[218月2026 05:36:33.410] [Render thread/WARN] [Iris/]: Found fine program match for minecraft:pipeline/entity_translucent_emissive: HAND_TRANSLUCENT
[218月2026 05:36:33.413] [Render thread/WARN] [Iris/]: Found fine program match for minecraft:pipeline/entity_cutout: HAND_CUTOUT
[218月2026 05:36:33.414] [Render thread/WARN] [Iris/]: Found fine program match for minecraft:pipeline/entity_translucent: HAND_TRANSLUCENT
[218月2026 05:36:33.414] [Render thread/WARN] [Iris/]: Found fine program match for minecraft:pipeline/entity_translucent_emissive: HAND_TRANSLUCENT
[218月2026 05:36:33.417] [Render thread/WARN] [Iris/]: Found fine program match for minecraft:pipeline/entity_cutout: HAND_CUTOUT
[218月2026 05:36:33.417] [Render thread/WARN] [Iris/]: Found fine program match for minecraft:pipeline/entity_translucent: HAND_TRANSLUCENT
[218月2026 05:36:33.418] [Render thread/WARN] [Iris/]: Found fine program match for minecraft:pipeline/entity_translucent_emissive: HAND_TRANSLUCENT
[218月2026 05:36:33.422] [Render thread/WARN] [Iris/]: Found fine program match for minecraft:pipeline/entity_cutout: HAND_CUTOUT
[218月2026 05:36:33.422] [Render thread/WARN] [Iris/]: Found fine program match for minecraft:pipeline/entity_translucent: HAND_TRANSLUCENT
[218月2026 05:36:33.422] [Render thread/WARN] [Iris/]: Found fine program match for minecraft:pipeline/entity_translucent_emissive: HAND_TRANSLUCENT
[218月2026 05:36:33.426] [Render thread/WARN] [Iris/]: Found fine program match for minecraft:pipeline/entity_cutout: HAND_CUTOUT
[218月2026 05:36:33.426] [Render thread/WARN] [Iris/]: Found fine program match for minecraft:pipeline/entity_translucent: HAND_TRANSLUCENT
[218月2026 05:36:33.426] [Render thread/WARN] [Iris/]: Found fine program match for minecraft:pipeline/entity_translucent_emissive: HAND_TRANSLUCENT
[218月2026 05:36:33.431] [Render thread/WARN] [Iris/]: Found fine program match for minecraft:pipeline/entity_cutout: HAND_CUTOUT
[218月2026 05:36:33.431] [Render thread/WARN] [Iris/]: Found fine program match for minecraft:pipeline/entity_translucent: HAND_TRANSLUCENT
[218月2026 05:36:33.431] [Render thread/WARN] [Iris/]: Found fine program match for minecraft:pipeline/entity_translucent_emissive: HAND_TRANSLUCENT
[218月2026 05:36:33.433] [Render thread/WARN] [Iris/]: Found fine program match for minecraft:pipeline/entity_cutout: HAND_CUTOUT
[218月2026 05:36:33.433] [Render thread/WARN] [Iris/]: Found fine program match for minecraft:pipeline/entity_translucent: HAND_TRANSLUCENT
[218月2026 05:36:33.434] [Render thread/WARN] [Iris/]: Found fine program match for minecraft:pipeline/entity_translucent_emissive: HAND_TRANSLUCENT
[218月2026 05:36:33.438] [Render thread/WARN] [Iris/]: Found fine program match for minecraft:pipeline/entity_cutout: HAND_CUTOUT
[218月2026 05:36:33.438] [Render thread/WARN] [Iris/]: Found fine program match for minecraft:pipeline/entity_translucent: HAND_TRANSLUCENT
[218月2026 05:36:33.438] [Render thread/WARN] [Iris/]: Found fine program match for minecraft:pipeline/entity_translucent_emissive: HAND_TRANSLUCENT
[218月2026 05:36:33.442] [Render thread/WARN] [Iris/]: Found fine program match for minecraft:pipeline/entity_cutout: HAND_CUTOUT
[218月2026 05:36:33.442] [Render thread/WARN] [Iris/]: Found fine program match for minecraft:pipeline/entity_translucent: HAND_TRANSLUCENT
[218月2026 05:36:33.442] [Render thread/WARN] [Iris/]: Found fine program match for minecraft:pipeline/entity_translucent_emissive: HAND_TRANSLUCENT
[218月2026 05:36:33.445] [Render thread/WARN] [Iris/]: Found fine program match for minecraft:pipeline/entity_cutout: HAND_CUTOUT
[218月2026 05:36:33.445] [Render thread/WARN] [Iris/]: Found fine program match for minecraft:pipeline/entity_translucent: HAND_TRANSLUCENT
[218月2026 05:36:33.445] [Render thread/WARN] [Iris/]: Found fine program match for minecraft:pipeline/entity_translucent_emissive: HAND_TRANSLUCENT
[218月2026 05:36:33.450] [Render thread/WARN] [Iris/]: Found fine program match for minecraft:pipeline/entity_cutout: HAND_CUTOUT
[218月2026 05:36:33.450] [Render thread/WARN] [Iris/]: Found fine program match for minecraft:pipeline/entity_translucent: HAND_TRANSLUCENT
[218月2026 05:36:33.450] [Render thread/WARN] [Iris/]: Found fine program match for minecraft:pipeline/entity_translucent_emissive: HAND_TRANSLUCENT
[218月2026 05:36:33.454] [Render thread/WARN] [Iris/]: Found fine program match for minecraft:pipeline/entity_cutout: HAND_CUTOUT
[218月2026 05:36:33.454] [Render thread/WARN] [Iris/]: Found fine program match for minecraft:pipeline/entity_translucent: HAND_TRANSLUCENT
[218月2026 05:36:33.454] [Render thread/WARN] [Iris/]: Found fine program match for minecraft:pipeline/entity_translucent_emissive: HAND_TRANSLUCENT
[218月2026 05:36:33.457] [Render thread/WARN] [Iris/]: Found fine program match for minecraft:pipeline/entity_cutout: HAND_CUTOUT
[218月2026 05:36:33.457] [Render thread/WARN] [Iris/]: Found fine program match for minecraft:pipeline/entity_translucent: HAND_TRANSLUCENT
[218月2026 05:36:33.457] [Render thread/WARN] [Iris/]: Found fine program match for minecraft:pipeline/entity_translucent_emissive: HAND_TRANSLUCENT
[218月2026 05:36:33.462] [Render thread/WARN] [Iris/]: Found fine program match for minecraft:pipeline/entity_cutout: HAND_CUTOUT
[218月2026 05:36:33.462] [Render thread/WARN] [Iris/]: Found fine program match for minecraft:pipeline/entity_translucent: HAND_TRANSLUCENT
[218月2026 05:36:33.462] [Render thread/WARN] [Iris/]: Found fine program match for minecraft:pipeline/entity_translucent_emissive: HAND_TRANSLUCENT
[218月2026 05:36:33.466] [Render thread/WARN] [Iris/]: Found fine program match for minecraft:pipeline/entity_cutout: HAND_CUTOUT
[218月2026 05:36:33.466] [Render thread/WARN] [Iris/]: Found fine program match for minecraft:pipeline/entity_translucent: HAND_TRANSLUCENT
[218月2026 05:36:33.466] [Render thread/WARN] [Iris/]: Found fine program match for minecraft:pipeline/entity_translucent_emissive: HAND_TRANSLUCENT
[218月2026 05:36:33.469] [Render thread/WARN] [Iris/]: Found fine program match for minecraft:pipeline/entity_cutout: HAND_CUTOUT
[218月2026 05:36:33.469] [Render thread/WARN] [Iris/]: Found fine program match for minecraft:pipeline/entity_translucent: HAND_TRANSLUCENT
[218月2026 05:36:33.469] [Render thread/WARN] [Iris/]: Found fine program match for minecraft:pipeline/entity_translucent_emissive: HAND_TRANSLUCENT
[218月2026 05:36:33.473] [Render thread/WARN] [Iris/]: Found fine program match for minecraft:pipeline/entity_cutout: HAND_CUTOUT
[218月2026 05:36:33.473] [Render thread/WARN] [Iris/]: Found fine program match for minecraft:pipeline/entity_translucent: HAND_TRANSLUCENT
[218月2026 05:36:33.473] [Render thread/WARN] [Iris/]: Found fine program match for minecraft:pipeline/entity_translucent_emissive: HAND_TRANSLUCENT
[218月2026 05:36:33.479] [Render thread/WARN] [Iris/]: Found fine program match for minecraft:pipeline/entity_cutout: HAND_CUTOUT
[218月2026 05:36:33.479] [Render thread/WARN] [Iris/]: Found fine program match for minecraft:pipeline/entity_translucent: HAND_TRANSLUCENT
[218月2026 05:36:33.479] [Render thread/WARN] [Iris/]: Found fine program match for minecraft:pipeline/entity_translucent_emissive: HAND_TRANSLUCENT
[218月2026 05:36:33.482] [Render thread/WARN] [Iris/]: Found fine program match for minecraft:pipeline/entity_cutout: HAND_CUTOUT
[218月2026 05:36:33.482] [Render thread/WARN] [Iris/]: Found fine program match for minecraft:pipeline/entity_translucent: HAND_TRANSLUCENT
[218月2026 05:36:33.482] [Render thread/WARN] [Iris/]: Found fine program match for minecraft:pipeline/entity_translucent_emissive: HAND_TRANSLUCENT
[218月2026 05:36:33.486] [Render thread/WARN] [Iris/]: Found fine program match for minecraft:pipeline/entity_cutout: HAND_CUTOUT
[218月2026 05:36:33.486] [Render thread/WARN] [Iris/]: Found fine program match for minecraft:pipeline/entity_translucent: HAND_TRANSLUCENT
[218月2026 05:36:33.486] [Render thread/WARN] [Iris/]: Found fine program match for minecraft:pipeline/entity_translucent_emissive: HAND_TRANSLUCENT
[218月2026 05:36:33.489] [Render thread/WARN] [Iris/]: Found fine program match for minecraft:pipeline/entity_cutout: HAND_CUTOUT
[218月2026 05:36:33.489] [Render thread/WARN] [Iris/]: Found fine program match for minecraft:pipeline/entity_translucent: HAND_TRANSLUCENT
[218月2026 05:36:33.489] [Render thread/WARN] [Iris/]: Found fine program match for minecraft:pipeline/entity_translucent_emissive: HAND_TRANSLUCENT
[218月2026 05:36:33.493] [Render thread/WARN] [Iris/]: Found fine program match for minecraft:pipeline/entity_cutout: HAND_CUTOUT
[218月2026 05:36:33.493] [Render thread/WARN] [Iris/]: Found fine program match for minecraft:pipeline/entity_translucent: HAND_TRANSLUCENT
[218月2026 05:36:33.493] [Render thread/WARN] [Iris/]: Found fine program match for minecraft:pipeline/entity_translucent_emissive: HAND_TRANSLUCENT
[218月2026 05:36:33.497] [Render thread/WARN] [Iris/]: Found fine program match for minecraft:pipeline/entity_cutout: HAND_CUTOUT
[218月2026 05:36:33.497] [Render thread/WARN] [Iris/]: Found fine program match for minecraft:pipeline/entity_translucent: HAND_TRANSLUCENT
[218月2026 05:36:33.497] [Render thread/WARN] [Iris/]: Found fine program match for minecraft:pipeline/entity_translucent_emissive: HAND_TRANSLUCENT
[218月2026 05:36:33.501] [Render thread/WARN] [Iris/]: Found fine program match for minecraft:pipeline/entity_cutout: HAND_CUTOUT
[218月2026 05:36:33.501] [Render thread/WARN] [Iris/]: Found fine program match for minecraft:pipeline/entity_translucent: HAND_TRANSLUCENT
[218月2026 05:36:33.501] [Render thread/WARN] [Iris/]: Found fine program match for minecraft:pipeline/entity_translucent_emissive: HAND_TRANSLUCENT
[218月2026 05:36:33.505] [Render thread/WARN] [Iris/]: Found fine program match for minecraft:pipeline/entity_cutout: HAND_CUTOUT
[218月2026 05:36:33.505] [Render thread/WARN] [Iris/]: Found fine program match for minecraft:pipeline/entity_translucent: HAND_TRANSLUCENT
[218月2026 05:36:33.505] [Render thread/WARN] [Iris/]: Found fine program match for minecraft:pipeline/entity_translucent_emissive: HAND_TRANSLUCENT
[218月2026 05:36:33.510] [Render thread/WARN] [Iris/]: Found fine program match for minecraft:pipeline/entity_cutout: HAND_CUTOUT
[218月2026 05:36:33.510] [Render thread/WARN] [Iris/]: Found fine program match for minecraft:pipeline/entity_translucent: HAND_TRANSLUCENT
[218月2026 05:36:33.510] [Render thread/WARN] [Iris/]: Found fine program match for minecraft:pipeline/entity_translucent_emissive: HAND_TRANSLUCENT
[218月2026 05:36:33.514] [Render thread/WARN] [Iris/]: Found fine program match for minecraft:pipeline/entity_cutout: HAND_CUTOUT
[218月2026 05:36:33.514] [Render thread/WARN] [Iris/]: Found fine program match for minecraft:pipeline/entity_translucent: HAND_TRANSLUCENT
[218月2026 05:36:33.514] [Render thread/WARN] [Iris/]: Found fine program match for minecraft:pipeline/entity_translucent_emissive: HAND_TRANSLUCENT
[218月2026 05:36:33.518] [Render thread/WARN] [Iris/]: Found fine program match for minecraft:pipeline/entity_cutout: HAND_CUTOUT
[218月2026 05:36:33.518] [Render thread/WARN] [Iris/]: Found fine program match for minecraft:pipeline/entity_translucent: HAND_TRANSLUCENT
[218月2026 05:36:33.518] [Render thread/WARN] [Iris/]: Found fine program match for minecraft:pipeline/entity_translucent_emissive: HAND_TRANSLUCENT
[218月2026 05:36:33.521] [Render thread/WARN] [Iris/]: Found fine program match for minecraft:pipeline/entity_cutout: HAND_CUTOUT
[218月2026 05:36:33.521] [Render thread/WARN] [Iris/]: Found fine program match for minecraft:pipeline/entity_translucent: HAND_TRANSLUCENT
[218月2026 05:36:33.521] [Render thread/WARN] [Iris/]: Found fine program match for minecraft:pipeline/entity_translucent_emissive: HAND_TRANSLUCENT
[218月2026 05:36:33.526] [Render thread/WARN] [Iris/]: Found fine program match for minecraft:pipeline/entity_cutout: HAND_CUTOUT
[218月2026 05:36:33.526] [Render thread/WARN] [Iris/]: Found fine program match for minecraft:pipeline/entity_translucent: HAND_TRANSLUCENT
[218月2026 05:36:33.526] [Render thread/WARN] [Iris/]: Found fine program match for minecraft:pipeline/entity_translucent_emissive: HAND_TRANSLUCENT
[218月2026 05:36:33.532] [Render thread/WARN] [Iris/]: Found fine program match for minecraft:pipeline/entity_cutout: HAND_CUTOUT
[218月2026 05:36:33.532] [Render thread/WARN] [Iris/]: Found fine program match for minecraft:pipeline/entity_translucent: HAND_TRANSLUCENT
[218月2026 05:36:33.532] [Render thread/WARN] [Iris/]: Found fine program match for minecraft:pipeline/entity_translucent_emissive: HAND_TRANSLUCENT
[218月2026 05:36:33.535] [Render thread/WARN] [Iris/]: Found fine program match for minecraft:pipeline/entity_cutout: HAND_CUTOUT
[218月2026 05:36:33.535] [Render thread/WARN] [Iris/]: Found fine program match for minecraft:pipeline/entity_translucent: HAND_TRANSLUCENT
[218月2026 05:36:33.535] [Render thread/WARN] [Iris/]: Found fine program match for minecraft:pipeline/entity_translucent_emissive: HAND_TRANSLUCENT
[218月2026 05:36:33.539] [Render thread/WARN] [Iris/]: Found fine program match for minecraft:pipeline/entity_cutout: HAND_CUTOUT
[218月2026 05:36:33.539] [Render thread/WARN] [Iris/]: Found fine program match for minecraft:pipeline/entity_translucent: HAND_TRANSLUCENT
[218月2026 05:36:33.539] [Render thread/WARN] [Iris/]: Found fine program match for minecraft:pipeline/entity_translucent_emissive: HAND_TRANSLUCENT
[218月2026 05:36:33.542] [Render thread/WARN] [Iris/]: Found fine program match for minecraft:pipeline/entity_cutout: HAND_CUTOUT
[218月2026 05:36:33.543] [Render thread/WARN] [Iris/]: Found fine program match for minecraft:pipeline/entity_translucent: HAND_TRANSLUCENT
[218月2026 05:36:33.543] [Render thread/WARN] [Iris/]: Found fine program match for minecraft:pipeline/entity_translucent_emissive: HAND_TRANSLUCENT
[218月2026 05:36:33.547] [Render thread/WARN] [Iris/]: Found fine program match for minecraft:pipeline/entity_cutout: HAND_CUTOUT
[218月2026 05:36:33.547] [Render thread/WARN] [Iris/]: Found fine program match for minecraft:pipeline/entity_translucent: HAND_TRANSLUCENT
[218月2026 05:36:33.547] [Render thread/WARN] [Iris/]: Found fine program match for minecraft:pipeline/entity_translucent_emissive: HAND_TRANSLUCENT
[218月2026 05:36:33.551] [Render thread/WARN] [Iris/]: Found fine program match for minecraft:pipeline/entity_cutout: HAND_CUTOUT
[218月2026 05:36:33.551] [Render thread/WARN] [Iris/]: Found fine program match for minecraft:pipeline/entity_translucent: HAND_TRANSLUCENT
[218月2026 05:36:33.551] [Render thread/WARN] [Iris/]: Found fine program match for minecraft:pipeline/entity_translucent_emissive: HAND_TRANSLUCENT
[218月2026 05:36:33.554] [Render thread/WARN] [Iris/]: Found fine program match for minecraft:pipeline/entity_cutout: HAND_CUTOUT
[218月2026 05:36:33.554] [Render thread/WARN] [Iris/]: Found fine program match for minecraft:pipeline/entity_translucent: HAND_TRANSLUCENT
[218月2026 05:36:33.554] [Render thread/WARN] [Iris/]: Found fine program match for minecraft:pipeline/entity_translucent_emissive: HAND_TRANSLUCENT
[218月2026 05:36:33.559] [Render thread/WARN] [Iris/]: Found fine program match for minecraft:pipeline/entity_cutout: HAND_CUTOUT
[218月2026 05:36:33.559] [Render thread/WARN] [Iris/]: Found fine program match for minecraft:pipeline/entity_translucent: HAND_TRANSLUCENT
[218月2026 05:36:33.559] [Render thread/WARN] [Iris/]: Found fine program match for minecraft:pipeline/entity_translucent_emissive: HAND_TRANSLUCENT
[218月2026 05:36:33.563] [Render thread/WARN] [Iris/]: Found fine program match for minecraft:pipeline/entity_cutout: HAND_CUTOUT
[218月2026 05:36:33.563] [Render thread/WARN] [Iris/]: Found fine program match for minecraft:pipeline/entity_translucent: HAND_TRANSLUCENT
[218月2026 05:36:33.563] [Render thread/WARN] [Iris/]: Found fine program match for minecraft:pipeline/entity_translucent_emissive: HAND_TRANSLUCENT
[218月2026 05:36:33.567] [Render thread/WARN] [Iris/]: Found fine program match for minecraft:pipeline/entity_cutout: HAND_CUTOUT
[218月2026 05:36:33.567] [Render thread/WARN] [Iris/]: Found fine program match for minecraft:pipeline/entity_translucent: HAND_TRANSLUCENT
[218月2026 05:36:33.567] [Render thread/WARN] [Iris/]: Found fine program match for minecraft:pipeline/entity_translucent_emissive: HAND_TRANSLUCENT
[218月2026 05:36:33.572] [Render thread/WARN] [Iris/]: Found fine program match for minecraft:pipeline/entity_cutout: HAND_CUTOUT
[218月2026 05:36:33.572] [Render thread/WARN] [Iris/]: Found fine program match for minecraft:pipeline/entity_translucent: HAND_TRANSLUCENT
[218月2026 05:36:33.572] [Render thread/WARN] [Iris/]: Found fine program match for minecraft:pipeline/entity_translucent_emissive: HAND_TRANSLUCENT
[218月2026 05:36:33.576] [Render thread/WARN] [Iris/]: Found fine program match for minecraft:pipeline/entity_cutout: HAND_CUTOUT
[218月2026 05:36:33.576] [Render thread/WARN] [Iris/]: Found fine program match for minecraft:pipeline/entity_translucent: HAND_TRANSLUCENT
[218月2026 05:36:33.576] [Render thread/WARN] [Iris/]: Found fine program match for minecraft:pipeline/entity_translucent_emissive: HAND_TRANSLUCENT
[218月2026 05:36:33.580] [Render thread/WARN] [Iris/]: Found fine program match for minecraft:pipeline/entity_cutout: HAND_CUTOUT
[218月2026 05:36:33.581] [Render thread/WARN] [Iris/]: Found fine program match for minecraft:pipeline/entity_translucent: HAND_TRANSLUCENT
[218月2026 05:36:33.581] [Render thread/WARN] [Iris/]: Found fine program match for minecraft:pipeline/entity_translucent_emissive: HAND_TRANSLUCENT
[218月2026 05:36:33.583] [Render thread/WARN] [Iris/]: Found fine program match for minecraft:pipeline/entity_cutout: HAND_CUTOUT
[218月2026 05:36:33.583] [Render thread/WARN] [Iris/]: Found fine program match for minecraft:pipeline/entity_translucent: HAND_TRANSLUCENT
[218月2026 05:36:33.583] [Render thread/WARN] [Iris/]: Found fine program match for minecraft:pipeline/entity_translucent_emissive: HAND_TRANSLUCENT
[218月2026 05:36:33.587] [Render thread/WARN] [Iris/]: Found fine program match for minecraft:pipeline/entity_cutout: HAND_CUTOUT
[218月2026 05:36:33.587] [Render thread/WARN] [Iris/]: Found fine program match for minecraft:pipeline/entity_translucent: HAND_TRANSLUCENT
[218月2026 05:36:33.587] [Render thread/WARN] [Iris/]: Found fine program match for minecraft:pipeline/entity_translucent_emissive: HAND_TRANSLUCENT
[218月2026 05:36:33.592] [Render thread/WARN] [Iris/]: Found fine program match for minecraft:pipeline/entity_cutout: HAND_CUTOUT
[218月2026 05:36:33.592] [Render thread/WARN] [Iris/]: Found fine program match for minecraft:pipeline/entity_translucent: HAND_TRANSLUCENT
[218月2026 05:36:33.592] [Render thread/WARN] [Iris/]: Found fine program match for minecraft:pipeline/entity_translucent_emissive: HAND_TRANSLUCENT
[218月2026 05:36:33.596] [Render thread/WARN] [Iris/]: Found fine program match for minecraft:pipeline/entity_cutout: HAND_CUTOUT
[218月2026 05:36:33.596] [Render thread/WARN] [Iris/]: Found fine program match for minecraft:pipeline/entity_translucent: HAND_TRANSLUCENT
[218月2026 05:36:33.596] [Render thread/WARN] [Iris/]: Found fine program match for minecraft:pipeline/entity_translucent_emissive: HAND_TRANSLUCENT
[218月2026 05:36:33.599] [Render thread/WARN] [Iris/]: Found fine program match for minecraft:pipeline/entity_cutout: HAND_CUTOUT
[218月2026 05:36:33.599] [Render thread/WARN] [Iris/]: Found fine program match for minecraft:pipeline/entity_translucent: HAND_TRANSLUCENT
[218月2026 05:36:33.599] [Render thread/WARN] [Iris/]: Found fine program match for minecraft:pipeline/entity_translucent_emissive: HAND_TRANSLUCENT
[218月2026 05:36:33.603] [Render thread/WARN] [Iris/]: Found fine program match for minecraft:pipeline/entity_cutout: HAND_CUTOUT
[218月2026 05:36:33.603] [Render thread/WARN] [Iris/]: Found fine program match for minecraft:pipeline/entity_translucent: HAND_TRANSLUCENT
[218月2026 05:36:33.603] [Render thread/WARN] [Iris/]: Found fine program match for minecraft:pipeline/entity_translucent_emissive: HAND_TRANSLUCENT
[218月2026 05:36:33.607] [Render thread/WARN] [Iris/]: Found fine program match for minecraft:pipeline/entity_cutout: HAND_CUTOUT
[218月2026 05:36:33.607] [Render thread/WARN] [Iris/]: Found fine program match for minecraft:pipeline/entity_translucent: HAND_TRANSLUCENT
[218月2026 05:36:33.607] [Render thread/WARN] [Iris/]: Found fine program match for minecraft:pipeline/entity_translucent_emissive: HAND_TRANSLUCENT
[218月2026 05:36:33.612] [Render thread/WARN] [Iris/]: Found fine program match for minecraft:pipeline/entity_cutout: HAND_CUTOUT
[218月2026 05:36:33.612] [Render thread/WARN] [Iris/]: Found fine program match for minecraft:pipeline/entity_translucent: HAND_TRANSLUCENT
[218月2026 05:36:33.612] [Render thread/WARN] [Iris/]: Found fine program match for minecraft:pipeline/entity_translucent_emissive: HAND_TRANSLUCENT
[218月2026 05:36:33.616] [Render thread/WARN] [Iris/]: Found fine program match for minecraft:pipeline/entity_cutout: HAND_CUTOUT
[218月2026 05:36:33.616] [Render thread/WARN] [Iris/]: Found fine program match for minecraft:pipeline/entity_translucent: HAND_TRANSLUCENT
[218月2026 05:36:33.616] [Render thread/WARN] [Iris/]: Found fine program match for minecraft:pipeline/entity_translucent_emissive: HAND_TRANSLUCENT
[218月2026 05:36:33.619] [Render thread/WARN] [Iris/]: Found fine program match for minecraft:pipeline/entity_cutout: HAND_CUTOUT
[218月2026 05:36:33.619] [Render thread/WARN] [Iris/]: Found fine program match for minecraft:pipeline/entity_translucent: HAND_TRANSLUCENT
[218月2026 05:36:33.619] [Render thread/WARN] [Iris/]: Found fine program match for minecraft:pipeline/entity_translucent_emissive: HAND_TRANSLUCENT
[218月2026 05:36:33.623] [Render thread/WARN] [Iris/]: Found fine program match for minecraft:pipeline/entity_cutout: HAND_CUTOUT
[218月2026 05:36:33.623] [Render thread/WARN] [Iris/]: Found fine program match for minecraft:pipeline/entity_translucent: HAND_TRANSLUCENT
[218月2026 05:36:33.623] [Render thread/WARN] [Iris/]: Found fine program match for minecraft:pipeline/entity_translucent_emissive: HAND_TRANSLUCENT
[218月2026 05:36:33.629] [Render thread/WARN] [Iris/]: Found fine program match for minecraft:pipeline/entity_cutout: HAND_CUTOUT
[218月2026 05:36:33.629] [Render thread/WARN] [Iris/]: Found fine program match for minecraft:pipeline/entity_translucent: HAND_TRANSLUCENT
[218月2026 05:36:33.629] [Render thread/WARN] [Iris/]: Found fine program match for minecraft:pipeline/entity_translucent_emissive: HAND_TRANSLUCENT
[218月2026 05:36:33.632] [Render thread/WARN] [Iris/]: Found fine program match for minecraft:pipeline/entity_cutout: HAND_CUTOUT
[218月2026 05:36:33.632] [Render thread/WARN] [Iris/]: Found fine program match for minecraft:pipeline/entity_translucent: HAND_TRANSLUCENT
[218月2026 05:36:33.632] [Render thread/WARN] [Iris/]: Found fine program match for minecraft:pipeline/entity_translucent_emissive: HAND_TRANSLUCENT
[218月2026 05:36:33.636] [Render thread/WARN] [Iris/]: Found fine program match for minecraft:pipeline/entity_cutout: HAND_CUTOUT
[218月2026 05:36:33.636] [Render thread/WARN] [Iris/]: Found fine program match for minecraft:pipeline/entity_translucent: HAND_TRANSLUCENT
[218月2026 05:36:33.636] [Render thread/WARN] [Iris/]: Found fine program match for minecraft:pipeline/entity_translucent_emissive: HAND_TRANSLUCENT
[218月2026 05:36:33.639] [Render thread/WARN] [Iris/]: Found fine program match for minecraft:pipeline/entity_cutout: HAND_CUTOUT
[218月2026 05:36:33.639] [Render thread/WARN] [Iris/]: Found fine program match for minecraft:pipeline/entity_translucent: HAND_TRANSLUCENT
[218月2026 05:36:33.639] [Render thread/WARN] [Iris/]: Found fine program match for minecraft:pipeline/entity_translucent_emissive: HAND_TRANSLUCENT
[218月2026 05:36:33.643] [Render thread/WARN] [Iris/]: Found fine program match for minecraft:pipeline/entity_cutout: HAND_CUTOUT
[218月2026 05:36:33.644] [Render thread/WARN] [Iris/]: Found fine program match for minecraft:pipeline/entity_translucent: HAND_TRANSLUCENT
[218月2026 05:36:33.644] [Render thread/WARN] [Iris/]: Found fine program match for minecraft:pipeline/entity_translucent_emissive: HAND_TRANSLUCENT
[218月2026 05:36:33.648] [Render thread/WARN] [Iris/]: Found fine program match for minecraft:pipeline/entity_cutout: HAND_CUTOUT
[218月2026 05:36:33.648] [Render thread/WARN] [Iris/]: Found fine program match for minecraft:pipeline/entity_translucent: HAND_TRANSLUCENT
[218月2026 05:36:33.648] [Render thread/WARN] [Iris/]: Found fine program match for minecraft:pipeline/entity_translucent_emissive: HAND_TRANSLUCENT
[218月2026 05:36:33.651] [Render thread/WARN] [Iris/]: Found fine program match for minecraft:pipeline/entity_cutout: HAND_CUTOUT
[218月2026 05:36:33.651] [Render thread/WARN] [Iris/]: Found fine program match for minecraft:pipeline/entity_translucent: HAND_TRANSLUCENT
[218月2026 05:36:33.651] [Render thread/WARN] [Iris/]: Found fine program match for minecraft:pipeline/entity_translucent_emissive: HAND_TRANSLUCENT
[218月2026 05:36:33.654] [Render thread/WARN] [Iris/]: Found fine program match for minecraft:pipeline/entity_cutout: HAND_CUTOUT
[218月2026 05:36:33.654] [Render thread/WARN] [Iris/]: Found fine program match for minecraft:pipeline/entity_translucent: HAND_TRANSLUCENT
[218月2026 05:36:33.656] [Render thread/WARN] [Iris/]: Found fine program match for minecraft:pipeline/entity_translucent_emissive: HAND_TRANSLUCENT
[218月2026 05:36:33.659] [Render thread/WARN] [Iris/]: Found fine program match for minecraft:pipeline/entity_cutout: HAND_CUTOUT
[218月2026 05:36:33.659] [Render thread/WARN] [Iris/]: Found fine program match for minecraft:pipeline/entity_translucent: HAND_TRANSLUCENT
[218月2026 05:36:33.659] [Render thread/WARN] [Iris/]: Found fine program match for minecraft:pipeline/entity_translucent_emissive: HAND_TRANSLUCENT
[218月2026 05:36:33.663] [Render thread/WARN] [Iris/]: Found fine program match for minecraft:pipeline/entity_cutout: HAND_CUTOUT
[218月2026 05:36:33.663] [Render thread/WARN] [Iris/]: Found fine program match for minecraft:pipeline/entity_translucent: HAND_TRANSLUCENT
[218月2026 05:36:33.663] [Render thread/WARN] [Iris/]: Found fine program match for minecraft:pipeline/entity_translucent_emissive: HAND_TRANSLUCENT
[218月2026 05:36:33.667] [Render thread/WARN] [Iris/]: Found fine program match for minecraft:pipeline/entity_cutout: HAND_CUTOUT
[218月2026 05:36:33.667] [Render thread/WARN] [Iris/]: Found fine program match for minecraft:pipeline/entity_translucent: HAND_TRANSLUCENT
[218月2026 05:36:33.667] [Render thread/WARN] [Iris/]: Found fine program match for minecraft:pipeline/entity_translucent_emissive: HAND_TRANSLUCENT
[218月2026 05:36:33.672] [Render thread/WARN] [Iris/]: Found fine program match for minecraft:pipeline/entity_cutout: HAND_CUTOUT
[218月2026 05:36:33.672] [Render thread/WARN] [Iris/]: Found fine program match for minecraft:pipeline/entity_translucent: HAND_TRANSLUCENT
[218月2026 05:36:33.672] [Render thread/WARN] [Iris/]: Found fine program match for minecraft:pipeline/entity_translucent_emissive: HAND_TRANSLUCENT
[218月2026 05:36:33.676] [Render thread/WARN] [Iris/]: Found fine program match for minecraft:pipeline/entity_cutout: HAND_CUTOUT
[218月2026 05:36:33.676] [Render thread/WARN] [Iris/]: Found fine program match for minecraft:pipeline/entity_translucent: HAND_TRANSLUCENT
[218月2026 05:36:33.676] [Render thread/WARN] [Iris/]: Found fine program match for minecraft:pipeline/entity_translucent_emissive: HAND_TRANSLUCENT
[218月2026 05:36:33.681] [Render thread/WARN] [Iris/]: Found fine program match for minecraft:pipeline/entity_cutout: HAND_CUTOUT
[218月2026 05:36:33.681] [Render thread/WARN] [Iris/]: Found fine program match for minecraft:pipeline/entity_translucent: HAND_TRANSLUCENT
[218月2026 05:36:33.681] [Render thread/WARN] [Iris/]: Found fine program match for minecraft:pipeline/entity_translucent_emissive: HAND_TRANSLUCENT
[218月2026 05:36:33.683] [Render thread/WARN] [Iris/]: Found fine program match for minecraft:pipeline/entity_cutout: HAND_CUTOUT
[218月2026 05:36:33.683] [Render thread/WARN] [Iris/]: Found fine program match for minecraft:pipeline/entity_translucent: HAND_TRANSLUCENT
[218月2026 05:36:33.683] [Render thread/WARN] [Iris/]: Found fine program match for minecraft:pipeline/entity_translucent_emissive: HAND_TRANSLUCENT
[218月2026 05:36:33.687] [Render thread/WARN] [Iris/]: Found fine program match for minecraft:pipeline/entity_cutout: HAND_CUTOUT
[218月2026 05:36:33.687] [Render thread/WARN] [Iris/]: Found fine program match for minecraft:pipeline/entity_translucent: HAND_TRANSLUCENT
[218月2026 05:36:33.687] [Render thread/WARN] [Iris/]: Found fine program match for minecraft:pipeline/entity_translucent_emissive: HAND_TRANSLUCENT
[218月2026 05:36:33.692] [Render thread/WARN] [Iris/]: Found fine program match for minecraft:pipeline/entity_cutout: HAND_CUTOUT
[218月2026 05:36:33.692] [Render thread/WARN] [Iris/]: Found fine program match for minecraft:pipeline/entity_translucent: HAND_TRANSLUCENT
[218月2026 05:36:33.692] [Render thread/WARN] [Iris/]: Found fine program match for minecraft:pipeline/entity_translucent_emissive: HAND_TRANSLUCENT
[218月2026 05:36:33.695] [Render thread/WARN] [Iris/]: Found fine program match for minecraft:pipeline/entity_cutout: HAND_CUTOUT
[218月2026 05:36:33.695] [Render thread/WARN] [Iris/]: Found fine program match for minecraft:pipeline/entity_translucent: HAND_TRANSLUCENT
[218月2026 05:36:33.695] [Render thread/WARN] [Iris/]: Found fine program match for minecraft:pipeline/entity_translucent_emissive: HAND_TRANSLUCENT
[218月2026 05:36:33.700] [Render thread/WARN] [Iris/]: Found fine program match for minecraft:pipeline/entity_cutout: HAND_CUTOUT
[218月2026 05:36:33.700] [Render thread/WARN] [Iris/]: Found fine program match for minecraft:pipeline/entity_translucent: HAND_TRANSLUCENT
[218月2026 05:36:33.700] [Render thread/WARN] [Iris/]: Found fine program match for minecraft:pipeline/entity_translucent_emissive: HAND_TRANSLUCENT
[218月2026 05:36:33.704] [Render thread/WARN] [Iris/]: Found fine program match for minecraft:pipeline/entity_cutout: HAND_CUTOUT
[218月2026 05:36:33.704] [Render thread/WARN] [Iris/]: Found fine program match for minecraft:pipeline/entity_translucent: HAND_TRANSLUCENT
[218月2026 05:36:33.704] [Render thread/WARN] [Iris/]: Found fine program match for minecraft:pipeline/entity_translucent_emissive: HAND_TRANSLUCENT
[218月2026 05:36:33.707] [Render thread/WARN] [Iris/]: Found fine program match for minecraft:pipeline/entity_cutout: HAND_CUTOUT
[218月2026 05:36:33.708] [Render thread/WARN] [Iris/]: Found fine program match for minecraft:pipeline/entity_translucent: HAND_TRANSLUCENT
[218月2026 05:36:33.708] [Render thread/WARN] [Iris/]: Found fine program match for minecraft:pipeline/entity_translucent_emissive: HAND_TRANSLUCENT
[218月2026 05:36:33.711] [Render thread/WARN] [Iris/]: Found fine program match for minecraft:pipeline/entity_cutout: HAND_CUTOUT
[218月2026 05:36:33.711] [Render thread/WARN] [Iris/]: Found fine program match for minecraft:pipeline/entity_translucent: HAND_TRANSLUCENT
[218月2026 05:36:33.711] [Render thread/WARN] [Iris/]: Found fine program match for minecraft:pipeline/entity_translucent_emissive: HAND_TRANSLUCENT
[218月2026 05:36:33.716] [Render thread/WARN] [Iris/]: Found fine program match for minecraft:pipeline/entity_cutout: HAND_CUTOUT
[218月2026 05:36:33.716] [Render thread/WARN] [Iris/]: Found fine program match for minecraft:pipeline/entity_translucent: HAND_TRANSLUCENT
[218月2026 05:36:33.716] [Render thread/WARN] [Iris/]: Found fine program match for minecraft:pipeline/entity_translucent_emissive: HAND_TRANSLUCENT
[218月2026 05:36:33.720] [Render thread/WARN] [Iris/]: Found fine program match for minecraft:pipeline/entity_cutout: HAND_CUTOUT
[218月2026 05:36:33.720] [Render thread/WARN] [Iris/]: Found fine program match for minecraft:pipeline/entity_translucent: HAND_TRANSLUCENT
[218月2026 05:36:33.720] [Render thread/WARN] [Iris/]: Found fine program match for minecraft:pipeline/entity_translucent_emissive: HAND_TRANSLUCENT
[218月2026 05:36:33.724] [Render thread/WARN] [Iris/]: Found fine program match for minecraft:pipeline/entity_cutout: HAND_CUTOUT
[218月2026 05:36:33.724] [Render thread/WARN] [Iris/]: Found fine program match for minecraft:pipeline/entity_translucent: HAND_TRANSLUCENT
[218月2026 05:36:33.724] [Render thread/WARN] [Iris/]: Found fine program match for minecraft:pipeline/entity_translucent_emissive: HAND_TRANSLUCENT
[218月2026 05:36:33.730] [Render thread/WARN] [Iris/]: Found fine program match for minecraft:pipeline/entity_cutout: HAND_CUTOUT
[218月2026 05:36:33.730] [Render thread/WARN] [Iris/]: Found fine program match for minecraft:pipeline/entity_translucent: HAND_TRANSLUCENT
[218月2026 05:36:33.730] [Render thread/WARN] [Iris/]: Found fine program match for minecraft:pipeline/entity_translucent_emissive: HAND_TRANSLUCENT
[218月2026 05:36:33.733] [Render thread/WARN] [Iris/]: Found fine program match for minecraft:pipeline/entity_cutout: HAND_CUTOUT
[218月2026 05:36:33.733] [Render thread/WARN] [Iris/]: Found fine program match for minecraft:pipeline/entity_translucent: HAND_TRANSLUCENT
[218月2026 05:36:33.733] [Render thread/WARN] [Iris/]: Found fine program match for minecraft:pipeline/entity_translucent_emissive: HAND_TRANSLUCENT
[218月2026 05:36:33.737] [Render thread/WARN] [Iris/]: Found fine program match for minecraft:pipeline/entity_cutout: HAND_CUTOUT
[218月2026 05:36:33.737] [Render thread/WARN] [Iris/]: Found fine program match for minecraft:pipeline/entity_translucent: HAND_TRANSLUCENT
[218月2026 05:36:33.737] [Render thread/WARN] [Iris/]: Found fine program match for minecraft:pipeline/entity_translucent_emissive: HAND_TRANSLUCENT
[218月2026 05:36:33.740] [Render thread/WARN] [Iris/]: Found fine program match for minecraft:pipeline/entity_cutout: HAND_CUTOUT
[218月2026 05:36:33.740] [Render thread/WARN] [Iris/]: Found fine program match for minecraft:pipeline/entity_translucent: HAND_TRANSLUCENT
[218月2026 05:36:33.740] [Render thread/WARN] [Iris/]: Found fine program match for minecraft:pipeline/entity_translucent_emissive: HAND_TRANSLUCENT
[218月2026 05:36:33.744] [Render thread/WARN] [Iris/]: Found fine program match for minecraft:pipeline/entity_cutout: HAND_CUTOUT
[218月2026 05:36:33.744] [Render thread/WARN] [Iris/]: Found fine program match for minecraft:pipeline/entity_translucent: HAND_TRANSLUCENT
[218月2026 05:36:33.744] [Render thread/WARN] [Iris/]: Found fine program match for minecraft:pipeline/entity_translucent_emissive: HAND_TRANSLUCENT
[218月2026 05:36:33.749] [Render thread/WARN] [Iris/]: Found fine program match for minecraft:pipeline/entity_cutout: HAND_CUTOUT
[218月2026 05:36:33.749] [Render thread/WARN] [Iris/]: Found fine program match for minecraft:pipeline/entity_translucent: HAND_TRANSLUCENT
[218月2026 05:36:33.749] [Render thread/WARN] [Iris/]: Found fine program match for minecraft:pipeline/entity_translucent_emissive: HAND_TRANSLUCENT
[218月2026 05:36:33.752] [Render thread/WARN] [Iris/]: Found fine program match for minecraft:pipeline/entity_cutout: HAND_CUTOUT
[218月2026 05:36:33.752] [Render thread/WARN] [Iris/]: Found fine program match for minecraft:pipeline/entity_translucent: HAND_TRANSLUCENT
[218月2026 05:36:33.752] [Render thread/WARN] [Iris/]: Found fine program match for minecraft:pipeline/entity_translucent_emissive: HAND_TRANSLUCENT
[218月2026 05:36:33.757] [Render thread/WARN] [Iris/]: Found fine program match for minecraft:pipeline/entity_cutout: HAND_CUTOUT
[218月2026 05:36:33.757] [Render thread/WARN] [Iris/]: Found fine program match for minecraft:pipeline/entity_translucent: HAND_TRANSLUCENT
[218月2026 05:36:33.757] [Render thread/WARN] [Iris/]: Found fine program match for minecraft:pipeline/entity_translucent_emissive: HAND_TRANSLUCENT
[218月2026 05:36:33.760] [Render thread/WARN] [Iris/]: Found fine program match for minecraft:pipeline/entity_cutout: HAND_CUTOUT
[218月2026 05:36:33.760] [Render thread/WARN] [Iris/]: Found fine program match for minecraft:pipeline/entity_translucent: HAND_TRANSLUCENT
[218月2026 05:36:33.760] [Render thread/WARN] [Iris/]: Found fine program match for minecraft:pipeline/entity_translucent_emissive: HAND_TRANSLUCENT
[218月2026 05:36:33.764] [Render thread/WARN] [Iris/]: Found fine program match for minecraft:pipeline/entity_cutout: HAND_CUTOUT
[218月2026 05:36:33.764] [Render thread/WARN] [Iris/]: Found fine program match for minecraft:pipeline/entity_translucent: HAND_TRANSLUCENT
[218月2026 05:36:33.764] [Render thread/WARN] [Iris/]: Found fine program match for minecraft:pipeline/entity_translucent_emissive: HAND_TRANSLUCENT
[218月2026 05:36:33.769] [Render thread/WARN] [Iris/]: Found fine program match for minecraft:pipeline/entity_cutout: HAND_CUTOUT
[218月2026 05:36:33.769] [Render thread/WARN] [Iris/]: Found fine program match for minecraft:pipeline/entity_translucent: HAND_TRANSLUCENT
[218月2026 05:36:33.769] [Render thread/WARN] [Iris/]: Found fine program match for minecraft:pipeline/entity_translucent_emissive: HAND_TRANSLUCENT
[218月2026 05:36:33.772] [Render thread/WARN] [Iris/]: Found fine program match for minecraft:pipeline/entity_cutout: HAND_CUTOUT
[218月2026 05:36:33.772] [Render thread/WARN] [Iris/]: Found fine program match for minecraft:pipeline/entity_translucent: HAND_TRANSLUCENT
[218月2026 05:36:33.772] [Render thread/WARN] [Iris/]: Found fine program match for minecraft:pipeline/entity_translucent_emissive: HAND_TRANSLUCENT
[218月2026 05:36:33.776] [Render thread/WARN] [Iris/]: Found fine program match for minecraft:pipeline/entity_cutout: HAND_CUTOUT
[218月2026 05:36:33.776] [Render thread/WARN] [Iris/]: Found fine program match for minecraft:pipeline/entity_translucent: HAND_TRANSLUCENT
[218月2026 05:36:33.776] [Render thread/WARN] [Iris/]: Found fine program match for minecraft:pipeline/entity_translucent_emissive: HAND_TRANSLUCENT
[218月2026 05:36:33.782] [Render thread/WARN] [Iris/]: Found fine program match for minecraft:pipeline/entity_cutout: HAND_CUTOUT
[218月2026 05:36:33.782] [Render thread/WARN] [Iris/]: Found fine program match for minecraft:pipeline/entity_translucent: HAND_TRANSLUCENT
[218月2026 05:36:33.782] [Render thread/WARN] [Iris/]: Found fine program match for minecraft:pipeline/entity_translucent_emissive: HAND_TRANSLUCENT
[218月2026 05:36:33.785] [Render thread/WARN] [Iris/]: Found fine program match for minecraft:pipeline/entity_cutout: HAND_CUTOUT
[218月2026 05:36:33.785] [Render thread/WARN] [Iris/]: Found fine program match for minecraft:pipeline/entity_translucent: HAND_TRANSLUCENT
[218月2026 05:36:33.785] [Render thread/WARN] [Iris/]: Found fine program match for minecraft:pipeline/entity_translucent_emissive: HAND_TRANSLUCENT
[218月2026 05:36:33.789] [Render thread/WARN] [Iris/]: Found fine program match for minecraft:pipeline/entity_cutout: HAND_CUTOUT
[218月2026 05:36:33.789] [Render thread/WARN] [Iris/]: Found fine program match for minecraft:pipeline/entity_translucent: HAND_TRANSLUCENT
[218月2026 05:36:33.789] [Render thread/WARN] [Iris/]: Found fine program match for minecraft:pipeline/entity_translucent_emissive: HAND_TRANSLUCENT
[218月2026 05:36:33.792] [Render thread/WARN] [Iris/]: Found fine program match for minecraft:pipeline/entity_cutout: HAND_CUTOUT
[218月2026 05:36:33.792] [Render thread/WARN] [Iris/]: Found fine program match for minecraft:pipeline/entity_translucent: HAND_TRANSLUCENT
[218月2026 05:36:33.792] [Render thread/WARN] [Iris/]: Found fine program match for minecraft:pipeline/entity_translucent_emissive: HAND_TRANSLUCENT
[218月2026 05:36:33.796] [Render thread/WARN] [Iris/]: Found fine program match for minecraft:pipeline/entity_cutout: HAND_CUTOUT
[218月2026 05:36:33.796] [Render thread/WARN] [Iris/]: Found fine program match for minecraft:pipeline/entity_translucent: HAND_TRANSLUCENT
[218月2026 05:36:33.796] [Render thread/WARN] [Iris/]: Found fine program match for minecraft:pipeline/entity_translucent_emissive: HAND_TRANSLUCENT
[218月2026 05:36:33.800] [Render thread/WARN] [Iris/]: Found fine program match for minecraft:pipeline/entity_cutout: HAND_CUTOUT
[218月2026 05:36:33.800] [Render thread/WARN] [Iris/]: Found fine program match for minecraft:pipeline/entity_translucent: HAND_TRANSLUCENT
[218月2026 05:36:33.800] [Render thread/WARN] [Iris/]: Found fine program match for minecraft:pipeline/entity_translucent_emissive: HAND_TRANSLUCENT
[218月2026 05:36:33.804] [Render thread/WARN] [Iris/]: Found fine program match for minecraft:pipeline/entity_cutout: HAND_CUTOUT
[218月2026 05:36:33.804] [Render thread/WARN] [Iris/]: Found fine program match for minecraft:pipeline/entity_translucent: HAND_TRANSLUCENT
[218月2026 05:36:33.804] [Render thread/WARN] [Iris/]: Found fine program match for minecraft:pipeline/entity_translucent_emissive: HAND_TRANSLUCENT
[218月2026 05:36:33.809] [Render thread/WARN] [Iris/]: Found fine program match for minecraft:pipeline/entity_cutout: HAND_CUTOUT
[218月2026 05:36:33.809] [Render thread/WARN] [Iris/]: Found fine program match for minecraft:pipeline/entity_translucent: HAND_TRANSLUCENT
[218月2026 05:36:33.809] [Render thread/WARN] [Iris/]: Found fine program match for minecraft:pipeline/entity_translucent_emissive: HAND_TRANSLUCENT
[218月2026 05:36:33.813] [Render thread/WARN] [Iris/]: Found fine program match for minecraft:pipeline/entity_cutout: HAND_CUTOUT
[218月2026 05:36:33.813] [Render thread/WARN] [Iris/]: Found fine program match for minecraft:pipeline/entity_translucent: HAND_TRANSLUCENT
[218月2026 05:36:33.813] [Render thread/WARN] [Iris/]: Found fine program match for minecraft:pipeline/entity_translucent_emissive: HAND_TRANSLUCENT
[218月2026 05:36:33.817] [Render thread/WARN] [Iris/]: Found fine program match for minecraft:pipeline/entity_cutout: HAND_CUTOUT
[218月2026 05:36:33.817] [Render thread/WARN] [Iris/]: Found fine program match for minecraft:pipeline/entity_translucent: HAND_TRANSLUCENT
[218月2026 05:36:33.817] [Render thread/WARN] [Iris/]: Found fine program match for minecraft:pipeline/entity_translucent_emissive: HAND_TRANSLUCENT
[218月2026 05:36:33.820] [Render thread/WARN] [Iris/]: Found fine program match for minecraft:pipeline/entity_cutout: HAND_CUTOUT
[218月2026 05:36:33.820] [Render thread/WARN] [Iris/]: Found fine program match for minecraft:pipeline/entity_translucent: HAND_TRANSLUCENT
[218月2026 05:36:33.820] [Render thread/WARN] [Iris/]: Found fine program match for minecraft:pipeline/entity_translucent_emissive: HAND_TRANSLUCENT
[218月2026 05:36:33.824] [Render thread/WARN] [Iris/]: Found fine program match for minecraft:pipeline/entity_cutout: HAND_CUTOUT
[218月2026 05:36:33.824] [Render thread/WARN] [Iris/]: Found fine program match for minecraft:pipeline/entity_translucent: HAND_TRANSLUCENT
[218月2026 05:36:33.824] [Render thread/WARN] [Iris/]: Found fine program match for minecraft:pipeline/entity_translucent_emissive: HAND_TRANSLUCENT
[218月2026 05:36:33.830] [Render thread/WARN] [Iris/]: Found fine program match for minecraft:pipeline/entity_cutout: HAND_CUTOUT
[218月2026 05:36:33.830] [Render thread/WARN] [Iris/]: Found fine program match for minecraft:pipeline/entity_translucent: HAND_TRANSLUCENT
[218月2026 05:36:33.830] [Render thread/WARN] [Iris/]: Found fine program match for minecraft:pipeline/entity_translucent_emissive: HAND_TRANSLUCENT
[218月2026 05:36:33.833] [Render thread/WARN] [Iris/]: Found fine program match for minecraft:pipeline/entity_cutout: HAND_CUTOUT
[218月2026 05:36:33.833] [Render thread/WARN] [Iris/]: Found fine program match for minecraft:pipeline/entity_translucent: HAND_TRANSLUCENT
[218月2026 05:36:33.833] [Render thread/WARN] [Iris/]: Found fine program match for minecraft:pipeline/entity_translucent_emissive: HAND_TRANSLUCENT
[218月2026 05:36:33.837] [Render thread/WARN] [Iris/]: Found fine program match for minecraft:pipeline/entity_cutout: HAND_CUTOUT
[218月2026 05:36:33.837] [Render thread/WARN] [Iris/]: Found fine program match for minecraft:pipeline/entity_translucent: HAND_TRANSLUCENT
[218月2026 05:36:33.837] [Render thread/WARN] [Iris/]: Found fine program match for minecraft:pipeline/entity_translucent_emissive: HAND_TRANSLUCENT
[218月2026 05:36:33.841] [Render thread/WARN] [Iris/]: Found fine program match for minecraft:pipeline/entity_cutout: HAND_CUTOUT
[218月2026 05:36:33.841] [Render thread/WARN] [Iris/]: Found fine program match for minecraft:pipeline/entity_translucent: HAND_TRANSLUCENT
[218月2026 05:36:33.841] [Render thread/WARN] [Iris/]: Found fine program match for minecraft:pipeline/entity_translucent_emissive: HAND_TRANSLUCENT
[218月2026 05:36:33.845] [Render thread/WARN] [Iris/]: Found fine program match for minecraft:pipeline/entity_cutout: HAND_CUTOUT
[218月2026 05:36:33.845] [Render thread/WARN] [Iris/]: Found fine program match for minecraft:pipeline/entity_translucent: HAND_TRANSLUCENT
[218月2026 05:36:33.845] [Render thread/WARN] [Iris/]: Found fine program match for minecraft:pipeline/entity_translucent_emissive: HAND_TRANSLUCENT
[218月2026 05:36:33.849] [Render thread/WARN] [Iris/]: Found fine program match for minecraft:pipeline/entity_cutout: HAND_CUTOUT
[218月2026 05:36:33.849] [Render thread/WARN] [Iris/]: Found fine program match for minecraft:pipeline/entity_translucent: HAND_TRANSLUCENT
[218月2026 05:36:33.849] [Render thread/WARN] [Iris/]: Found fine program match for minecraft:pipeline/entity_translucent_emissive: HAND_TRANSLUCENT
[218月2026 05:36:33.853] [Render thread/WARN] [Iris/]: Found fine program match for minecraft:pipeline/entity_cutout: HAND_CUTOUT
[218月2026 05:36:33.853] [Render thread/WARN] [Iris/]: Found fine program match for minecraft:pipeline/entity_translucent: HAND_TRANSLUCENT
[218月2026 05:36:33.853] [Render thread/WARN] [Iris/]: Found fine program match for minecraft:pipeline/entity_translucent_emissive: HAND_TRANSLUCENT
[218月2026 05:36:33.857] [Render thread/WARN] [Iris/]: Found fine program match for minecraft:pipeline/entity_cutout: HAND_CUTOUT
[218月2026 05:36:33.857] [Render thread/WARN] [Iris/]: Found fine program match for minecraft:pipeline/entity_translucent: HAND_TRANSLUCENT
[218月2026 05:36:33.857] [Render thread/WARN] [Iris/]: Found fine program match for minecraft:pipeline/entity_translucent_emissive: HAND_TRANSLUCENT
[218月2026 05:36:33.861] [Render thread/WARN] [Iris/]: Found fine program match for minecraft:pipeline/entity_cutout: HAND_CUTOUT
[218月2026 05:36:33.861] [Render thread/WARN] [Iris/]: Found fine program match for minecraft:pipeline/entity_translucent: HAND_TRANSLUCENT
[218月2026 05:36:33.861] [Render thread/WARN] [Iris/]: Found fine program match for minecraft:pipeline/entity_translucent_emissive: HAND_TRANSLUCENT
[218月2026 05:36:33.866] [Render thread/WARN] [Iris/]: Found fine program match for minecraft:pipeline/entity_cutout: HAND_CUTOUT
[218月2026 05:36:33.866] [Render thread/WARN] [Iris/]: Found fine program match for minecraft:pipeline/entity_translucent: HAND_TRANSLUCENT
[218月2026 05:36:33.866] [Render thread/WARN] [Iris/]: Found fine program match for minecraft:pipeline/entity_translucent_emissive: HAND_TRANSLUCENT
[218月2026 05:36:33.870] [Render thread/WARN] [Iris/]: Found fine program match for minecraft:pipeline/entity_cutout: HAND_CUTOUT
[218月2026 05:36:33.870] [Render thread/WARN] [Iris/]: Found fine program match for minecraft:pipeline/entity_translucent: HAND_TRANSLUCENT
[218月2026 05:36:33.870] [Render thread/WARN] [Iris/]: Found fine program match for minecraft:pipeline/entity_translucent_emissive: HAND_TRANSLUCENT
[218月2026 05:36:33.874] [Render thread/WARN] [Iris/]: Found fine program match for minecraft:pipeline/entity_cutout: HAND_CUTOUT
[218月2026 05:36:33.874] [Render thread/WARN] [Iris/]: Found fine program match for minecraft:pipeline/entity_translucent: HAND_TRANSLUCENT
[218月2026 05:36:33.874] [Render thread/WARN] [Iris/]: Found fine program match for minecraft:pipeline/entity_translucent_emissive: HAND_TRANSLUCENT
[218月2026 05:36:33.880] [Render thread/WARN] [Iris/]: Found fine program match for minecraft:pipeline/entity_cutout: HAND_CUTOUT
[218月2026 05:36:33.880] [Render thread/WARN] [Iris/]: Found fine program match for minecraft:pipeline/entity_translucent: HAND_TRANSLUCENT
[218月2026 05:36:33.880] [Render thread/WARN] [Iris/]: Found fine program match for minecraft:pipeline/entity_translucent_emissive: HAND_TRANSLUCENT
[218月2026 05:36:33.883] [Render thread/WARN] [Iris/]: Found fine program match for minecraft:pipeline/entity_cutout: HAND_CUTOUT
[218月2026 05:36:33.883] [Render thread/WARN] [Iris/]: Found fine program match for minecraft:pipeline/entity_translucent: HAND_TRANSLUCENT
[218月2026 05:36:33.883] [Render thread/WARN] [Iris/]: Found fine program match for minecraft:pipeline/entity_translucent_emissive: HAND_TRANSLUCENT
[218月2026 05:36:33.887] [Render thread/WARN] [Iris/]: Found fine program match for minecraft:pipeline/entity_cutout: HAND_CUTOUT
[218月2026 05:36:33.887] [Render thread/WARN] [Iris/]: Found fine program match for minecraft:pipeline/entity_translucent: HAND_TRANSLUCENT
[218月2026 05:36:33.887] [Render thread/WARN] [Iris/]: Found fine program match for minecraft:pipeline/entity_translucent_emissive: HAND_TRANSLUCENT
[218月2026 05:36:33.890] [Render thread/WARN] [Iris/]: Found fine program match for minecraft:pipeline/entity_cutout: HAND_CUTOUT
[218月2026 05:36:33.891] [Render thread/WARN] [Iris/]: Found fine program match for minecraft:pipeline/entity_translucent: HAND_TRANSLUCENT
[218月2026 05:36:33.891] [Render thread/WARN] [Iris/]: Found fine program match for minecraft:pipeline/entity_translucent_emissive: HAND_TRANSLUCENT
[218月2026 05:36:33.895] [Render thread/WARN] [Iris/]: Found fine program match for minecraft:pipeline/entity_cutout: HAND_CUTOUT
[218月2026 05:36:33.895] [Render thread/WARN] [Iris/]: Found fine program match for minecraft:pipeline/entity_translucent: HAND_TRANSLUCENT
[218月2026 05:36:33.895] [Render thread/WARN] [Iris/]: Found fine program match for minecraft:pipeline/entity_translucent_emissive: HAND_TRANSLUCENT
[218月2026 05:36:33.899] [Render thread/WARN] [Iris/]: Found fine program match for minecraft:pipeline/entity_cutout: HAND_CUTOUT
[218月2026 05:36:33.899] [Render thread/WARN] [Iris/]: Found fine program match for minecraft:pipeline/entity_translucent: HAND_TRANSLUCENT
[218月2026 05:36:33.899] [Render thread/WARN] [Iris/]: Found fine program match for minecraft:pipeline/entity_translucent_emissive: HAND_TRANSLUCENT
[218月2026 05:36:33.903] [Render thread/WARN] [Iris/]: Found fine program match for minecraft:pipeline/entity_cutout: HAND_CUTOUT
[218月2026 05:36:33.903] [Render thread/WARN] [Iris/]: Found fine program match for minecraft:pipeline/entity_translucent: HAND_TRANSLUCENT
[218月2026 05:36:33.903] [Render thread/WARN] [Iris/]: Found fine program match for minecraft:pipeline/entity_translucent_emissive: HAND_TRANSLUCENT
[218月2026 05:36:33.907] [Render thread/WARN] [Iris/]: Found fine program match for minecraft:pipeline/entity_cutout: HAND_CUTOUT
[218月2026 05:36:33.907] [Render thread/WARN] [Iris/]: Found fine program match for minecraft:pipeline/entity_translucent: HAND_TRANSLUCENT
[218月2026 05:36:33.907] [Render thread/WARN] [Iris/]: Found fine program match for minecraft:pipeline/entity_translucent_emissive: HAND_TRANSLUCENT
[218月2026 05:36:33.912] [Render thread/WARN] [Iris/]: Found fine program match for minecraft:pipeline/entity_cutout: HAND_CUTOUT
[218月2026 05:36:33.912] [Render thread/WARN] [Iris/]: Found fine program match for minecraft:pipeline/entity_translucent: HAND_TRANSLUCENT
[218月2026 05:36:33.912] [Render thread/WARN] [Iris/]: Found fine program match for minecraft:pipeline/entity_translucent_emissive: HAND_TRANSLUCENT
[218月2026 05:36:33.916] [Render thread/WARN] [Iris/]: Found fine program match for minecraft:pipeline/entity_cutout: HAND_CUTOUT
[218月2026 05:36:33.916] [Render thread/WARN] [Iris/]: Found fine program match for minecraft:pipeline/entity_translucent: HAND_TRANSLUCENT
[218月2026 05:36:33.916] [Render thread/WARN] [Iris/]: Found fine program match for minecraft:pipeline/entity_translucent_emissive: HAND_TRANSLUCENT
[218月2026 05:36:33.919] [Render thread/WARN] [Iris/]: Found fine program match for minecraft:pipeline/entity_cutout: HAND_CUTOUT
[218月2026 05:36:33.920] [Render thread/WARN] [Iris/]: Found fine program match for minecraft:pipeline/entity_translucent: HAND_TRANSLUCENT
[218月2026 05:36:33.920] [Render thread/WARN] [Iris/]: Found fine program match for minecraft:pipeline/entity_translucent_emissive: HAND_TRANSLUCENT
[218月2026 05:36:33.923] [Render thread/WARN] [Iris/]: Found fine program match for minecraft:pipeline/entity_cutout: HAND_CUTOUT
[218月2026 05:36:33.923] [Render thread/WARN] [Iris/]: Found fine program match for minecraft:pipeline/entity_translucent: HAND_TRANSLUCENT
[218月2026 05:36:33.923] [Render thread/WARN] [Iris/]: Found fine program match for minecraft:pipeline/entity_translucent_emissive: HAND_TRANSLUCENT
[218月2026 05:36:33.929] [Render thread/WARN] [Iris/]: Found fine program match for minecraft:pipeline/entity_cutout: HAND_CUTOUT
[218月2026 05:36:33.929] [Render thread/WARN] [Iris/]: Found fine program match for minecraft:pipeline/entity_translucent: HAND_TRANSLUCENT
[218月2026 05:36:33.929] [Render thread/WARN] [Iris/]: Found fine program match for minecraft:pipeline/entity_translucent_emissive: HAND_TRANSLUCENT
[218月2026 05:36:33.932] [Render thread/WARN] [Iris/]: Found fine program match for minecraft:pipeline/entity_cutout: HAND_CUTOUT
[218月2026 05:36:33.932] [Render thread/WARN] [Iris/]: Found fine program match for minecraft:pipeline/entity_translucent: HAND_TRANSLUCENT
[218月2026 05:36:33.932] [Render thread/WARN] [Iris/]: Found fine program match for minecraft:pipeline/entity_translucent_emissive: HAND_TRANSLUCENT
[218月2026 05:36:33.936] [Render thread/WARN] [Iris/]: Found fine program match for minecraft:pipeline/entity_cutout: HAND_CUTOUT
[218月2026 05:36:33.936] [Render thread/WARN] [Iris/]: Found fine program match for minecraft:pipeline/entity_translucent: HAND_TRANSLUCENT
[218月2026 05:36:33.936] [Render thread/WARN] [Iris/]: Found fine program match for minecraft:pipeline/entity_translucent_emissive: HAND_TRANSLUCENT
[218月2026 05:36:33.940] [Render thread/WARN] [Iris/]: Found fine program match for minecraft:pipeline/entity_cutout: HAND_CUTOUT
[218月2026 05:36:33.940] [Render thread/WARN] [Iris/]: Found fine program match for minecraft:pipeline/entity_translucent: HAND_TRANSLUCENT
[218月2026 05:36:33.940] [Render thread/WARN] [Iris/]: Found fine program match for minecraft:pipeline/entity_translucent_emissive: HAND_TRANSLUCENT
[218月2026 05:36:33.944] [Render thread/WARN] [Iris/]: Found fine program match for minecraft:pipeline/entity_cutout: HAND_CUTOUT
[218月2026 05:36:33.944] [Render thread/WARN] [Iris/]: Found fine program match for minecraft:pipeline/entity_translucent: HAND_TRANSLUCENT
[218月2026 05:36:33.944] [Render thread/WARN] [Iris/]: Found fine program match for minecraft:pipeline/entity_translucent_emissive: HAND_TRANSLUCENT
[218月2026 05:36:33.948] [Render thread/WARN] [Iris/]: Found fine program match for minecraft:pipeline/entity_cutout: HAND_CUTOUT
[218月2026 05:36:33.948] [Render thread/WARN] [Iris/]: Found fine program match for minecraft:pipeline/entity_translucent: HAND_TRANSLUCENT
[218月2026 05:36:33.948] [Render thread/WARN] [Iris/]: Found fine program match for minecraft:pipeline/entity_translucent_emissive: HAND_TRANSLUCENT
[218月2026 05:36:33.952] [Render thread/WARN] [Iris/]: Found fine program match for minecraft:pipeline/entity_cutout: HAND_CUTOUT
[218月2026 05:36:33.952] [Render thread/WARN] [Iris/]: Found fine program match for minecraft:pipeline/entity_translucent: HAND_TRANSLUCENT
[218月2026 05:36:33.952] [Render thread/WARN] [Iris/]: Found fine program match for minecraft:pipeline/entity_translucent_emissive: HAND_TRANSLUCENT
[218月2026 05:36:33.956] [Render thread/WARN] [Iris/]: Found fine program match for minecraft:pipeline/entity_cutout: HAND_CUTOUT
[218月2026 05:36:33.956] [Render thread/WARN] [Iris/]: Found fine program match for minecraft:pipeline/entity_translucent: HAND_TRANSLUCENT
[218月2026 05:36:33.956] [Render thread/WARN] [Iris/]: Found fine program match for minecraft:pipeline/entity_translucent_emissive: HAND_TRANSLUCENT
[218月2026 05:36:33.960] [Render thread/WARN] [Iris/]: Found fine program match for minecraft:pipeline/entity_cutout: HAND_CUTOUT
[218月2026 05:36:33.960] [Render thread/WARN] [Iris/]: Found fine program match for minecraft:pipeline/entity_translucent: HAND_TRANSLUCENT
[218月2026 05:36:33.960] [Render thread/WARN] [Iris/]: Found fine program match for minecraft:pipeline/entity_translucent_emissive: HAND_TRANSLUCENT
[218月2026 05:36:33.964] [Render thread/WARN] [Iris/]: Found fine program match for minecraft:pipeline/entity_cutout: HAND_CUTOUT
[218月2026 05:36:33.964] [Render thread/WARN] [Iris/]: Found fine program match for minecraft:pipeline/entity_translucent: HAND_TRANSLUCENT
[218月2026 05:36:33.964] [Render thread/WARN] [Iris/]: Found fine program match for minecraft:pipeline/entity_translucent_emissive: HAND_TRANSLUCENT
[218月2026 05:36:33.968] [Render thread/WARN] [Iris/]: Found fine program match for minecraft:pipeline/entity_cutout: HAND_CUTOUT
[218月2026 05:36:33.968] [Render thread/WARN] [Iris/]: Found fine program match for minecraft:pipeline/entity_translucent: HAND_TRANSLUCENT
[218月2026 05:36:33.968] [Render thread/WARN] [Iris/]: Found fine program match for minecraft:pipeline/entity_translucent_emissive: HAND_TRANSLUCENT
[218月2026 05:36:33.972] [Render thread/WARN] [Iris/]: Found fine program match for minecraft:pipeline/entity_cutout: HAND_CUTOUT
[218月2026 05:36:33.972] [Render thread/WARN] [Iris/]: Found fine program match for minecraft:pipeline/entity_translucent: HAND_TRANSLUCENT
[218月2026 05:36:33.972] [Render thread/WARN] [Iris/]: Found fine program match for minecraft:pipeline/entity_translucent_emissive: HAND_TRANSLUCENT
[218月2026 05:36:33.976] [Render thread/WARN] [Iris/]: Found fine program match for minecraft:pipeline/entity_cutout: HAND_CUTOUT
[218月2026 05:36:33.976] [Render thread/WARN] [Iris/]: Found fine program match for minecraft:pipeline/entity_translucent: HAND_TRANSLUCENT
[218月2026 05:36:33.976] [Render thread/WARN] [Iris/]: Found fine program match for minecraft:pipeline/entity_translucent_emissive: HAND_TRANSLUCENT
[218月2026 05:36:33.982] [Render thread/WARN] [Iris/]: Found fine program match for minecraft:pipeline/entity_cutout: HAND_CUTOUT
[218月2026 05:36:33.982] [Render thread/WARN] [Iris/]: Found fine program match for minecraft:pipeline/entity_translucent: HAND_TRANSLUCENT
[218月2026 05:36:33.982] [Render thread/WARN] [Iris/]: Found fine program match for minecraft:pipeline/entity_translucent_emissive: HAND_TRANSLUCENT
[218月2026 05:36:33.985] [Render thread/WARN] [Iris/]: Found fine program match for minecraft:pipeline/entity_cutout: HAND_CUTOUT
[218月2026 05:36:33.985] [Render thread/WARN] [Iris/]: Found fine program match for minecraft:pipeline/entity_translucent: HAND_TRANSLUCENT
[218月2026 05:36:33.985] [Render thread/WARN] [Iris/]: Found fine program match for minecraft:pipeline/entity_translucent_emissive: HAND_TRANSLUCENT
[218月2026 05:36:33.989] [Render thread/WARN] [Iris/]: Found fine program match for minecraft:pipeline/entity_cutout: HAND_CUTOUT
[218月2026 05:36:33.989] [Render thread/WARN] [Iris/]: Found fine program match for minecraft:pipeline/entity_translucent: HAND_TRANSLUCENT
[218月2026 05:36:33.989] [Render thread/WARN] [Iris/]: Found fine program match for minecraft:pipeline/entity_translucent_emissive: HAND_TRANSLUCENT
[218月2026 05:36:33.992] [Render thread/WARN] [Iris/]: Found fine program match for minecraft:pipeline/entity_cutout: HAND_CUTOUT
[218月2026 05:36:33.992] [Render thread/WARN] [Iris/]: Found fine program match for minecraft:pipeline/entity_translucent: HAND_TRANSLUCENT
[218月2026 05:36:33.992] [Render thread/WARN] [Iris/]: Found fine program match for minecraft:pipeline/entity_translucent_emissive: HAND_TRANSLUCENT
[218月2026 05:36:33.996] [Render thread/WARN] [Iris/]: Found fine program match for minecraft:pipeline/entity_cutout: HAND_CUTOUT
[218月2026 05:36:33.996] [Render thread/WARN] [Iris/]: Found fine program match for minecraft:pipeline/entity_translucent: HAND_TRANSLUCENT
[218月2026 05:36:33.996] [Render thread/WARN] [Iris/]: Found fine program match for minecraft:pipeline/entity_translucent_emissive: HAND_TRANSLUCENT
[218月2026 05:36:34.001] [Render thread/WARN] [Iris/]: Found fine program match for minecraft:pipeline/entity_cutout: HAND_CUTOUT
[218月2026 05:36:34.001] [Render thread/WARN] [Iris/]: Found fine program match for minecraft:pipeline/entity_translucent: HAND_TRANSLUCENT
[218月2026 05:36:34.001] [Render thread/WARN] [Iris/]: Found fine program match for minecraft:pipeline/entity_translucent_emissive: HAND_TRANSLUCENT
[218月2026 05:36:34.005] [Render thread/WARN] [Iris/]: Found fine program match for minecraft:pipeline/entity_cutout: HAND_CUTOUT
[218月2026 05:36:34.005] [Render thread/WARN] [Iris/]: Found fine program match for minecraft:pipeline/entity_translucent: HAND_TRANSLUCENT
[218月2026 05:36:34.005] [Render thread/WARN] [Iris/]: Found fine program match for minecraft:pipeline/entity_translucent_emissive: HAND_TRANSLUCENT
[218月2026 05:36:34.009] [Render thread/WARN] [Iris/]: Found fine program match for minecraft:pipeline/entity_cutout: HAND_CUTOUT
[218月2026 05:36:34.009] [Render thread/WARN] [Iris/]: Found fine program match for minecraft:pipeline/entity_translucent: HAND_TRANSLUCENT
[218月2026 05:36:34.009] [Render thread/WARN] [Iris/]: Found fine program match for minecraft:pipeline/entity_translucent_emissive: HAND_TRANSLUCENT
[218月2026 05:36:34.013] [Render thread/WARN] [Iris/]: Found fine program match for minecraft:pipeline/entity_cutout: HAND_CUTOUT
[218月2026 05:36:34.013] [Render thread/WARN] [Iris/]: Found fine program match for minecraft:pipeline/entity_translucent: HAND_TRANSLUCENT
[218月2026 05:36:34.014] [Render thread/WARN] [Iris/]: Found fine program match for minecraft:pipeline/entity_translucent_emissive: HAND_TRANSLUCENT
[218月2026 05:36:34.017] [Render thread/WARN] [Iris/]: Found fine program match for minecraft:pipeline/entity_cutout: HAND_CUTOUT
[218月2026 05:36:34.017] [Render thread/WARN] [Iris/]: Found fine program match for minecraft:pipeline/entity_translucent: HAND_TRANSLUCENT
[218月2026 05:36:34.017] [Render thread/WARN] [Iris/]: Found fine program match for minecraft:pipeline/entity_translucent_emissive: HAND_TRANSLUCENT
[218月2026 05:36:34.021] [Render thread/WARN] [Iris/]: Found fine program match for minecraft:pipeline/entity_cutout: HAND_CUTOUT
[218月2026 05:36:34.021] [Render thread/WARN] [Iris/]: Found fine program match for minecraft:pipeline/entity_translucent: HAND_TRANSLUCENT
[218月2026 05:36:34.021] [Render thread/WARN] [Iris/]: Found fine program match for minecraft:pipeline/entity_translucent_emissive: HAND_TRANSLUCENT
[218月2026 05:36:34.025] [Render thread/WARN] [Iris/]: Found fine program match for minecraft:pipeline/entity_cutout: HAND_CUTOUT
[218月2026 05:36:34.025] [Render thread/WARN] [Iris/]: Found fine program match for minecraft:pipeline/entity_translucent: HAND_TRANSLUCENT
[218月2026 05:36:34.025] [Render thread/WARN] [Iris/]: Found fine program match for minecraft:pipeline/entity_translucent_emissive: HAND_TRANSLUCENT
[218月2026 05:36:34.030] [Render thread/WARN] [Iris/]: Found fine program match for minecraft:pipeline/entity_cutout: HAND_CUTOUT
[218月2026 05:36:34.030] [Render thread/WARN] [Iris/]: Found fine program match for minecraft:pipeline/entity_translucent: HAND_TRANSLUCENT
[218月2026 05:36:34.030] [Render thread/WARN] [Iris/]: Found fine program match for minecraft:pipeline/entity_translucent_emissive: HAND_TRANSLUCENT
[218月2026 05:36:34.033] [Render thread/WARN] [Iris/]: Found fine program match for minecraft:pipeline/entity_cutout: HAND_CUTOUT
[218月2026 05:36:34.033] [Render thread/WARN] [Iris/]: Found fine program match for minecraft:pipeline/entity_translucent: HAND_TRANSLUCENT
[218月2026 05:36:34.033] [Render thread/WARN] [Iris/]: Found fine program match for minecraft:pipeline/entity_translucent_emissive: HAND_TRANSLUCENT
[218月2026 05:36:34.037] [Render thread/WARN] [Iris/]: Found fine program match for minecraft:pipeline/entity_cutout: HAND_CUTOUT
[218月2026 05:36:34.037] [Render thread/WARN] [Iris/]: Found fine program match for minecraft:pipeline/entity_translucent: HAND_TRANSLUCENT
[218月2026 05:36:34.037] [Render thread/WARN] [Iris/]: Found fine program match for minecraft:pipeline/entity_translucent_emissive: HAND_TRANSLUCENT
[218月2026 05:36:34.041] [Render thread/WARN] [Iris/]: Found fine program match for minecraft:pipeline/entity_cutout: HAND_CUTOUT
[218月2026 05:36:34.041] [Render thread/WARN] [Iris/]: Found fine program match for minecraft:pipeline/entity_translucent: HAND_TRANSLUCENT
[218月2026 05:36:34.041] [Render thread/WARN] [Iris/]: Found fine program match for minecraft:pipeline/entity_translucent_emissive: HAND_TRANSLUCENT
[218月2026 05:36:34.045] [Render thread/WARN] [Iris/]: Found fine program match for minecraft:pipeline/entity_cutout: HAND_CUTOUT
[218月2026 05:36:34.045] [Render thread/WARN] [Iris/]: Found fine program match for minecraft:pipeline/entity_translucent: HAND_TRANSLUCENT
[218月2026 05:36:34.045] [Render thread/WARN] [Iris/]: Found fine program match for minecraft:pipeline/entity_translucent_emissive: HAND_TRANSLUCENT
[218月2026 05:36:34.049] [Render thread/WARN] [Iris/]: Found fine program match for minecraft:pipeline/entity_cutout: HAND_CUTOUT
[218月2026 05:36:34.049] [Render thread/WARN] [Iris/]: Found fine program match for minecraft:pipeline/entity_translucent: HAND_TRANSLUCENT
[218月2026 05:36:34.049] [Render thread/WARN] [Iris/]: Found fine program match for minecraft:pipeline/entity_translucent_emissive: HAND_TRANSLUCENT
[218月2026 05:36:34.053] [Render thread/WARN] [Iris/]: Found fine program match for minecraft:pipeline/entity_cutout: HAND_CUTOUT
[218月2026 05:36:34.053] [Render thread/WARN] [Iris/]: Found fine program match for minecraft:pipeline/entity_translucent: HAND_TRANSLUCENT
[218月2026 05:36:34.054] [Render thread/WARN] [Iris/]: Found fine program match for minecraft:pipeline/entity_translucent_emissive: HAND_TRANSLUCENT
[218月2026 05:36:34.058] [Render thread/WARN] [Iris/]: Found fine program match for minecraft:pipeline/entity_cutout: HAND_CUTOUT
[218月2026 05:36:34.058] [Render thread/WARN] [Iris/]: Found fine program match for minecraft:pipeline/entity_translucent: HAND_TRANSLUCENT
[218月2026 05:36:34.058] [Render thread/WARN] [Iris/]: Found fine program match for minecraft:pipeline/entity_translucent_emissive: HAND_TRANSLUCENT
[218月2026 05:36:34.061] [Render thread/WARN] [Iris/]: Found fine program match for minecraft:pipeline/entity_cutout: HAND_CUTOUT
[218月2026 05:36:34.061] [Render thread/WARN] [Iris/]: Found fine program match for minecraft:pipeline/entity_translucent: HAND_TRANSLUCENT
[218月2026 05:36:34.061] [Render thread/WARN] [Iris/]: Found fine program match for minecraft:pipeline/entity_translucent_emissive: HAND_TRANSLUCENT
[218月2026 05:36:34.065] [Render thread/WARN] [Iris/]: Found fine program match for minecraft:pipeline/entity_cutout: HAND_CUTOUT
[218月2026 05:36:34.065] [Render thread/WARN] [Iris/]: Found fine program match for minecraft:pipeline/entity_translucent: HAND_TRANSLUCENT
[218月2026 05:36:34.065] [Render thread/WARN] [Iris/]: Found fine program match for minecraft:pipeline/entity_translucent_emissive: HAND_TRANSLUCENT
[218月2026 05:36:34.070] [Render thread/WARN] [Iris/]: Found fine program match for minecraft:pipeline/entity_cutout: HAND_CUTOUT
[218月2026 05:36:34.070] [Render thread/WARN] [Iris/]: Found fine program match for minecraft:pipeline/entity_translucent: HAND_TRANSLUCENT
[218月2026 05:36:34.070] [Render thread/WARN] [Iris/]: Found fine program match for minecraft:pipeline/entity_translucent_emissive: HAND_TRANSLUCENT
[218月2026 05:36:34.074] [Render thread/WARN] [Iris/]: Found fine program match for minecraft:pipeline/entity_cutout: HAND_CUTOUT
[218月2026 05:36:34.074] [Render thread/WARN] [Iris/]: Found fine program match for minecraft:pipeline/entity_translucent: HAND_TRANSLUCENT
[218月2026 05:36:34.074] [Render thread/WARN] [Iris/]: Found fine program match for minecraft:pipeline/entity_translucent_emissive: HAND_TRANSLUCENT
[218月2026 05:36:34.078] [Render thread/WARN] [Iris/]: Found fine program match for minecraft:pipeline/entity_cutout: HAND_CUTOUT
[218月2026 05:36:34.078] [Render thread/WARN] [Iris/]: Found fine program match for minecraft:pipeline/entity_translucent: HAND_TRANSLUCENT
[218月2026 05:36:34.078] [Render thread/WARN] [Iris/]: Found fine program match for minecraft:pipeline/entity_translucent_emissive: HAND_TRANSLUCENT
[218月2026 05:36:34.081] [Render thread/WARN] [Iris/]: Found fine program match for minecraft:pipeline/entity_cutout: HAND_CUTOUT
[218月2026 05:36:34.081] [Render thread/WARN] [Iris/]: Found fine program match for minecraft:pipeline/entity_translucent: HAND_TRANSLUCENT
[218月2026 05:36:34.081] [Render thread/WARN] [Iris/]: Found fine program match for minecraft:pipeline/entity_translucent_emissive: HAND_TRANSLUCENT
[218月2026 05:36:34.086] [Render thread/WARN] [Iris/]: Found fine program match for minecraft:pipeline/entity_cutout: HAND_CUTOUT
[218月2026 05:36:34.086] [Render thread/WARN] [Iris/]: Found fine program match for minecraft:pipeline/entity_translucent: HAND_TRANSLUCENT
[218月2026 05:36:34.086] [Render thread/WARN] [Iris/]: Found fine program match for minecraft:pipeline/entity_translucent_emissive: HAND_TRANSLUCENT
[218月2026 05:36:34.090] [Render thread/WARN] [Iris/]: Found fine program match for minecraft:pipeline/entity_cutout: HAND_CUTOUT
[218月2026 05:36:34.090] [Render thread/WARN] [Iris/]: Found fine program match for minecraft:pipeline/entity_translucent: HAND_TRANSLUCENT
[218月2026 05:36:34.090] [Render thread/WARN] [Iris/]: Found fine program match for minecraft:pipeline/entity_translucent_emissive: HAND_TRANSLUCENT
[218月2026 05:36:34.094] [Render thread/WARN] [Iris/]: Found fine program match for minecraft:pipeline/entity_cutout: HAND_CUTOUT
[218月2026 05:36:34.094] [Render thread/WARN] [Iris/]: Found fine program match for minecraft:pipeline/entity_translucent: HAND_TRANSLUCENT
[218月2026 05:36:34.094] [Render thread/WARN] [Iris/]: Found fine program match for minecraft:pipeline/entity_translucent_emissive: HAND_TRANSLUCENT
[218月2026 05:36:34.097] [Render thread/WARN] [Iris/]: Found fine program match for minecraft:pipeline/entity_cutout: HAND_CUTOUT
[218月2026 05:36:34.098] [Render thread/WARN] [Iris/]: Found fine program match for minecraft:pipeline/entity_translucent: HAND_TRANSLUCENT
[218月2026 05:36:34.098] [Render thread/WARN] [Iris/]: Found fine program match for minecraft:pipeline/entity_translucent_emissive: HAND_TRANSLUCENT
[218月2026 05:36:34.101] [Render thread/WARN] [Iris/]: Found fine program match for minecraft:pipeline/entity_cutout: HAND_CUTOUT
[218月2026 05:36:34.102] [Render thread/WARN] [Iris/]: Found fine program match for minecraft:pipeline/entity_translucent: HAND_TRANSLUCENT
[218月2026 05:36:34.102] [Render thread/WARN] [Iris/]: Found fine program match for minecraft:pipeline/entity_translucent_emissive: HAND_TRANSLUCENT
[218月2026 05:36:34.106] [Render thread/WARN] [Iris/]: Found fine program match for minecraft:pipeline/entity_cutout: HAND_CUTOUT
[218月2026 05:36:34.106] [Render thread/WARN] [Iris/]: Found fine program match for minecraft:pipeline/entity_translucent: HAND_TRANSLUCENT
[218月2026 05:36:34.106] [Render thread/WARN] [Iris/]: Found fine program match for minecraft:pipeline/entity_translucent_emissive: HAND_TRANSLUCENT
[218月2026 05:36:34.111] [Render thread/WARN] [Iris/]: Found fine program match for minecraft:pipeline/entity_cutout: HAND_CUTOUT
[218月2026 05:36:34.111] [Render thread/WARN] [Iris/]: Found fine program match for minecraft:pipeline/entity_translucent: HAND_TRANSLUCENT
[218月2026 05:36:34.111] [Render thread/WARN] [Iris/]: Found fine program match for minecraft:pipeline/entity_translucent_emissive: HAND_TRANSLUCENT
[218月2026 05:36:34.115] [Render thread/WARN] [Iris/]: Found fine program match for minecraft:pipeline/entity_cutout: HAND_CUTOUT
[218月2026 05:36:34.115] [Render thread/WARN] [Iris/]: Found fine program match for minecraft:pipeline/entity_translucent: HAND_TRANSLUCENT
[218月2026 05:36:34.116] [Render thread/WARN] [Iris/]: Found fine program match for minecraft:pipeline/entity_translucent_emissive: HAND_TRANSLUCENT
[218月2026 05:36:34.119] [Render thread/WARN] [Iris/]: Found fine program match for minecraft:pipeline/entity_cutout: HAND_CUTOUT
[218月2026 05:36:34.119] [Render thread/WARN] [Iris/]: Found fine program match for minecraft:pipeline/entity_translucent: HAND_TRANSLUCENT
[218月2026 05:36:34.119] [Render thread/WARN] [Iris/]: Found fine program match for minecraft:pipeline/entity_translucent_emissive: HAND_TRANSLUCENT
[218月2026 05:36:34.123] [Render thread/WARN] [Iris/]: Found fine program match for minecraft:pipeline/entity_cutout: HAND_CUTOUT
[218月2026 05:36:34.123] [Render thread/WARN] [Iris/]: Found fine program match for minecraft:pipeline/entity_translucent: HAND_TRANSLUCENT
[218月2026 05:36:34.123] [Render thread/WARN] [Iris/]: Found fine program match for minecraft:pipeline/entity_translucent_emissive: HAND_TRANSLUCENT
[218月2026 05:36:34.129] [Render thread/WARN] [Iris/]: Found fine program match for minecraft:pipeline/entity_cutout: HAND_CUTOUT
[218月2026 05:36:34.129] [Render thread/WARN] [Iris/]: Found fine program match for minecraft:pipeline/entity_translucent: HAND_TRANSLUCENT
[218月2026 05:36:34.129] [Render thread/WARN] [Iris/]: Found fine program match for minecraft:pipeline/entity_translucent_emissive: HAND_TRANSLUCENT
[218月2026 05:36:34.132] [Render thread/WARN] [Iris/]: Found fine program match for minecraft:pipeline/entity_cutout: HAND_CUTOUT
[218月2026 05:36:34.132] [Render thread/WARN] [Iris/]: Found fine program match for minecraft:pipeline/entity_translucent: HAND_TRANSLUCENT
[218月2026 05:36:34.132] [Render thread/WARN] [Iris/]: Found fine program match for minecraft:pipeline/entity_translucent_emissive: HAND_TRANSLUCENT
[218月2026 05:36:34.136] [Render thread/WARN] [Iris/]: Found fine program match for minecraft:pipeline/entity_cutout: HAND_CUTOUT
[218月2026 05:36:34.136] [Render thread/WARN] [Iris/]: Found fine program match for minecraft:pipeline/entity_translucent: HAND_TRANSLUCENT
[218月2026 05:36:34.136] [Render thread/WARN] [Iris/]: Found fine program match for minecraft:pipeline/entity_translucent_emissive: HAND_TRANSLUCENT
[218月2026 05:36:34.139] [Render thread/WARN] [Iris/]: Found fine program match for minecraft:pipeline/entity_cutout: HAND_CUTOUT
[218月2026 05:36:34.139] [Render thread/WARN] [Iris/]: Found fine program match for minecraft:pipeline/entity_translucent: HAND_TRANSLUCENT
[218月2026 05:36:34.139] [Render thread/WARN] [Iris/]: Found fine program match for minecraft:pipeline/entity_translucent_emissive: HAND_TRANSLUCENT
[218月2026 05:36:34.143] [Render thread/WARN] [Iris/]: Found fine program match for minecraft:pipeline/entity_cutout: HAND_CUTOUT
[218月2026 05:36:34.143] [Render thread/WARN] [Iris/]: Found fine program match for minecraft:pipeline/entity_translucent: HAND_TRANSLUCENT
[218月2026 05:36:34.143] [Render thread/WARN] [Iris/]: Found fine program match for minecraft:pipeline/entity_translucent_emissive: HAND_TRANSLUCENT
[218月2026 05:36:34.147] [Render thread/WARN] [Iris/]: Found fine program match for minecraft:pipeline/entity_cutout: HAND_CUTOUT
[218月2026 05:36:34.147] [Render thread/WARN] [Iris/]: Found fine program match for minecraft:pipeline/entity_translucent: HAND_TRANSLUCENT
[218月2026 05:36:34.147] [Render thread/WARN] [Iris/]: Found fine program match for minecraft:pipeline/entity_translucent_emissive: HAND_TRANSLUCENT
[218月2026 05:36:34.152] [Render thread/WARN] [Iris/]: Found fine program match for minecraft:pipeline/entity_cutout: HAND_CUTOUT
[218月2026 05:36:34.152] [Render thread/WARN] [Iris/]: Found fine program match for minecraft:pipeline/entity_translucent: HAND_TRANSLUCENT
[218月2026 05:36:34.152] [Render thread/WARN] [Iris/]: Found fine program match for minecraft:pipeline/entity_translucent_emissive: HAND_TRANSLUCENT
[218月2026 05:36:34.155] [Render thread/WARN] [Iris/]: Found fine program match for minecraft:pipeline/entity_cutout: HAND_CUTOUT
[218月2026 05:36:34.155] [Render thread/WARN] [Iris/]: Found fine program match for minecraft:pipeline/entity_translucent: HAND_TRANSLUCENT
[218月2026 05:36:34.155] [Render thread/WARN] [Iris/]: Found fine program match for minecraft:pipeline/entity_translucent_emissive: HAND_TRANSLUCENT
[218月2026 05:36:34.159] [Render thread/WARN] [Iris/]: Found fine program match for minecraft:pipeline/entity_cutout: HAND_CUTOUT
[218月2026 05:36:34.159] [Render thread/WARN] [Iris/]: Found fine program match for minecraft:pipeline/entity_translucent: HAND_TRANSLUCENT
[218月2026 05:36:34.160] [Render thread/WARN] [Iris/]: Found fine program match for minecraft:pipeline/entity_translucent_emissive: HAND_TRANSLUCENT
[218月2026 05:36:34.164] [Render thread/WARN] [Iris/]: Found fine program match for minecraft:pipeline/entity_cutout: HAND_CUTOUT
[218月2026 05:36:34.164] [Render thread/WARN] [Iris/]: Found fine program match for minecraft:pipeline/entity_translucent: HAND_TRANSLUCENT
[218月2026 05:36:34.164] [Render thread/WARN] [Iris/]: Found fine program match for minecraft:pipeline/entity_translucent_emissive: HAND_TRANSLUCENT
[218月2026 05:36:34.168] [Render thread/WARN] [Iris/]: Found fine program match for minecraft:pipeline/entity_cutout: HAND_CUTOUT
[218月2026 05:36:34.168] [Render thread/WARN] [Iris/]: Found fine program match for minecraft:pipeline/entity_translucent: HAND_TRANSLUCENT
[218月2026 05:36:34.168] [Render thread/WARN] [Iris/]: Found fine program match for minecraft:pipeline/entity_translucent_emissive: HAND_TRANSLUCENT
[218月2026 05:36:34.172] [Render thread/WARN] [Iris/]: Found fine program match for minecraft:pipeline/entity_cutout: HAND_CUTOUT
[218月2026 05:36:34.172] [Render thread/WARN] [Iris/]: Found fine program match for minecraft:pipeline/entity_translucent: HAND_TRANSLUCENT
[218月2026 05:36:34.172] [Render thread/WARN] [Iris/]: Found fine program match for minecraft:pipeline/entity_translucent_emissive: HAND_TRANSLUCENT
[218月2026 05:36:34.176] [Render thread/WARN] [Iris/]: Found fine program match for minecraft:pipeline/entity_cutout: HAND_CUTOUT
[218月2026 05:36:34.176] [Render thread/WARN] [Iris/]: Found fine program match for minecraft:pipeline/entity_translucent: HAND_TRANSLUCENT
[218月2026 05:36:34.176] [Render thread/WARN] [Iris/]: Found fine program match for minecraft:pipeline/entity_translucent_emissive: HAND_TRANSLUCENT
[218月2026 05:36:34.181] [Render thread/WARN] [Iris/]: Found fine program match for minecraft:pipeline/entity_cutout: HAND_CUTOUT
[218月2026 05:36:34.181] [Render thread/WARN] [Iris/]: Found fine program match for minecraft:pipeline/entity_translucent: HAND_TRANSLUCENT
[218月2026 05:36:34.181] [Render thread/WARN] [Iris/]: Found fine program match for minecraft:pipeline/entity_translucent_emissive: HAND_TRANSLUCENT
[218月2026 05:36:34.184] [Render thread/WARN] [Iris/]: Found fine program match for minecraft:pipeline/entity_cutout: HAND_CUTOUT
[218月2026 05:36:34.184] [Render thread/WARN] [Iris/]: Found fine program match for minecraft:pipeline/entity_translucent: HAND_TRANSLUCENT
[218月2026 05:36:34.184] [Render thread/WARN] [Iris/]: Found fine program match for minecraft:pipeline/entity_translucent_emissive: HAND_TRANSLUCENT
[218月2026 05:36:34.188] [Render thread/WARN] [Iris/]: Found fine program match for minecraft:pipeline/entity_cutout: HAND_CUTOUT
[218月2026 05:36:34.188] [Render thread/WARN] [Iris/]: Found fine program match for minecraft:pipeline/entity_translucent: HAND_TRANSLUCENT
[218月2026 05:36:34.188] [Render thread/WARN] [Iris/]: Found fine program match for minecraft:pipeline/entity_translucent_emissive: HAND_TRANSLUCENT
[218月2026 05:36:34.192] [Render thread/WARN] [Iris/]: Found fine program match for minecraft:pipeline/entity_cutout: HAND_CUTOUT
[218月2026 05:36:34.192] [Render thread/WARN] [Iris/]: Found fine program match for minecraft:pipeline/entity_translucent: HAND_TRANSLUCENT
[218月2026 05:36:34.192] [Render thread/WARN] [Iris/]: Found fine program match for minecraft:pipeline/entity_translucent_emissive: HAND_TRANSLUCENT
[218月2026 05:36:34.196] [Render thread/WARN] [Iris/]: Found fine program match for minecraft:pipeline/entity_cutout: HAND_CUTOUT
[218月2026 05:36:34.196] [Render thread/WARN] [Iris/]: Found fine program match for minecraft:pipeline/entity_translucent: HAND_TRANSLUCENT
[218月2026 05:36:34.196] [Render thread/WARN] [Iris/]: Found fine program match for minecraft:pipeline/entity_translucent_emissive: HAND_TRANSLUCENT
[218月2026 05:36:34.200] [Render thread/WARN] [Iris/]: Found fine program match for minecraft:pipeline/entity_cutout: HAND_CUTOUT
[218月2026 05:36:34.200] [Render thread/WARN] [Iris/]: Found fine program match for minecraft:pipeline/entity_translucent: HAND_TRANSLUCENT
[218月2026 05:36:34.200] [Render thread/WARN] [Iris/]: Found fine program match for minecraft:pipeline/entity_translucent_emissive: HAND_TRANSLUCENT
[218月2026 05:36:34.204] [Render thread/WARN] [Iris/]: Found fine program match for minecraft:pipeline/entity_cutout: HAND_CUTOUT
[218月2026 05:36:34.204] [Render thread/WARN] [Iris/]: Found fine program match for minecraft:pipeline/entity_translucent: HAND_TRANSLUCENT
[218月2026 05:36:34.204] [Render thread/WARN] [Iris/]: Found fine program match for minecraft:pipeline/entity_translucent_emissive: HAND_TRANSLUCENT
[218月2026 05:36:34.207] [Render thread/WARN] [Iris/]: Found fine program match for minecraft:pipeline/entity_cutout: HAND_CUTOUT
[218月2026 05:36:34.208] [Render thread/WARN] [Iris/]: Found fine program match for minecraft:pipeline/entity_translucent: HAND_TRANSLUCENT
[218月2026 05:36:34.208] [Render thread/WARN] [Iris/]: Found fine program match for minecraft:pipeline/entity_translucent_emissive: HAND_TRANSLUCENT
[218月2026 05:36:34.212] [Render thread/WARN] [Iris/]: Found fine program match for minecraft:pipeline/entity_cutout: HAND_CUTOUT
[218月2026 05:36:34.212] [Render thread/WARN] [Iris/]: Found fine program match for minecraft:pipeline/entity_translucent: HAND_TRANSLUCENT
[218月2026 05:36:34.212] [Render thread/WARN] [Iris/]: Found fine program match for minecraft:pipeline/entity_translucent_emissive: HAND_TRANSLUCENT
[218月2026 05:36:34.215] [Render thread/WARN] [Iris/]: Found fine program match for minecraft:pipeline/entity_cutout: HAND_CUTOUT
[218月2026 05:36:34.216] [Render thread/WARN] [Iris/]: Found fine program match for minecraft:pipeline/entity_translucent: HAND_TRANSLUCENT
[218月2026 05:36:34.216] [Render thread/WARN] [Iris/]: Found fine program match for minecraft:pipeline/entity_translucent_emissive: HAND_TRANSLUCENT
[218月2026 05:36:34.220] [Render thread/WARN] [Iris/]: Found fine program match for minecraft:pipeline/entity_cutout: HAND_CUTOUT
[218月2026 05:36:34.220] [Render thread/WARN] [Iris/]: Found fine program match for minecraft:pipeline/entity_translucent: HAND_TRANSLUCENT
[218月2026 05:36:34.220] [Render thread/WARN] [Iris/]: Found fine program match for minecraft:pipeline/entity_translucent_emissive: HAND_TRANSLUCENT
[218月2026 05:36:34.224] [Render thread/WARN] [Iris/]: Found fine program match for minecraft:pipeline/entity_cutout: HAND_CUTOUT
[218月2026 05:36:34.224] [Render thread/WARN] [Iris/]: Found fine program match for minecraft:pipeline/entity_translucent: HAND_TRANSLUCENT
[218月2026 05:36:34.224] [Render thread/WARN] [Iris/]: Found fine program match for minecraft:pipeline/entity_translucent_emissive: HAND_TRANSLUCENT
[218月2026 05:36:34.229] [Render thread/WARN] [Iris/]: Found fine program match for minecraft:pipeline/entity_cutout: HAND_CUTOUT
[218月2026 05:36:34.229] [Render thread/WARN] [Iris/]: Found fine program match for minecraft:pipeline/entity_translucent: HAND_TRANSLUCENT
[218月2026 05:36:34.229] [Render thread/WARN] [Iris/]: Found fine program match for minecraft:pipeline/entity_translucent_emissive: HAND_TRANSLUCENT
[218月2026 05:36:34.232] [Render thread/WARN] [Iris/]: Found fine program match for minecraft:pipeline/entity_cutout: HAND_CUTOUT
[218月2026 05:36:34.232] [Render thread/WARN] [Iris/]: Found fine program match for minecraft:pipeline/entity_translucent: HAND_TRANSLUCENT
[218月2026 05:36:34.232] [Render thread/WARN] [Iris/]: Found fine program match for minecraft:pipeline/entity_translucent_emissive: HAND_TRANSLUCENT
[218月2026 05:36:34.236] [Render thread/WARN] [Iris/]: Found fine program match for minecraft:pipeline/entity_cutout: HAND_CUTOUT
[218月2026 05:36:34.236] [Render thread/WARN] [Iris/]: Found fine program match for minecraft:pipeline/entity_translucent: HAND_TRANSLUCENT
[218月2026 05:36:34.236] [Render thread/WARN] [Iris/]: Found fine program match for minecraft:pipeline/entity_translucent_emissive: HAND_TRANSLUCENT
[218月2026 05:36:34.240] [Render thread/WARN] [Iris/]: Found fine program match for minecraft:pipeline/entity_cutout: HAND_CUTOUT
[218月2026 05:36:34.240] [Render thread/WARN] [Iris/]: Found fine program match for minecraft:pipeline/entity_translucent: HAND_TRANSLUCENT
[218月2026 05:36:34.240] [Render thread/WARN] [Iris/]: Found fine program match for minecraft:pipeline/entity_translucent_emissive: HAND_TRANSLUCENT
[218月2026 05:36:34.244] [Render thread/WARN] [Iris/]: Found fine program match for minecraft:pipeline/entity_cutout: HAND_CUTOUT
[218月2026 05:36:34.244] [Render thread/WARN] [Iris/]: Found fine program match for minecraft:pipeline/entity_translucent: HAND_TRANSLUCENT
[218月2026 05:36:34.244] [Render thread/WARN] [Iris/]: Found fine program match for minecraft:pipeline/entity_translucent_emissive: HAND_TRANSLUCENT
[218月2026 05:36:34.248] [Render thread/WARN] [Iris/]: Found fine program match for minecraft:pipeline/entity_cutout: HAND_CUTOUT
[218月2026 05:36:34.248] [Render thread/WARN] [Iris/]: Found fine program match for minecraft:pipeline/entity_translucent: HAND_TRANSLUCENT
[218月2026 05:36:34.248] [Render thread/WARN] [Iris/]: Found fine program match for minecraft:pipeline/entity_translucent_emissive: HAND_TRANSLUCENT
[218月2026 05:36:34.253] [Render thread/WARN] [Iris/]: Found fine program match for minecraft:pipeline/entity_cutout: HAND_CUTOUT
[218月2026 05:36:34.253] [Render thread/WARN] [Iris/]: Found fine program match for minecraft:pipeline/entity_translucent: HAND_TRANSLUCENT
[218月2026 05:36:34.253] [Render thread/WARN] [Iris/]: Found fine program match for minecraft:pipeline/entity_translucent_emissive: HAND_TRANSLUCENT
[218月2026 05:36:34.257] [Render thread/WARN] [Iris/]: Found fine program match for minecraft:pipeline/entity_cutout: HAND_CUTOUT
[218月2026 05:36:34.257] [Render thread/WARN] [Iris/]: Found fine program match for minecraft:pipeline/entity_translucent: HAND_TRANSLUCENT
[218月2026 05:36:34.257] [Render thread/WARN] [Iris/]: Found fine program match for minecraft:pipeline/entity_translucent_emissive: HAND_TRANSLUCENT
[218月2026 05:36:34.261] [Render thread/WARN] [Iris/]: Found fine program match for minecraft:pipeline/entity_cutout: HAND_CUTOUT
[218月2026 05:36:34.261] [Render thread/WARN] [Iris/]: Found fine program match for minecraft:pipeline/entity_translucent: HAND_TRANSLUCENT
[218月2026 05:36:34.261] [Render thread/WARN] [Iris/]: Found fine program match for minecraft:pipeline/entity_translucent_emissive: HAND_TRANSLUCENT
[218月2026 05:36:34.265] [Render thread/WARN] [Iris/]: Found fine program match for minecraft:pipeline/entity_cutout: HAND_CUTOUT
[218月2026 05:36:34.265] [Render thread/WARN] [Iris/]: Found fine program match for minecraft:pipeline/entity_translucent: HAND_TRANSLUCENT
[218月2026 05:36:34.265] [Render thread/WARN] [Iris/]: Found fine program match for minecraft:pipeline/entity_translucent_emissive: HAND_TRANSLUCENT
[218月2026 05:36:34.269] [Render thread/WARN] [Iris/]: Found fine program match for minecraft:pipeline/entity_cutout: HAND_CUTOUT
[218月2026 05:36:34.269] [Render thread/WARN] [Iris/]: Found fine program match for minecraft:pipeline/entity_translucent: HAND_TRANSLUCENT
[218月2026 05:36:34.269] [Render thread/WARN] [Iris/]: Found fine program match for minecraft:pipeline/entity_translucent_emissive: HAND_TRANSLUCENT
[218月2026 05:36:34.272] [Render thread/WARN] [Iris/]: Found fine program match for minecraft:pipeline/entity_cutout: HAND_CUTOUT
[218月2026 05:36:34.272] [Render thread/WARN] [Iris/]: Found fine program match for minecraft:pipeline/entity_translucent: HAND_TRANSLUCENT
[218月2026 05:36:34.272] [Render thread/WARN] [Iris/]: Found fine program match for minecraft:pipeline/entity_translucent_emissive: HAND_TRANSLUCENT
[218月2026 05:36:34.279] [Render thread/WARN] [Iris/]: Found fine program match for minecraft:pipeline/entity_cutout: HAND_CUTOUT
[218月2026 05:36:34.279] [Render thread/WARN] [Iris/]: Found fine program match for minecraft:pipeline/entity_translucent: HAND_TRANSLUCENT
[218月2026 05:36:34.279] [Render thread/WARN] [Iris/]: Found fine program match for minecraft:pipeline/entity_translucent_emissive: HAND_TRANSLUCENT
[218月2026 05:36:34.282] [Render thread/WARN] [Iris/]: Found fine program match for minecraft:pipeline/entity_cutout: HAND_CUTOUT
[218月2026 05:36:34.282] [Render thread/WARN] [Iris/]: Found fine program match for minecraft:pipeline/entity_translucent: HAND_TRANSLUCENT
[218月2026 05:36:34.282] [Render thread/WARN] [Iris/]: Found fine program match for minecraft:pipeline/entity_translucent_emissive: HAND_TRANSLUCENT
[218月2026 05:36:34.286] [Render thread/WARN] [Iris/]: Found fine program match for minecraft:pipeline/entity_cutout: HAND_CUTOUT
[218月2026 05:36:34.286] [Render thread/WARN] [Iris/]: Found fine program match for minecraft:pipeline/entity_translucent: HAND_TRANSLUCENT
[218月2026 05:36:34.286] [Render thread/WARN] [Iris/]: Found fine program match for minecraft:pipeline/entity_translucent_emissive: HAND_TRANSLUCENT
[218月2026 05:36:34.289] [Render thread/WARN] [Iris/]: Found fine program match for minecraft:pipeline/entity_cutout: HAND_CUTOUT
[218月2026 05:36:34.289] [Render thread/WARN] [Iris/]: Found fine program match for minecraft:pipeline/entity_translucent: HAND_TRANSLUCENT
[218月2026 05:36:34.289] [Render thread/WARN] [Iris/]: Found fine program match for minecraft:pipeline/entity_translucent_emissive: HAND_TRANSLUCENT
[218月2026 05:36:34.293] [Render thread/WARN] [Iris/]: Found fine program match for minecraft:pipeline/entity_cutout: HAND_CUTOUT
[218月2026 05:36:34.293] [Render thread/WARN] [Iris/]: Found fine program match for minecraft:pipeline/entity_translucent: HAND_TRANSLUCENT
[218月2026 05:36:34.293] [Render thread/WARN] [Iris/]: Found fine program match for minecraft:pipeline/entity_translucent_emissive: HAND_TRANSLUCENT
[218月2026 05:36:34.297] [Render thread/WARN] [Iris/]: Found fine program match for minecraft:pipeline/entity_cutout: HAND_CUTOUT
[218月2026 05:36:34.298] [Render thread/WARN] [Iris/]: Found fine program match for minecraft:pipeline/entity_translucent: HAND_TRANSLUCENT
[218月2026 05:36:34.298] [Render thread/WARN] [Iris/]: Found fine program match for minecraft:pipeline/entity_translucent_emissive: HAND_TRANSLUCENT
[218月2026 05:36:34.302] [Render thread/WARN] [Iris/]: Found fine program match for minecraft:pipeline/entity_cutout: HAND_CUTOUT
[218月2026 05:36:34.302] [Render thread/WARN] [Iris/]: Found fine program match for minecraft:pipeline/entity_translucent: HAND_TRANSLUCENT
[218月2026 05:36:34.302] [Render thread/WARN] [Iris/]: Found fine program match for minecraft:pipeline/entity_translucent_emissive: HAND_TRANSLUCENT
[218月2026 05:36:34.306] [Render thread/WARN] [Iris/]: Found fine program match for minecraft:pipeline/entity_cutout: HAND_CUTOUT
[218月2026 05:36:34.306] [Render thread/WARN] [Iris/]: Found fine program match for minecraft:pipeline/entity_translucent: HAND_TRANSLUCENT
[218月2026 05:36:34.306] [Render thread/WARN] [Iris/]: Found fine program match for minecraft:pipeline/entity_translucent_emissive: HAND_TRANSLUCENT
[218月2026 05:36:34.309] [Render thread/WARN] [Iris/]: Found fine program match for minecraft:pipeline/entity_cutout: HAND_CUTOUT
[218月2026 05:36:34.309] [Render thread/WARN] [Iris/]: Found fine program match for minecraft:pipeline/entity_translucent: HAND_TRANSLUCENT
[218月2026 05:36:34.309] [Render thread/WARN] [Iris/]: Found fine program match for minecraft:pipeline/entity_translucent_emissive: HAND_TRANSLUCENT
[218月2026 05:36:34.313] [Render thread/WARN] [Iris/]: Found fine program match for minecraft:pipeline/entity_cutout: HAND_CUTOUT
[218月2026 05:36:34.313] [Render thread/WARN] [Iris/]: Found fine program match for minecraft:pipeline/entity_translucent: HAND_TRANSLUCENT
[218月2026 05:36:34.313] [Render thread/WARN] [Iris/]: Found fine program match for minecraft:pipeline/entity_translucent_emissive: HAND_TRANSLUCENT
[218月2026 05:36:34.317] [Render thread/WARN] [Iris/]: Found fine program match for minecraft:pipeline/entity_cutout: HAND_CUTOUT
[218月2026 05:36:34.317] [Render thread/WARN] [Iris/]: Found fine program match for minecraft:pipeline/entity_translucent: HAND_TRANSLUCENT
[218月2026 05:36:34.317] [Render thread/WARN] [Iris/]: Found fine program match for minecraft:pipeline/entity_translucent_emissive: HAND_TRANSLUCENT
[218月2026 05:36:34.322] [Render thread/WARN] [Iris/]: Found fine program match for minecraft:pipeline/entity_cutout: HAND_CUTOUT
[218月2026 05:36:34.322] [Render thread/WARN] [Iris/]: Found fine program match for minecraft:pipeline/entity_translucent: HAND_TRANSLUCENT
[218月2026 05:36:34.322] [Render thread/WARN] [Iris/]: Found fine program match for minecraft:pipeline/entity_translucent_emissive: HAND_TRANSLUCENT
[218月2026 05:36:34.326] [Render thread/WARN] [Iris/]: Found fine program match for minecraft:pipeline/entity_cutout: HAND_CUTOUT
[218月2026 05:36:34.326] [Render thread/WARN] [Iris/]: Found fine program match for minecraft:pipeline/entity_translucent: HAND_TRANSLUCENT
[218月2026 05:36:34.326] [Render thread/WARN] [Iris/]: Found fine program match for minecraft:pipeline/entity_translucent_emissive: HAND_TRANSLUCENT
[218月2026 05:36:34.331] [Render thread/WARN] [Iris/]: Found fine program match for minecraft:pipeline/entity_cutout: HAND_CUTOUT
[218月2026 05:36:34.331] [Render thread/WARN] [Iris/]: Found fine program match for minecraft:pipeline/entity_translucent: HAND_TRANSLUCENT
[218月2026 05:36:34.331] [Render thread/WARN] [Iris/]: Found fine program match for minecraft:pipeline/entity_translucent_emissive: HAND_TRANSLUCENT
[218月2026 05:36:34.333] [Render thread/WARN] [Iris/]: Found fine program match for minecraft:pipeline/entity_cutout: HAND_CUTOUT
[218月2026 05:36:34.333] [Render thread/WARN] [Iris/]: Found fine program match for minecraft:pipeline/entity_translucent: HAND_TRANSLUCENT
[218月2026 05:36:34.333] [Render thread/WARN] [Iris/]: Found fine program match for minecraft:pipeline/entity_translucent_emissive: HAND_TRANSLUCENT
[218月2026 05:36:34.337] [Render thread/WARN] [Iris/]: Found fine program match for minecraft:pipeline/entity_cutout: HAND_CUTOUT
[218月2026 05:36:34.337] [Render thread/WARN] [Iris/]: Found fine program match for minecraft:pipeline/entity_translucent: HAND_TRANSLUCENT
[218月2026 05:36:34.337] [Render thread/WARN] [Iris/]: Found fine program match for minecraft:pipeline/entity_translucent_emissive: HAND_TRANSLUCENT
[218月2026 05:36:34.342] [Render thread/WARN] [Iris/]: Found fine program match for minecraft:pipeline/entity_cutout: HAND_CUTOUT
[218月2026 05:36:34.342] [Render thread/WARN] [Iris/]: Found fine program match for minecraft:pipeline/entity_translucent: HAND_TRANSLUCENT
[218月2026 05:36:34.342] [Render thread/WARN] [Iris/]: Found fine program match for minecraft:pipeline/entity_translucent_emissive: HAND_TRANSLUCENT
[218月2026 05:36:34.345] [Render thread/WARN] [Iris/]: Found fine program match for minecraft:pipeline/entity_cutout: HAND_CUTOUT
[218月2026 05:36:34.346] [Render thread/WARN] [Iris/]: Found fine program match for minecraft:pipeline/entity_translucent: HAND_TRANSLUCENT
[218月2026 05:36:34.346] [Render thread/WARN] [Iris/]: Found fine program match for minecraft:pipeline/entity_translucent_emissive: HAND_TRANSLUCENT
[218月2026 05:36:34.349] [Render thread/WARN] [Iris/]: Found fine program match for minecraft:pipeline/entity_cutout: HAND_CUTOUT
[218月2026 05:36:34.349] [Render thread/WARN] [Iris/]: Found fine program match for minecraft:pipeline/entity_translucent: HAND_TRANSLUCENT
[218月2026 05:36:34.349] [Render thread/WARN] [Iris/]: Found fine program match for minecraft:pipeline/entity_translucent_emissive: HAND_TRANSLUCENT
[218月2026 05:36:34.353] [Render thread/WARN] [Iris/]: Found fine program match for minecraft:pipeline/entity_cutout: HAND_CUTOUT
[218月2026 05:36:34.353] [Render thread/WARN] [Iris/]: Found fine program match for minecraft:pipeline/entity_translucent: HAND_TRANSLUCENT
[218月2026 05:36:34.353] [Render thread/WARN] [Iris/]: Found fine program match for minecraft:pipeline/entity_translucent_emissive: HAND_TRANSLUCENT
[218月2026 05:36:34.357] [Render thread/WARN] [Iris/]: Found fine program match for minecraft:pipeline/entity_cutout: HAND_CUTOUT
[218月2026 05:36:34.358] [Render thread/WARN] [Iris/]: Found fine program match for minecraft:pipeline/entity_translucent: HAND_TRANSLUCENT
[218月2026 05:36:34.358] [Render thread/WARN] [Iris/]: Found fine program match for minecraft:pipeline/entity_translucent_emissive: HAND_TRANSLUCENT
[218月2026 05:36:34.361] [Render thread/WARN] [Iris/]: Found fine program match for minecraft:pipeline/entity_cutout: HAND_CUTOUT
[218月2026 05:36:34.361] [Render thread/WARN] [Iris/]: Found fine program match for minecraft:pipeline/entity_translucent: HAND_TRANSLUCENT
[218月2026 05:36:34.361] [Render thread/WARN] [Iris/]: Found fine program match for minecraft:pipeline/entity_translucent_emissive: HAND_TRANSLUCENT
[218月2026 05:36:34.365] [Render thread/WARN] [Iris/]: Found fine program match for minecraft:pipeline/entity_cutout: HAND_CUTOUT
[218月2026 05:36:34.365] [Render thread/WARN] [Iris/]: Found fine program match for minecraft:pipeline/entity_translucent: HAND_TRANSLUCENT
[218月2026 05:36:34.365] [Render thread/WARN] [Iris/]: Found fine program match for minecraft:pipeline/entity_translucent_emissive: HAND_TRANSLUCENT
[218月2026 05:36:34.370] [Render thread/WARN] [Iris/]: Found fine program match for minecraft:pipeline/entity_cutout: HAND_CUTOUT
[218月2026 05:36:34.370] [Render thread/WARN] [Iris/]: Found fine program match for minecraft:pipeline/entity_translucent: HAND_TRANSLUCENT
[218月2026 05:36:34.370] [Render thread/WARN] [Iris/]: Found fine program match for minecraft:pipeline/entity_translucent_emissive: HAND_TRANSLUCENT
[218月2026 05:36:34.374] [Render thread/WARN] [Iris/]: Found fine program match for minecraft:pipeline/entity_cutout: HAND_CUTOUT
[218月2026 05:36:34.374] [Render thread/WARN] [Iris/]: Found fine program match for minecraft:pipeline/entity_translucent: HAND_TRANSLUCENT
[218月2026 05:36:34.374] [Render thread/WARN] [Iris/]: Found fine program match for minecraft:pipeline/entity_translucent_emissive: HAND_TRANSLUCENT
[218月2026 05:36:34.379] [Render thread/WARN] [Iris/]: Found fine program match for minecraft:pipeline/entity_cutout: HAND_CUTOUT
[218月2026 05:36:34.379] [Render thread/WARN] [Iris/]: Found fine program match for minecraft:pipeline/entity_translucent: HAND_TRANSLUCENT
[218月2026 05:36:34.379] [Render thread/WARN] [Iris/]: Found fine program match for minecraft:pipeline/entity_translucent_emissive: HAND_TRANSLUCENT
[218月2026 05:36:34.382] [Render thread/WARN] [Iris/]: Found fine program match for minecraft:pipeline/entity_cutout: HAND_CUTOUT
[218月2026 05:36:34.382] [Render thread/WARN] [Iris/]: Found fine program match for minecraft:pipeline/entity_translucent: HAND_TRANSLUCENT
[218月2026 05:36:34.382] [Render thread/WARN] [Iris/]: Found fine program match for minecraft:pipeline/entity_translucent_emissive: HAND_TRANSLUCENT
[218月2026 05:36:34.386] [Render thread/WARN] [Iris/]: Found fine program match for minecraft:pipeline/entity_cutout: HAND_CUTOUT
[218月2026 05:36:34.386] [Render thread/WARN] [Iris/]: Found fine program match for minecraft:pipeline/entity_translucent: HAND_TRANSLUCENT
[218月2026 05:36:34.386] [Render thread/WARN] [Iris/]: Found fine program match for minecraft:pipeline/entity_translucent_emissive: HAND_TRANSLUCENT
[218月2026 05:36:34.390] [Render thread/WARN] [Iris/]: Found fine program match for minecraft:pipeline/entity_cutout: HAND_CUTOUT
[218月2026 05:36:34.390] [Render thread/WARN] [Iris/]: Found fine program match for minecraft:pipeline/entity_translucent: HAND_TRANSLUCENT
[218月2026 05:36:34.390] [Render thread/WARN] [Iris/]: Found fine program match for minecraft:pipeline/entity_translucent_emissive: HAND_TRANSLUCENT
[218月2026 05:36:34.394] [Render thread/WARN] [Iris/]: Found fine program match for minecraft:pipeline/entity_cutout: HAND_CUTOUT
[218月2026 05:36:34.394] [Render thread/WARN] [Iris/]: Found fine program match for minecraft:pipeline/entity_translucent: HAND_TRANSLUCENT
[218月2026 05:36:34.394] [Render thread/WARN] [Iris/]: Found fine program match for minecraft:pipeline/entity_translucent_emissive: HAND_TRANSLUCENT
[218月2026 05:36:34.398] [Render thread/WARN] [Iris/]: Found fine program match for minecraft:pipeline/entity_cutout: HAND_CUTOUT
[218月2026 05:36:34.398] [Render thread/WARN] [Iris/]: Found fine program match for minecraft:pipeline/entity_translucent: HAND_TRANSLUCENT
[218月2026 05:36:34.398] [Render thread/WARN] [Iris/]: Found fine program match for minecraft:pipeline/entity_translucent_emissive: HAND_TRANSLUCENT
[218月2026 05:36:34.402] [Render thread/WARN] [Iris/]: Found fine program match for minecraft:pipeline/entity_cutout: HAND_CUTOUT
[218月2026 05:36:34.402] [Render thread/WARN] [Iris/]: Found fine program match for minecraft:pipeline/entity_translucent: HAND_TRANSLUCENT
[218月2026 05:36:34.402] [Render thread/WARN] [Iris/]: Found fine program match for minecraft:pipeline/entity_translucent_emissive: HAND_TRANSLUCENT
[218月2026 05:36:34.406] [Render thread/WARN] [Iris/]: Found fine program match for minecraft:pipeline/entity_cutout: HAND_CUTOUT
[218月2026 05:36:34.406] [Render thread/WARN] [Iris/]: Found fine program match for minecraft:pipeline/entity_translucent: HAND_TRANSLUCENT
[218月2026 05:36:34.406] [Render thread/WARN] [Iris/]: Found fine program match for minecraft:pipeline/entity_translucent_emissive: HAND_TRANSLUCENT
[218月2026 05:36:34.410] [Render thread/WARN] [Iris/]: Found fine program match for minecraft:pipeline/entity_cutout: HAND_CUTOUT
[218月2026 05:36:34.410] [Render thread/WARN] [Iris/]: Found fine program match for minecraft:pipeline/entity_translucent: HAND_TRANSLUCENT
[218月2026 05:36:34.410] [Render thread/WARN] [Iris/]: Found fine program match for minecraft:pipeline/entity_translucent_emissive: HAND_TRANSLUCENT
[218月2026 05:36:34.414] [Render thread/WARN] [Iris/]: Found fine program match for minecraft:pipeline/entity_cutout: HAND_CUTOUT
[218月2026 05:36:34.414] [Render thread/WARN] [Iris/]: Found fine program match for minecraft:pipeline/entity_translucent: HAND_TRANSLUCENT
[218月2026 05:36:34.414] [Render thread/WARN] [Iris/]: Found fine program match for minecraft:pipeline/entity_translucent_emissive: HAND_TRANSLUCENT
[218月2026 05:36:34.418] [Render thread/WARN] [Iris/]: Found fine program match for minecraft:pipeline/entity_cutout: HAND_CUTOUT
[218月2026 05:36:34.418] [Render thread/WARN] [Iris/]: Found fine program match for minecraft:pipeline/entity_translucent: HAND_TRANSLUCENT
[218月2026 05:36:34.418] [Render thread/WARN] [Iris/]: Found fine program match for minecraft:pipeline/entity_translucent_emissive: HAND_TRANSLUCENT
[218月2026 05:36:34.422] [Render thread/WARN] [Iris/]: Found fine program match for minecraft:pipeline/entity_cutout: HAND_CUTOUT
[218月2026 05:36:34.422] [Render thread/WARN] [Iris/]: Found fine program match for minecraft:pipeline/entity_translucent: HAND_TRANSLUCENT
[218月2026 05:36:34.422] [Render thread/WARN] [Iris/]: Found fine program match for minecraft:pipeline/entity_translucent_emissive: HAND_TRANSLUCENT
[218月2026 05:36:34.425] [Render thread/WARN] [Iris/]: Found fine program match for minecraft:pipeline/entity_cutout: HAND_CUTOUT
[218月2026 05:36:34.426] [Render thread/WARN] [Iris/]: Found fine program match for minecraft:pipeline/entity_translucent: HAND_TRANSLUCENT
[218月2026 05:36:34.426] [Render thread/WARN] [Iris/]: Found fine program match for minecraft:pipeline/entity_translucent_emissive: HAND_TRANSLUCENT
[218月2026 05:36:34.431] [Render thread/WARN] [Iris/]: Found fine program match for minecraft:pipeline/entity_cutout: HAND_CUTOUT
[218月2026 05:36:34.431] [Render thread/WARN] [Iris/]: Found fine program match for minecraft:pipeline/entity_translucent: HAND_TRANSLUCENT
[218月2026 05:36:34.431] [Render thread/WARN] [Iris/]: Found fine program match for minecraft:pipeline/entity_translucent_emissive: HAND_TRANSLUCENT
[218月2026 05:36:34.434] [Render thread/WARN] [Iris/]: Found fine program match for minecraft:pipeline/entity_cutout: HAND_CUTOUT
[218月2026 05:36:34.434] [Render thread/WARN] [Iris/]: Found fine program match for minecraft:pipeline/entity_translucent: HAND_TRANSLUCENT
[218月2026 05:36:34.434] [Render thread/WARN] [Iris/]: Found fine program match for minecraft:pipeline/entity_translucent_emissive: HAND_TRANSLUCENT
[218月2026 05:36:34.439] [Render thread/WARN] [Iris/]: Found fine program match for minecraft:pipeline/entity_cutout: HAND_CUTOUT
[218月2026 05:36:34.439] [Render thread/WARN] [Iris/]: Found fine program match for minecraft:pipeline/entity_translucent: HAND_TRANSLUCENT
[218月2026 05:36:34.439] [Render thread/WARN] [Iris/]: Found fine program match for minecraft:pipeline/entity_translucent_emissive: HAND_TRANSLUCENT
[218月2026 05:36:34.442] [Render thread/WARN] [Iris/]: Found fine program match for minecraft:pipeline/entity_cutout: HAND_CUTOUT
[218月2026 05:36:34.442] [Render thread/WARN] [Iris/]: Found fine program match for minecraft:pipeline/entity_translucent: HAND_TRANSLUCENT
[218月2026 05:36:34.442] [Render thread/WARN] [Iris/]: Found fine program match for minecraft:pipeline/entity_translucent_emissive: HAND_TRANSLUCENT
[218月2026 05:36:34.446] [Render thread/WARN] [Iris/]: Found fine program match for minecraft:pipeline/entity_cutout: HAND_CUTOUT
[218月2026 05:36:34.446] [Render thread/WARN] [Iris/]: Found fine program match for minecraft:pipeline/entity_translucent: HAND_TRANSLUCENT
[218月2026 05:36:34.446] [Render thread/WARN] [Iris/]: Found fine program match for minecraft:pipeline/entity_translucent_emissive: HAND_TRANSLUCENT
[218月2026 05:36:34.450] [Render thread/WARN] [Iris/]: Found fine program match for minecraft:pipeline/entity_cutout: HAND_CUTOUT
[218月2026 05:36:34.450] [Render thread/WARN] [Iris/]: Found fine program match for minecraft:pipeline/entity_translucent: HAND_TRANSLUCENT
[218月2026 05:36:34.450] [Render thread/WARN] [Iris/]: Found fine program match for minecraft:pipeline/entity_translucent_emissive: HAND_TRANSLUCENT
[218月2026 05:36:34.454] [Render thread/WARN] [Iris/]: Found fine program match for minecraft:pipeline/entity_cutout: HAND_CUTOUT
[218月2026 05:36:34.454] [Render thread/WARN] [Iris/]: Found fine program match for minecraft:pipeline/entity_translucent: HAND_TRANSLUCENT
[218月2026 05:36:34.454] [Render thread/WARN] [Iris/]: Found fine program match for minecraft:pipeline/entity_translucent_emissive: HAND_TRANSLUCENT
[218月2026 05:36:34.458] [Render thread/WARN] [Iris/]: Found fine program match for minecraft:pipeline/entity_cutout: HAND_CUTOUT
[218月2026 05:36:34.458] [Render thread/WARN] [Iris/]: Found fine program match for minecraft:pipeline/entity_translucent: HAND_TRANSLUCENT
[218月2026 05:36:34.458] [Render thread/WARN] [Iris/]: Found fine program match for minecraft:pipeline/entity_translucent_emissive: HAND_TRANSLUCENT
[218月2026 05:36:34.462] [Render thread/WARN] [Iris/]: Found fine program match for minecraft:pipeline/entity_cutout: HAND_CUTOUT
[218月2026 05:36:34.462] [Render thread/WARN] [Iris/]: Found fine program match for minecraft:pipeline/entity_translucent: HAND_TRANSLUCENT
[218月2026 05:36:34.462] [Render thread/WARN] [Iris/]: Found fine program match for minecraft:pipeline/entity_translucent_emissive: HAND_TRANSLUCENT
[218月2026 05:36:34.466] [Render thread/WARN] [Iris/]: Found fine program match for minecraft:pipeline/entity_cutout: HAND_CUTOUT
[218月2026 05:36:34.466] [Render thread/WARN] [Iris/]: Found fine program match for minecraft:pipeline/entity_translucent: HAND_TRANSLUCENT
[218月2026 05:36:34.466] [Render thread/WARN] [Iris/]: Found fine program match for minecraft:pipeline/entity_translucent_emissive: HAND_TRANSLUCENT
[218月2026 05:36:34.470] [Render thread/WARN] [Iris/]: Found fine program match for minecraft:pipeline/entity_cutout: HAND_CUTOUT
[218月2026 05:36:34.470] [Render thread/WARN] [Iris/]: Found fine program match for minecraft:pipeline/entity_translucent: HAND_TRANSLUCENT
[218月2026 05:36:34.470] [Render thread/WARN] [Iris/]: Found fine program match for minecraft:pipeline/entity_translucent_emissive: HAND_TRANSLUCENT
[218月2026 05:36:34.474] [Render thread/WARN] [Iris/]: Found fine program match for minecraft:pipeline/entity_cutout: HAND_CUTOUT
[218月2026 05:36:34.474] [Render thread/WARN] [Iris/]: Found fine program match for minecraft:pipeline/entity_translucent: HAND_TRANSLUCENT
[218月2026 05:36:34.474] [Render thread/WARN] [Iris/]: Found fine program match for minecraft:pipeline/entity_translucent_emissive: HAND_TRANSLUCENT
[218月2026 05:36:34.479] [Render thread/WARN] [Iris/]: Found fine program match for minecraft:pipeline/entity_cutout: HAND_CUTOUT
[218月2026 05:36:34.479] [Render thread/WARN] [Iris/]: Found fine program match for minecraft:pipeline/entity_translucent: HAND_TRANSLUCENT
[218月2026 05:36:34.479] [Render thread/WARN] [Iris/]: Found fine program match for minecraft:pipeline/entity_translucent_emissive: HAND_TRANSLUCENT
[218月2026 05:36:34.482] [Render thread/WARN] [Iris/]: Found fine program match for minecraft:pipeline/entity_cutout: HAND_CUTOUT
[218月2026 05:36:34.482] [Render thread/WARN] [Iris/]: Found fine program match for minecraft:pipeline/entity_translucent: HAND_TRANSLUCENT
[218月2026 05:36:34.482] [Render thread/WARN] [Iris/]: Found fine program match for minecraft:pipeline/entity_translucent_emissive: HAND_TRANSLUCENT
[218月2026 05:36:34.486] [Render thread/WARN] [Iris/]: Found fine program match for minecraft:pipeline/entity_cutout: HAND_CUTOUT
[218月2026 05:36:34.486] [Render thread/WARN] [Iris/]: Found fine program match for minecraft:pipeline/entity_translucent: HAND_TRANSLUCENT
[218月2026 05:36:34.486] [Render thread/WARN] [Iris/]: Found fine program match for minecraft:pipeline/entity_translucent_emissive: HAND_TRANSLUCENT
[218月2026 05:36:34.490] [Render thread/WARN] [Iris/]: Found fine program match for minecraft:pipeline/entity_cutout: HAND_CUTOUT
[218月2026 05:36:34.490] [Render thread/WARN] [Iris/]: Found fine program match for minecraft:pipeline/entity_translucent: HAND_TRANSLUCENT
[218月2026 05:36:34.490] [Render thread/WARN] [Iris/]: Found fine program match for minecraft:pipeline/entity_translucent_emissive: HAND_TRANSLUCENT
[218月2026 05:36:34.495] [Render thread/WARN] [Iris/]: Found fine program match for minecraft:pipeline/entity_cutout: HAND_CUTOUT
[218月2026 05:36:34.495] [Render thread/WARN] [Iris/]: Found fine program match for minecraft:pipeline/entity_translucent: HAND_TRANSLUCENT
[218月2026 05:36:34.495] [Render thread/WARN] [Iris/]: Found fine program match for minecraft:pipeline/entity_translucent_emissive: HAND_TRANSLUCENT
[218月2026 05:36:34.499] [Render thread/WARN] [Iris/]: Found fine program match for minecraft:pipeline/entity_cutout: HAND_CUTOUT
[218月2026 05:36:34.500] [Render thread/WARN] [Iris/]: Found fine program match for minecraft:pipeline/entity_translucent: HAND_TRANSLUCENT
[218月2026 05:36:34.500] [Render thread/WARN] [Iris/]: Found fine program match for minecraft:pipeline/entity_translucent_emissive: HAND_TRANSLUCENT
[218月2026 05:36:34.503] [Render thread/WARN] [Iris/]: Found fine program match for minecraft:pipeline/entity_cutout: HAND_CUTOUT
[218月2026 05:36:34.503] [Render thread/WARN] [Iris/]: Found fine program match for minecraft:pipeline/entity_translucent: HAND_TRANSLUCENT
[218月2026 05:36:34.503] [Render thread/WARN] [Iris/]: Found fine program match for minecraft:pipeline/entity_translucent_emissive: HAND_TRANSLUCENT
[218月2026 05:36:34.507] [Render thread/WARN] [Iris/]: Found fine program match for minecraft:pipeline/entity_cutout: HAND_CUTOUT
[218月2026 05:36:34.507] [Render thread/WARN] [Iris/]: Found fine program match for minecraft:pipeline/entity_translucent: HAND_TRANSLUCENT
[218月2026 05:36:34.507] [Render thread/WARN] [Iris/]: Found fine program match for minecraft:pipeline/entity_translucent_emissive: HAND_TRANSLUCENT
[218月2026 05:36:34.511] [Render thread/WARN] [Iris/]: Found fine program match for minecraft:pipeline/entity_cutout: HAND_CUTOUT
[218月2026 05:36:34.511] [Render thread/WARN] [Iris/]: Found fine program match for minecraft:pipeline/entity_translucent: HAND_TRANSLUCENT
[218月2026 05:36:34.511] [Render thread/WARN] [Iris/]: Found fine program match for minecraft:pipeline/entity_translucent_emissive: HAND_TRANSLUCENT
[218月2026 05:36:34.516] [Render thread/WARN] [Iris/]: Found fine program match for minecraft:pipeline/entity_cutout: HAND_CUTOUT
[218月2026 05:36:34.516] [Render thread/WARN] [Iris/]: Found fine program match for minecraft:pipeline/entity_translucent: HAND_TRANSLUCENT
[218月2026 05:36:34.516] [Render thread/WARN] [Iris/]: Found fine program match for minecraft:pipeline/entity_translucent_emissive: HAND_TRANSLUCENT
[218月2026 05:36:34.520] [Render thread/WARN] [Iris/]: Found fine program match for minecraft:pipeline/entity_cutout: HAND_CUTOUT
[218月2026 05:36:34.520] [Render thread/WARN] [Iris/]: Found fine program match for minecraft:pipeline/entity_translucent: HAND_TRANSLUCENT
[218月2026 05:36:34.520] [Render thread/WARN] [Iris/]: Found fine program match for minecraft:pipeline/entity_translucent_emissive: HAND_TRANSLUCENT
[218月2026 05:36:34.523] [Render thread/WARN] [Iris/]: Found fine program match for minecraft:pipeline/entity_cutout: HAND_CUTOUT
[218月2026 05:36:34.523] [Render thread/WARN] [Iris/]: Found fine program match for minecraft:pipeline/entity_translucent: HAND_TRANSLUCENT
[218月2026 05:36:34.523] [Render thread/WARN] [Iris/]: Found fine program match for minecraft:pipeline/entity_translucent_emissive: HAND_TRANSLUCENT
[218月2026 05:36:34.529] [Render thread/WARN] [Iris/]: Found fine program match for minecraft:pipeline/entity_cutout: HAND_CUTOUT
[218月2026 05:36:34.529] [Render thread/WARN] [Iris/]: Found fine program match for minecraft:pipeline/entity_translucent: HAND_TRANSLUCENT
[218月2026 05:36:34.529] [Render thread/WARN] [Iris/]: Found fine program match for minecraft:pipeline/entity_translucent_emissive: HAND_TRANSLUCENT
[218月2026 05:36:34.532] [Render thread/WARN] [Iris/]: Found fine program match for minecraft:pipeline/entity_cutout: HAND_CUTOUT
[218月2026 05:36:34.532] [Render thread/WARN] [Iris/]: Found fine program match for minecraft:pipeline/entity_translucent: HAND_TRANSLUCENT
[218月2026 05:36:34.532] [Render thread/WARN] [Iris/]: Found fine program match for minecraft:pipeline/entity_translucent_emissive: HAND_TRANSLUCENT
[218月2026 05:36:34.536] [Render thread/WARN] [Iris/]: Found fine program match for minecraft:pipeline/entity_cutout: HAND_CUTOUT
[218月2026 05:36:34.536] [Render thread/WARN] [Iris/]: Found fine program match for minecraft:pipeline/entity_translucent: HAND_TRANSLUCENT
[218月2026 05:36:34.536] [Render thread/WARN] [Iris/]: Found fine program match for minecraft:pipeline/entity_translucent_emissive: HAND_TRANSLUCENT
[218月2026 05:36:34.539] [Render thread/WARN] [Iris/]: Found fine program match for minecraft:pipeline/entity_cutout: HAND_CUTOUT
[218月2026 05:36:34.539] [Render thread/WARN] [Iris/]: Found fine program match for minecraft:pipeline/entity_translucent: HAND_TRANSLUCENT
[218月2026 05:36:34.539] [Render thread/WARN] [Iris/]: Found fine program match for minecraft:pipeline/entity_translucent_emissive: HAND_TRANSLUCENT
[218月2026 05:36:34.543] [Render thread/WARN] [Iris/]: Found fine program match for minecraft:pipeline/entity_cutout: HAND_CUTOUT
[218月2026 05:36:34.543] [Render thread/WARN] [Iris/]: Found fine program match for minecraft:pipeline/entity_translucent: HAND_TRANSLUCENT
[218月2026 05:36:34.543] [Render thread/WARN] [Iris/]: Found fine program match for minecraft:pipeline/entity_translucent_emissive: HAND_TRANSLUCENT
[218月2026 05:36:34.547] [Render thread/WARN] [Iris/]: Found fine program match for minecraft:pipeline/entity_cutout: HAND_CUTOUT
[218月2026 05:36:34.547] [Render thread/WARN] [Iris/]: Found fine program match for minecraft:pipeline/entity_translucent: HAND_TRANSLUCENT
[218月2026 05:36:34.547] [Render thread/WARN] [Iris/]: Found fine program match for minecraft:pipeline/entity_translucent_emissive: HAND_TRANSLUCENT
[218月2026 05:36:34.551] [Render thread/WARN] [Iris/]: Found fine program match for minecraft:pipeline/entity_cutout: HAND_CUTOUT
[218月2026 05:36:34.551] [Render thread/WARN] [Iris/]: Found fine program match for minecraft:pipeline/entity_translucent: HAND_TRANSLUCENT
[218月2026 05:36:34.551] [Render thread/WARN] [Iris/]: Found fine program match for minecraft:pipeline/entity_translucent_emissive: HAND_TRANSLUCENT
[218月2026 05:36:34.555] [Render thread/WARN] [Iris/]: Found fine program match for minecraft:pipeline/entity_cutout: HAND_CUTOUT
[218月2026 05:36:34.555] [Render thread/WARN] [Iris/]: Found fine program match for minecraft:pipeline/entity_translucent: HAND_TRANSLUCENT
[218月2026 05:36:34.555] [Render thread/WARN] [Iris/]: Found fine program match for minecraft:pipeline/entity_translucent_emissive: HAND_TRANSLUCENT
[218月2026 05:36:34.559] [Render thread/WARN] [Iris/]: Found fine program match for minecraft:pipeline/entity_cutout: HAND_CUTOUT
[218月2026 05:36:34.559] [Render thread/WARN] [Iris/]: Found fine program match for minecraft:pipeline/entity_translucent: HAND_TRANSLUCENT
[218月2026 05:36:34.559] [Render thread/WARN] [Iris/]: Found fine program match for minecraft:pipeline/entity_translucent_emissive: HAND_TRANSLUCENT
[218月2026 05:36:34.563] [Render thread/WARN] [Iris/]: Found fine program match for minecraft:pipeline/entity_cutout: HAND_CUTOUT
[218月2026 05:36:34.563] [Render thread/WARN] [Iris/]: Found fine program match for minecraft:pipeline/entity_translucent: HAND_TRANSLUCENT
[218月2026 05:36:34.563] [Render thread/WARN] [Iris/]: Found fine program match for minecraft:pipeline/entity_translucent_emissive: HAND_TRANSLUCENT
[218月2026 05:36:34.567] [Render thread/WARN] [Iris/]: Found fine program match for minecraft:pipeline/entity_cutout: HAND_CUTOUT
[218月2026 05:36:34.567] [Render thread/WARN] [Iris/]: Found fine program match for minecraft:pipeline/entity_translucent: HAND_TRANSLUCENT
[218月2026 05:36:34.567] [Render thread/WARN] [Iris/]: Found fine program match for minecraft:pipeline/entity_translucent_emissive: HAND_TRANSLUCENT
[218月2026 05:36:34.572] [Render thread/WARN] [Iris/]: Found fine program match for minecraft:pipeline/entity_cutout: HAND_CUTOUT
[218月2026 05:36:34.572] [Render thread/WARN] [Iris/]: Found fine program match for minecraft:pipeline/entity_translucent: HAND_TRANSLUCENT
[218月2026 05:36:34.572] [Render thread/WARN] [Iris/]: Found fine program match for minecraft:pipeline/entity_translucent_emissive: HAND_TRANSLUCENT
[218月2026 05:36:34.576] [Render thread/WARN] [Iris/]: Found fine program match for minecraft:pipeline/entity_cutout: HAND_CUTOUT
[218月2026 05:36:34.576] [Render thread/WARN] [Iris/]: Found fine program match for minecraft:pipeline/entity_translucent: HAND_TRANSLUCENT
[218月2026 05:36:34.576] [Render thread/WARN] [Iris/]: Found fine program match for minecraft:pipeline/entity_translucent_emissive: HAND_TRANSLUCENT
[218月2026 05:36:34.580] [Render thread/WARN] [Iris/]: Found fine program match for minecraft:pipeline/entity_cutout: HAND_CUTOUT
[218月2026 05:36:34.580] [Render thread/WARN] [Iris/]: Found fine program match for minecraft:pipeline/entity_translucent: HAND_TRANSLUCENT
[218月2026 05:36:34.580] [Render thread/WARN] [Iris/]: Found fine program match for minecraft:pipeline/entity_translucent_emissive: HAND_TRANSLUCENT
[218月2026 05:36:34.583] [Render thread/WARN] [Iris/]: Found fine program match for minecraft:pipeline/entity_cutout: HAND_CUTOUT
[218月2026 05:36:34.583] [Render thread/WARN] [Iris/]: Found fine program match for minecraft:pipeline/entity_translucent: HAND_TRANSLUCENT
[218月2026 05:36:34.583] [Render thread/WARN] [Iris/]: Found fine program match for minecraft:pipeline/entity_translucent_emissive: HAND_TRANSLUCENT
[218月2026 05:36:34.587] [Render thread/WARN] [Iris/]: Found fine program match for minecraft:pipeline/entity_cutout: HAND_CUTOUT
[218月2026 05:36:34.587] [Render thread/WARN] [Iris/]: Found fine program match for minecraft:pipeline/entity_translucent: HAND_TRANSLUCENT
[218月2026 05:36:34.588] [Render thread/WARN] [Iris/]: Found fine program match for minecraft:pipeline/entity_translucent_emissive: HAND_TRANSLUCENT
[218月2026 05:36:34.592] [Render thread/WARN] [Iris/]: Found fine program match for minecraft:pipeline/entity_cutout: HAND_CUTOUT
[218月2026 05:36:34.592] [Render thread/WARN] [Iris/]: Found fine program match for minecraft:pipeline/entity_translucent: HAND_TRANSLUCENT
[218月2026 05:36:34.592] [Render thread/WARN] [Iris/]: Found fine program match for minecraft:pipeline/entity_translucent_emissive: HAND_TRANSLUCENT
[218月2026 05:36:34.596] [Render thread/WARN] [Iris/]: Found fine program match for minecraft:pipeline/entity_cutout: HAND_CUTOUT
[218月2026 05:36:34.596] [Render thread/WARN] [Iris/]: Found fine program match for minecraft:pipeline/entity_translucent: HAND_TRANSLUCENT
[218月2026 05:36:34.596] [Render thread/WARN] [Iris/]: Found fine program match for minecraft:pipeline/entity_translucent_emissive: HAND_TRANSLUCENT
[218月2026 05:36:34.599] [Render thread/WARN] [Iris/]: Found fine program match for minecraft:pipeline/entity_cutout: HAND_CUTOUT
[218月2026 05:36:34.599] [Render thread/WARN] [Iris/]: Found fine program match for minecraft:pipeline/entity_translucent: HAND_TRANSLUCENT
[218月2026 05:36:34.599] [Render thread/WARN] [Iris/]: Found fine program match for minecraft:pipeline/entity_translucent_emissive: HAND_TRANSLUCENT
[218月2026 05:36:34.603] [Render thread/WARN] [Iris/]: Found fine program match for minecraft:pipeline/entity_cutout: HAND_CUTOUT
[218月2026 05:36:34.603] [Render thread/WARN] [Iris/]: Found fine program match for minecraft:pipeline/entity_translucent: HAND_TRANSLUCENT
[218月2026 05:36:34.603] [Render thread/WARN] [Iris/]: Found fine program match for minecraft:pipeline/entity_translucent_emissive: HAND_TRANSLUCENT
[218月2026 05:36:34.607] [Render thread/WARN] [Iris/]: Found fine program match for minecraft:pipeline/entity_cutout: HAND_CUTOUT
[218月2026 05:36:34.607] [Render thread/WARN] [Iris/]: Found fine program match for minecraft:pipeline/entity_translucent: HAND_TRANSLUCENT
[218月2026 05:36:34.607] [Render thread/WARN] [Iris/]: Found fine program match for minecraft:pipeline/entity_translucent_emissive: HAND_TRANSLUCENT
[218月2026 05:36:34.612] [Render thread/WARN] [Iris/]: Found fine program match for minecraft:pipeline/entity_cutout: HAND_CUTOUT
[218月2026 05:36:34.612] [Render thread/WARN] [Iris/]: Found fine program match for minecraft:pipeline/entity_translucent: HAND_TRANSLUCENT
[218月2026 05:36:34.612] [Render thread/WARN] [Iris/]: Found fine program match for minecraft:pipeline/entity_translucent_emissive: HAND_TRANSLUCENT
[218月2026 05:36:34.616] [Render thread/WARN] [Iris/]: Found fine program match for minecraft:pipeline/entity_cutout: HAND_CUTOUT
[218月2026 05:36:34.616] [Render thread/WARN] [Iris/]: Found fine program match for minecraft:pipeline/entity_translucent: HAND_TRANSLUCENT
[218月2026 05:36:34.616] [Render thread/WARN] [Iris/]: Found fine program match for minecraft:pipeline/entity_translucent_emissive: HAND_TRANSLUCENT
[218月2026 05:36:34.619] [Render thread/WARN] [Iris/]: Found fine program match for minecraft:pipeline/entity_cutout: HAND_CUTOUT
[218月2026 05:36:34.619] [Render thread/WARN] [Iris/]: Found fine program match for minecraft:pipeline/entity_translucent: HAND_TRANSLUCENT
[218月2026 05:36:34.619] [Render thread/WARN] [Iris/]: Found fine program match for minecraft:pipeline/entity_translucent_emissive: HAND_TRANSLUCENT
[218月2026 05:36:34.624] [Render thread/WARN] [Iris/]: Found fine program match for minecraft:pipeline/entity_cutout: HAND_CUTOUT
[218月2026 05:36:34.624] [Render thread/WARN] [Iris/]: Found fine program match for minecraft:pipeline/entity_translucent: HAND_TRANSLUCENT
[218月2026 05:36:34.624] [Render thread/WARN] [Iris/]: Found fine program match for minecraft:pipeline/entity_translucent_emissive: HAND_TRANSLUCENT
[218月2026 05:36:34.630] [Render thread/WARN] [Iris/]: Found fine program match for minecraft:pipeline/entity_cutout: HAND_CUTOUT
[218月2026 05:36:34.630] [Render thread/WARN] [Iris/]: Found fine program match for minecraft:pipeline/entity_translucent: HAND_TRANSLUCENT
[218月2026 05:36:34.630] [Render thread/WARN] [Iris/]: Found fine program match for minecraft:pipeline/entity_translucent_emissive: HAND_TRANSLUCENT
[218月2026 05:36:34.634] [Render thread/WARN] [Iris/]: Found fine program match for minecraft:pipeline/entity_cutout: HAND_CUTOUT
[218月2026 05:36:34.634] [Render thread/WARN] [Iris/]: Found fine program match for minecraft:pipeline/entity_translucent: HAND_TRANSLUCENT
[218月2026 05:36:34.634] [Render thread/WARN] [Iris/]: Found fine program match for minecraft:pipeline/entity_translucent_emissive: HAND_TRANSLUCENT
[218月2026 05:36:34.637] [Render thread/WARN] [Iris/]: Found fine program match for minecraft:pipeline/entity_cutout: HAND_CUTOUT
[218月2026 05:36:34.637] [Render thread/WARN] [Iris/]: Found fine program match for minecraft:pipeline/entity_translucent: HAND_TRANSLUCENT
[218月2026 05:36:34.637] [Render thread/WARN] [Iris/]: Found fine program match for minecraft:pipeline/entity_translucent_emissive: HAND_TRANSLUCENT
[218月2026 05:36:34.641] [Render thread/WARN] [Iris/]: Found fine program match for minecraft:pipeline/entity_cutout: HAND_CUTOUT
[218月2026 05:36:34.641] [Render thread/WARN] [Iris/]: Found fine program match for minecraft:pipeline/entity_translucent: HAND_TRANSLUCENT
[218月2026 05:36:34.641] [Render thread/WARN] [Iris/]: Found fine program match for minecraft:pipeline/entity_translucent_emissive: HAND_TRANSLUCENT
[218月2026 05:36:34.645] [Render thread/WARN] [Iris/]: Found fine program match for minecraft:pipeline/entity_cutout: HAND_CUTOUT
[218月2026 05:36:34.645] [Render thread/WARN] [Iris/]: Found fine program match for minecraft:pipeline/entity_translucent: HAND_TRANSLUCENT
[218月2026 05:36:34.645] [Render thread/WARN] [Iris/]: Found fine program match for minecraft:pipeline/entity_translucent_emissive: HAND_TRANSLUCENT
[218月2026 05:36:34.650] [Render thread/WARN] [Iris/]: Found fine program match for minecraft:pipeline/entity_cutout: HAND_CUTOUT
[218月2026 05:36:34.650] [Render thread/WARN] [Iris/]: Found fine program match for minecraft:pipeline/entity_translucent: HAND_TRANSLUCENT
[218月2026 05:36:34.650] [Render thread/WARN] [Iris/]: Found fine program match for minecraft:pipeline/entity_translucent_emissive: HAND_TRANSLUCENT
[218月2026 05:36:34.653] [Render thread/WARN] [Iris/]: Found fine program match for minecraft:pipeline/entity_cutout: HAND_CUTOUT
[218月2026 05:36:34.653] [Render thread/WARN] [Iris/]: Found fine program match for minecraft:pipeline/entity_translucent: HAND_TRANSLUCENT
[218月2026 05:36:34.653] [Render thread/WARN] [Iris/]: Found fine program match for minecraft:pipeline/entity_translucent_emissive: HAND_TRANSLUCENT
[218月2026 05:36:34.657] [Render thread/WARN] [Iris/]: Found fine program match for minecraft:pipeline/entity_cutout: HAND_CUTOUT
[218月2026 05:36:34.658] [Render thread/WARN] [Iris/]: Found fine program match for minecraft:pipeline/entity_translucent: HAND_TRANSLUCENT
[218月2026 05:36:34.658] [Render thread/WARN] [Iris/]: Found fine program match for minecraft:pipeline/entity_translucent_emissive: HAND_TRANSLUCENT
[218月2026 05:36:34.662] [Render thread/WARN] [Iris/]: Found fine program match for minecraft:pipeline/entity_cutout: HAND_CUTOUT
[218月2026 05:36:34.662] [Render thread/WARN] [Iris/]: Found fine program match for minecraft:pipeline/entity_translucent: HAND_TRANSLUCENT
[218月2026 05:36:34.662] [Render thread/WARN] [Iris/]: Found fine program match for minecraft:pipeline/entity_translucent_emissive: HAND_TRANSLUCENT
[218月2026 05:36:34.666] [Render thread/WARN] [Iris/]: Found fine program match for minecraft:pipeline/entity_cutout: HAND_CUTOUT
[218月2026 05:36:34.666] [Render thread/WARN] [Iris/]: Found fine program match for minecraft:pipeline/entity_translucent: HAND_TRANSLUCENT
[218月2026 05:36:34.666] [Render thread/WARN] [Iris/]: Found fine program match for minecraft:pipeline/entity_translucent_emissive: HAND_TRANSLUCENT
[218月2026 05:36:34.670] [Render thread/WARN] [Iris/]: Found fine program match for minecraft:pipeline/entity_cutout: HAND_CUTOUT
[218月2026 05:36:34.670] [Render thread/WARN] [Iris/]: Found fine program match for minecraft:pipeline/entity_translucent: HAND_TRANSLUCENT
[218月2026 05:36:34.670] [Render thread/WARN] [Iris/]: Found fine program match for minecraft:pipeline/entity_translucent_emissive: HAND_TRANSLUCENT
[218月2026 05:36:34.674] [Render thread/WARN] [Iris/]: Found fine program match for minecraft:pipeline/entity_cutout: HAND_CUTOUT
[218月2026 05:36:34.674] [Render thread/WARN] [Iris/]: Found fine program match for minecraft:pipeline/entity_translucent: HAND_TRANSLUCENT
[218月2026 05:36:34.674] [Render thread/WARN] [Iris/]: Found fine program match for minecraft:pipeline/entity_translucent_emissive: HAND_TRANSLUCENT
[218月2026 05:36:34.680] [Render thread/WARN] [Iris/]: Found fine program match for minecraft:pipeline/entity_cutout: HAND_CUTOUT
[218月2026 05:36:34.680] [Render thread/WARN] [Iris/]: Found fine program match for minecraft:pipeline/entity_translucent: HAND_TRANSLUCENT
[218月2026 05:36:34.680] [Render thread/WARN] [Iris/]: Found fine program match for minecraft:pipeline/entity_translucent_emissive: HAND_TRANSLUCENT
[218月2026 05:36:34.684] [Render thread/WARN] [Iris/]: Found fine program match for minecraft:pipeline/entity_cutout: HAND_CUTOUT
[218月2026 05:36:34.684] [Render thread/WARN] [Iris/]: Found fine program match for minecraft:pipeline/entity_translucent: HAND_TRANSLUCENT
[218月2026 05:36:34.684] [Render thread/WARN] [Iris/]: Found fine program match for minecraft:pipeline/entity_translucent_emissive: HAND_TRANSLUCENT
[218月2026 05:36:34.687] [Render thread/WARN] [Iris/]: Found fine program match for minecraft:pipeline/entity_cutout: HAND_CUTOUT
[218月2026 05:36:34.687] [Render thread/WARN] [Iris/]: Found fine program match for minecraft:pipeline/entity_translucent: HAND_TRANSLUCENT
[218月2026 05:36:34.687] [Render thread/WARN] [Iris/]: Found fine program match for minecraft:pipeline/entity_translucent_emissive: HAND_TRANSLUCENT
[218月2026 05:36:34.696] [Render thread/WARN] [Iris/]: Found fine program match for minecraft:pipeline/entity_cutout: HAND_CUTOUT
[218月2026 05:36:34.696] [Render thread/WARN] [Iris/]: Found fine program match for minecraft:pipeline/entity_translucent: HAND_TRANSLUCENT
[218月2026 05:36:34.696] [Render thread/WARN] [Iris/]: Found fine program match for minecraft:pipeline/entity_translucent_emissive: HAND_TRANSLUCENT
[218月2026 05:36:34.699] [Render thread/WARN] [Iris/]: Found fine program match for minecraft:pipeline/entity_cutout: HAND_CUTOUT
[218月2026 05:36:34.699] [Render thread/WARN] [Iris/]: Found fine program match for minecraft:pipeline/entity_translucent: HAND_TRANSLUCENT
[218月2026 05:36:34.699] [Render thread/WARN] [Iris/]: Found fine program match for minecraft:pipeline/entity_translucent_emissive: HAND_TRANSLUCENT
[218月2026 05:36:34.702] [Render thread/WARN] [Iris/]: Found fine program match for minecraft:pipeline/entity_cutout: HAND_CUTOUT
[218月2026 05:36:34.702] [Render thread/WARN] [Iris/]: Found fine program match for minecraft:pipeline/entity_translucent: HAND_TRANSLUCENT
[218月2026 05:36:34.702] [Render thread/WARN] [Iris/]: Found fine program match for minecraft:pipeline/entity_translucent_emissive: HAND_TRANSLUCENT
[218月2026 05:36:34.707] [Render thread/WARN] [Iris/]: Found fine program match for minecraft:pipeline/entity_cutout: HAND_CUTOUT
[218月2026 05:36:34.707] [Render thread/WARN] [Iris/]: Found fine program match for minecraft:pipeline/entity_translucent: HAND_TRANSLUCENT
[218月2026 05:36:34.707] [Render thread/WARN] [Iris/]: Found fine program match for minecraft:pipeline/entity_translucent_emissive: HAND_TRANSLUCENT
[218月2026 05:36:34.713] [Render thread/WARN] [Iris/]: Found fine program match for minecraft:pipeline/entity_cutout: HAND_CUTOUT
[218月2026 05:36:34.713] [Render thread/WARN] [Iris/]: Found fine program match for minecraft:pipeline/entity_translucent: HAND_TRANSLUCENT
[218月2026 05:36:34.713] [Render thread/WARN] [Iris/]: Found fine program match for minecraft:pipeline/entity_translucent_emissive: HAND_TRANSLUCENT
[218月2026 05:36:34.716] [Render thread/WARN] [Iris/]: Found fine program match for minecraft:pipeline/entity_cutout: HAND_CUTOUT
[218月2026 05:36:34.716] [Render thread/WARN] [Iris/]: Found fine program match for minecraft:pipeline/entity_translucent: HAND_TRANSLUCENT
[218月2026 05:36:34.716] [Render thread/WARN] [Iris/]: Found fine program match for minecraft:pipeline/entity_translucent_emissive: HAND_TRANSLUCENT
[218月2026 05:36:34.719] [Render thread/WARN] [Iris/]: Found fine program match for minecraft:pipeline/entity_cutout: HAND_CUTOUT
[218月2026 05:36:34.719] [Render thread/WARN] [Iris/]: Found fine program match for minecraft:pipeline/entity_translucent: HAND_TRANSLUCENT
[218月2026 05:36:34.719] [Render thread/WARN] [Iris/]: Found fine program match for minecraft:pipeline/entity_translucent_emissive: HAND_TRANSLUCENT
[218月2026 05:36:34.724] [Render thread/WARN] [Iris/]: Found fine program match for minecraft:pipeline/entity_cutout: HAND_CUTOUT
[218月2026 05:36:34.724] [Render thread/WARN] [Iris/]: Found fine program match for minecraft:pipeline/entity_translucent: HAND_TRANSLUCENT
[218月2026 05:36:34.724] [Render thread/WARN] [Iris/]: Found fine program match for minecraft:pipeline/entity_translucent_emissive: HAND_TRANSLUCENT
[218月2026 05:36:34.730] [Render thread/WARN] [Iris/]: Found fine program match for minecraft:pipeline/entity_cutout: HAND_CUTOUT
[218月2026 05:36:34.730] [Render thread/WARN] [Iris/]: Found fine program match for minecraft:pipeline/entity_translucent: HAND_TRANSLUCENT
[218月2026 05:36:34.730] [Render thread/WARN] [Iris/]: Found fine program match for minecraft:pipeline/entity_translucent_emissive: HAND_TRANSLUCENT
[218月2026 05:36:34.733] [Render thread/WARN] [Iris/]: Found fine program match for minecraft:pipeline/entity_cutout: HAND_CUTOUT
[218月2026 05:36:34.733] [Render thread/WARN] [Iris/]: Found fine program match for minecraft:pipeline/entity_translucent: HAND_TRANSLUCENT
[218月2026 05:36:34.733] [Render thread/WARN] [Iris/]: Found fine program match for minecraft:pipeline/entity_translucent_emissive: HAND_TRANSLUCENT
[218月2026 05:36:34.736] [Render thread/WARN] [Iris/]: Found fine program match for minecraft:pipeline/entity_cutout: HAND_CUTOUT
[218月2026 05:36:34.736] [Render thread/WARN] [Iris/]: Found fine program match for minecraft:pipeline/entity_translucent: HAND_TRANSLUCENT
[218月2026 05:36:34.736] [Render thread/WARN] [Iris/]: Found fine program match for minecraft:pipeline/entity_translucent_emissive: HAND_TRANSLUCENT
[218月2026 05:36:34.740] [Render thread/WARN] [Iris/]: Found fine program match for minecraft:pipeline/entity_cutout: HAND_CUTOUT
[218月2026 05:36:34.740] [Render thread/WARN] [Iris/]: Found fine program match for minecraft:pipeline/entity_translucent: HAND_TRANSLUCENT
[218月2026 05:36:34.740] [Render thread/WARN] [Iris/]: Found fine program match for minecraft:pipeline/entity_translucent_emissive: HAND_TRANSLUCENT
[218月2026 05:36:34.745] [Render thread/WARN] [Iris/]: Found fine program match for minecraft:pipeline/entity_cutout: HAND_CUTOUT
[218月2026 05:36:34.745] [Render thread/WARN] [Iris/]: Found fine program match for minecraft:pipeline/entity_translucent: HAND_TRANSLUCENT
[218月2026 05:36:34.745] [Render thread/WARN] [Iris/]: Found fine program match for minecraft:pipeline/entity_translucent_emissive: HAND_TRANSLUCENT
[218月2026 05:36:34.748] [Render thread/WARN] [Iris/]: Found fine program match for minecraft:pipeline/entity_cutout: HAND_CUTOUT
[218月2026 05:36:34.748] [Render thread/WARN] [Iris/]: Found fine program match for minecraft:pipeline/entity_translucent: HAND_TRANSLUCENT
[218月2026 05:36:34.748] [Render thread/WARN] [Iris/]: Found fine program match for minecraft:pipeline/entity_translucent_emissive: HAND_TRANSLUCENT
[218月2026 05:36:34.752] [Render thread/WARN] [Iris/]: Found fine program match for minecraft:pipeline/entity_cutout: HAND_CUTOUT
[218月2026 05:36:34.752] [Render thread/WARN] [Iris/]: Found fine program match for minecraft:pipeline/entity_translucent: HAND_TRANSLUCENT
[218月2026 05:36:34.752] [Render thread/WARN] [Iris/]: Found fine program match for minecraft:pipeline/entity_translucent_emissive: HAND_TRANSLUCENT
[218月2026 05:36:34.756] [Render thread/WARN] [Iris/]: Found fine program match for minecraft:pipeline/entity_cutout: HAND_CUTOUT
[218月2026 05:36:34.756] [Render thread/WARN] [Iris/]: Found fine program match for minecraft:pipeline/entity_translucent: HAND_TRANSLUCENT
[218月2026 05:36:34.756] [Render thread/WARN] [Iris/]: Found fine program match for minecraft:pipeline/entity_translucent_emissive: HAND_TRANSLUCENT
[218月2026 05:36:34.760] [Render thread/WARN] [Iris/]: Found fine program match for minecraft:pipeline/entity_cutout: HAND_CUTOUT
[218月2026 05:36:34.760] [Render thread/WARN] [Iris/]: Found fine program match for minecraft:pipeline/entity_translucent: HAND_TRANSLUCENT
[218月2026 05:36:34.760] [Render thread/WARN] [Iris/]: Found fine program match for minecraft:pipeline/entity_translucent_emissive: HAND_TRANSLUCENT
[218月2026 05:36:34.764] [Render thread/WARN] [Iris/]: Found fine program match for minecraft:pipeline/entity_cutout: HAND_CUTOUT
[218月2026 05:36:34.764] [Render thread/WARN] [Iris/]: Found fine program match for minecraft:pipeline/entity_translucent: HAND_TRANSLUCENT
[218月2026 05:36:34.764] [Render thread/WARN] [Iris/]: Found fine program match for minecraft:pipeline/entity_translucent_emissive: HAND_TRANSLUCENT
[218月2026 05:36:34.768] [Render thread/WARN] [Iris/]: Found fine program match for minecraft:pipeline/entity_cutout: HAND_CUTOUT
[218月2026 05:36:34.768] [Render thread/WARN] [Iris/]: Found fine program match for minecraft:pipeline/entity_translucent: HAND_TRANSLUCENT
[218月2026 05:36:34.768] [Render thread/WARN] [Iris/]: Found fine program match for minecraft:pipeline/entity_translucent_emissive: HAND_TRANSLUCENT
[218月2026 05:36:34.772] [Render thread/WARN] [Iris/]: Found fine program match for minecraft:pipeline/entity_cutout: HAND_CUTOUT
[218月2026 05:36:34.772] [Render thread/WARN] [Iris/]: Found fine program match for minecraft:pipeline/entity_translucent: HAND_TRANSLUCENT
[218月2026 05:36:34.772] [Render thread/WARN] [Iris/]: Found fine program match for minecraft:pipeline/entity_translucent_emissive: HAND_TRANSLUCENT
[218月2026 05:36:34.776] [Render thread/WARN] [Iris/]: Found fine program match for minecraft:pipeline/entity_cutout: HAND_CUTOUT
[218月2026 05:36:34.776] [Render thread/WARN] [Iris/]: Found fine program match for minecraft:pipeline/entity_translucent: HAND_TRANSLUCENT
[218月2026 05:36:34.776] [Render thread/WARN] [Iris/]: Found fine program match for minecraft:pipeline/entity_translucent_emissive: HAND_TRANSLUCENT
[218月2026 05:36:34.781] [Render thread/WARN] [Iris/]: Found fine program match for minecraft:pipeline/entity_cutout: HAND_CUTOUT
[218月2026 05:36:34.782] [Render thread/WARN] [Iris/]: Found fine program match for minecraft:pipeline/entity_translucent: HAND_TRANSLUCENT
[218月2026 05:36:34.782] [Render thread/WARN] [Iris/]: Found fine program match for minecraft:pipeline/entity_translucent_emissive: HAND_TRANSLUCENT
[218月2026 05:36:34.784] [Render thread/WARN] [Iris/]: Found fine program match for minecraft:pipeline/entity_cutout: HAND_CUTOUT
[218月2026 05:36:34.784] [Render thread/WARN] [Iris/]: Found fine program match for minecraft:pipeline/entity_translucent: HAND_TRANSLUCENT
[218月2026 05:36:34.784] [Render thread/WARN] [Iris/]: Found fine program match for minecraft:pipeline/entity_translucent_emissive: HAND_TRANSLUCENT
[218月2026 05:36:34.787] [Render thread/WARN] [Iris/]: Found fine program match for minecraft:pipeline/entity_cutout: HAND_CUTOUT
[218月2026 05:36:34.787] [Render thread/WARN] [Iris/]: Found fine program match for minecraft:pipeline/entity_translucent: HAND_TRANSLUCENT
[218月2026 05:36:34.787] [Render thread/WARN] [Iris/]: Found fine program match for minecraft:pipeline/entity_translucent_emissive: HAND_TRANSLUCENT
[218月2026 05:36:34.792] [Render thread/WARN] [Iris/]: Found fine program match for minecraft:pipeline/entity_cutout: HAND_CUTOUT
[218月2026 05:36:34.792] [Render thread/WARN] [Iris/]: Found fine program match for minecraft:pipeline/entity_translucent: HAND_TRANSLUCENT
[218月2026 05:36:34.792] [Render thread/WARN] [Iris/]: Found fine program match for minecraft:pipeline/entity_translucent_emissive: HAND_TRANSLUCENT
[218月2026 05:36:34.796] [Render thread/WARN] [Iris/]: Found fine program match for minecraft:pipeline/entity_cutout: HAND_CUTOUT
[218月2026 05:36:34.796] [Render thread/WARN] [Iris/]: Found fine program match for minecraft:pipeline/entity_translucent: HAND_TRANSLUCENT
[218月2026 05:36:34.796] [Render thread/WARN] [Iris/]: Found fine program match for minecraft:pipeline/entity_translucent_emissive: HAND_TRANSLUCENT
[218月2026 05:36:34.800] [Render thread/WARN] [Iris/]: Found fine program match for minecraft:pipeline/entity_cutout: HAND_CUTOUT
[218月2026 05:36:34.800] [Render thread/WARN] [Iris/]: Found fine program match for minecraft:pipeline/entity_translucent: HAND_TRANSLUCENT
[218月2026 05:36:34.800] [Render thread/WARN] [Iris/]: Found fine program match for minecraft:pipeline/entity_translucent_emissive: HAND_TRANSLUCENT
[218月2026 05:36:34.804] [Render thread/WARN] [Iris/]: Found fine program match for minecraft:pipeline/entity_cutout: HAND_CUTOUT
[218月2026 05:36:34.804] [Render thread/WARN] [Iris/]: Found fine program match for minecraft:pipeline/entity_translucent: HAND_TRANSLUCENT
[218月2026 05:36:34.804] [Render thread/WARN] [Iris/]: Found fine program match for minecraft:pipeline/entity_translucent_emissive: HAND_TRANSLUCENT
[218月2026 05:36:34.810] [Render thread/WARN] [Iris/]: Found fine program match for minecraft:pipeline/entity_cutout: HAND_CUTOUT
[218月2026 05:36:34.810] [Render thread/WARN] [Iris/]: Found fine program match for minecraft:pipeline/entity_translucent: HAND_TRANSLUCENT
[218月2026 05:36:34.810] [Render thread/WARN] [Iris/]: Found fine program match for minecraft:pipeline/entity_translucent_emissive: HAND_TRANSLUCENT
[218月2026 05:36:34.814] [Render thread/WARN] [Iris/]: Found fine program match for minecraft:pipeline/entity_cutout: HAND_CUTOUT
[218月2026 05:36:34.814] [Render thread/WARN] [Iris/]: Found fine program match for minecraft:pipeline/entity_translucent: HAND_TRANSLUCENT
[218月2026 05:36:34.814] [Render thread/WARN] [Iris/]: Found fine program match for minecraft:pipeline/entity_translucent_emissive: HAND_TRANSLUCENT
[218月2026 05:36:34.817] [Render thread/WARN] [Iris/]: Found fine program match for minecraft:pipeline/entity_cutout: HAND_CUTOUT
[218月2026 05:36:34.818] [Render thread/WARN] [Iris/]: Found fine program match for minecraft:pipeline/entity_translucent: HAND_TRANSLUCENT
[218月2026 05:36:34.818] [Render thread/WARN] [Iris/]: Found fine program match for minecraft:pipeline/entity_translucent_emissive: HAND_TRANSLUCENT
[218月2026 05:36:34.821] [Render thread/WARN] [Iris/]: Found fine program match for minecraft:pipeline/entity_cutout: HAND_CUTOUT
[218月2026 05:36:34.821] [Render thread/WARN] [Iris/]: Found fine program match for minecraft:pipeline/entity_translucent: HAND_TRANSLUCENT
[218月2026 05:36:34.821] [Render thread/WARN] [Iris/]: Found fine program match for minecraft:pipeline/entity_translucent_emissive: HAND_TRANSLUCENT
[218月2026 05:36:34.825] [Render thread/WARN] [Iris/]: Found fine program match for minecraft:pipeline/entity_cutout: HAND_CUTOUT
[218月2026 05:36:34.825] [Render thread/WARN] [Iris/]: Found fine program match for minecraft:pipeline/entity_translucent: HAND_TRANSLUCENT
[218月2026 05:36:34.825] [Render thread/WARN] [Iris/]: Found fine program match for minecraft:pipeline/entity_translucent_emissive: HAND_TRANSLUCENT
[218月2026 05:36:34.830] [Render thread/WARN] [Iris/]: Found fine program match for minecraft:pipeline/entity_cutout: HAND_CUTOUT
[218月2026 05:36:34.831] [Render thread/WARN] [Iris/]: Found fine program match for minecraft:pipeline/entity_translucent: HAND_TRANSLUCENT
[218月2026 05:36:34.831] [Render thread/WARN] [Iris/]: Found fine program match for minecraft:pipeline/entity_translucent_emissive: HAND_TRANSLUCENT
[218月2026 05:36:34.833] [Render thread/WARN] [Iris/]: Found fine program match for minecraft:pipeline/entity_cutout: HAND_CUTOUT
[218月2026 05:36:34.833] [Render thread/WARN] [Iris/]: Found fine program match for minecraft:pipeline/entity_translucent: HAND_TRANSLUCENT
[218月2026 05:36:34.833] [Render thread/WARN] [Iris/]: Found fine program match for minecraft:pipeline/entity_translucent_emissive: HAND_TRANSLUCENT
[218月2026 05:36:34.837] [Render thread/WARN] [Iris/]: Found fine program match for minecraft:pipeline/entity_cutout: HAND_CUTOUT
[218月2026 05:36:34.837] [Render thread/WARN] [Iris/]: Found fine program match for minecraft:pipeline/entity_translucent: HAND_TRANSLUCENT
[218月2026 05:36:34.837] [Render thread/WARN] [Iris/]: Found fine program match for minecraft:pipeline/entity_translucent_emissive: HAND_TRANSLUCENT
[218月2026 05:36:34.842] [Render thread/WARN] [Iris/]: Found fine program match for minecraft:pipeline/entity_cutout: HAND_CUTOUT
[218月2026 05:36:34.842] [Render thread/WARN] [Iris/]: Found fine program match for minecraft:pipeline/entity_translucent: HAND_TRANSLUCENT
[218月2026 05:36:34.842] [Render thread/WARN] [Iris/]: Found fine program match for minecraft:pipeline/entity_translucent_emissive: HAND_TRANSLUCENT
[218月2026 05:36:34.846] [Render thread/WARN] [Iris/]: Found fine program match for minecraft:pipeline/entity_cutout: HAND_CUTOUT
[218月2026 05:36:34.846] [Render thread/WARN] [Iris/]: Found fine program match for minecraft:pipeline/entity_translucent: HAND_TRANSLUCENT
[218月2026 05:36:34.846] [Render thread/WARN] [Iris/]: Found fine program match for minecraft:pipeline/entity_translucent_emissive: HAND_TRANSLUCENT
[218月2026 05:36:34.850] [Render thread/WARN] [Iris/]: Found fine program match for minecraft:pipeline/entity_cutout: HAND_CUTOUT
[218月2026 05:36:34.850] [Render thread/WARN] [Iris/]: Found fine program match for minecraft:pipeline/entity_translucent: HAND_TRANSLUCENT
[218月2026 05:36:34.850] [Render thread/WARN] [Iris/]: Found fine program match for minecraft:pipeline/entity_translucent_emissive: HAND_TRANSLUCENT
[218月2026 05:36:34.853] [Render thread/WARN] [Iris/]: Found fine program match for minecraft:pipeline/entity_cutout: HAND_CUTOUT
[218月2026 05:36:34.853] [Render thread/WARN] [Iris/]: Found fine program match for minecraft:pipeline/entity_translucent: HAND_TRANSLUCENT
[218月2026 05:36:34.853] [Render thread/WARN] [Iris/]: Found fine program match for minecraft:pipeline/entity_translucent_emissive: HAND_TRANSLUCENT
[218月2026 05:36:34.857] [Render thread/WARN] [Iris/]: Found fine program match for minecraft:pipeline/entity_cutout: HAND_CUTOUT
[218月2026 05:36:34.858] [Render thread/WARN] [Iris/]: Found fine program match for minecraft:pipeline/entity_translucent: HAND_TRANSLUCENT
[218月2026 05:36:34.858] [Render thread/WARN] [Iris/]: Found fine program match for minecraft:pipeline/entity_translucent_emissive: HAND_TRANSLUCENT
[218月2026 05:36:34.862] [Render thread/WARN] [Iris/]: Found fine program match for minecraft:pipeline/entity_cutout: HAND_CUTOUT
[218月2026 05:36:34.862] [Render thread/WARN] [Iris/]: Found fine program match for minecraft:pipeline/entity_translucent: HAND_TRANSLUCENT
[218月2026 05:36:34.862] [Render thread/WARN] [Iris/]: Found fine program match for minecraft:pipeline/entity_translucent_emissive: HAND_TRANSLUCENT
[218月2026 05:36:34.884] [Render thread/WARN] [Iris/]: Found fine program match for minecraft:pipeline/entity_cutout: HAND_CUTOUT
[218月2026 05:36:34.884] [Render thread/WARN] [Iris/]: Found fine program match for minecraft:pipeline/entity_translucent: HAND_TRANSLUCENT
[218月2026 05:36:34.884] [Render thread/WARN] [Iris/]: Found fine program match for minecraft:pipeline/entity_translucent_emissive: HAND_TRANSLUCENT
[218月2026 05:36:34.887] [Render thread/WARN] [Iris/]: Found fine program match for minecraft:pipeline/entity_cutout: HAND_CUTOUT
[218月2026 05:36:34.887] [Render thread/WARN] [Iris/]: Found fine program match for minecraft:pipeline/entity_translucent: HAND_TRANSLUCENT
[218月2026 05:36:34.887] [Render thread/WARN] [Iris/]: Found fine program match for minecraft:pipeline/entity_translucent_emissive: HAND_TRANSLUCENT
[218月2026 05:36:34.891] [Render thread/WARN] [Iris/]: Found fine program match for minecraft:pipeline/entity_cutout: HAND_CUTOUT
[218月2026 05:36:34.892] [Render thread/WARN] [Iris/]: Found fine program match for minecraft:pipeline/entity_translucent: HAND_TRANSLUCENT
[218月2026 05:36:34.892] [Render thread/WARN] [Iris/]: Found fine program match for minecraft:pipeline/entity_translucent_emissive: HAND_TRANSLUCENT
[218月2026 05:36:34.895] [Render thread/WARN] [Iris/]: Found fine program match for minecraft:pipeline/entity_cutout: HAND_CUTOUT
[218月2026 05:36:34.895] [Render thread/WARN] [Iris/]: Found fine program match for minecraft:pipeline/entity_translucent: HAND_TRANSLUCENT
[218月2026 05:36:34.895] [Render thread/WARN] [Iris/]: Found fine program match for minecraft:pipeline/entity_translucent_emissive: HAND_TRANSLUCENT
[218月2026 05:36:34.898] [Render thread/WARN] [Iris/]: Found fine program match for minecraft:pipeline/entity_cutout: HAND_CUTOUT
[218月2026 05:36:34.898] [Render thread/WARN] [Iris/]: Found fine program match for minecraft:pipeline/entity_translucent: HAND_TRANSLUCENT
[218月2026 05:36:34.898] [Render thread/WARN] [Iris/]: Found fine program match for minecraft:pipeline/entity_translucent_emissive: HAND_TRANSLUCENT
[218月2026 05:36:34.902] [Render thread/WARN] [Iris/]: Found fine program match for minecraft:pipeline/entity_cutout: HAND_CUTOUT
[218月2026 05:36:34.902] [Render thread/WARN] [Iris/]: Found fine program match for minecraft:pipeline/entity_translucent: HAND_TRANSLUCENT
[218月2026 05:36:34.902] [Render thread/WARN] [Iris/]: Found fine program match for minecraft:pipeline/entity_translucent_emissive: HAND_TRANSLUCENT
[218月2026 05:36:34.906] [Render thread/WARN] [Iris/]: Found fine program match for minecraft:pipeline/entity_cutout: HAND_CUTOUT
[218月2026 05:36:34.907] [Render thread/WARN] [Iris/]: Found fine program match for minecraft:pipeline/entity_translucent: HAND_TRANSLUCENT
[218月2026 05:36:34.907] [Render thread/WARN] [Iris/]: Found fine program match for minecraft:pipeline/entity_translucent_emissive: HAND_TRANSLUCENT
[218月2026 05:36:34.911] [Render thread/WARN] [Iris/]: Found fine program match for minecraft:pipeline/entity_cutout: HAND_CUTOUT
[218月2026 05:36:34.911] [Render thread/WARN] [Iris/]: Found fine program match for minecraft:pipeline/entity_translucent: HAND_TRANSLUCENT
[218月2026 05:36:34.911] [Render thread/WARN] [Iris/]: Found fine program match for minecraft:pipeline/entity_translucent_emissive: HAND_TRANSLUCENT
[218月2026 05:36:34.915] [Render thread/WARN] [Iris/]: Found fine program match for minecraft:pipeline/entity_cutout: HAND_CUTOUT
[218月2026 05:36:34.915] [Render thread/WARN] [Iris/]: Found fine program match for minecraft:pipeline/entity_translucent: HAND_TRANSLUCENT
[218月2026 05:36:34.915] [Render thread/WARN] [Iris/]: Found fine program match for minecraft:pipeline/entity_translucent_emissive: HAND_TRANSLUCENT
[218月2026 05:36:34.919] [Render thread/WARN] [Iris/]: Found fine program match for minecraft:pipeline/entity_cutout: HAND_CUTOUT
[218月2026 05:36:34.919] [Render thread/WARN] [Iris/]: Found fine program match for minecraft:pipeline/entity_translucent: HAND_TRANSLUCENT
[218月2026 05:36:34.919] [Render thread/WARN] [Iris/]: Found fine program match for minecraft:pipeline/entity_translucent_emissive: HAND_TRANSLUCENT
[218月2026 05:36:34.922] [Render thread/WARN] [Iris/]: Found fine program match for minecraft:pipeline/entity_cutout: HAND_CUTOUT
[218月2026 05:36:34.922] [Render thread/WARN] [Iris/]: Found fine program match for minecraft:pipeline/entity_translucent: HAND_TRANSLUCENT
[218月2026 05:36:34.922] [Render thread/WARN] [Iris/]: Found fine program match for minecraft:pipeline/entity_translucent_emissive: HAND_TRANSLUCENT
[218月2026 05:36:34.926] [Render thread/WARN] [Iris/]: Found fine program match for minecraft:pipeline/entity_cutout: HAND_CUTOUT
[218月2026 05:36:34.926] [Render thread/WARN] [Iris/]: Found fine program match for minecraft:pipeline/entity_translucent: HAND_TRANSLUCENT
[218月2026 05:36:34.926] [Render thread/WARN] [Iris/]: Found fine program match for minecraft:pipeline/entity_translucent_emissive: HAND_TRANSLUCENT
[218月2026 05:36:34.932] [Render thread/WARN] [Iris/]: Found fine program match for minecraft:pipeline/entity_cutout: HAND_CUTOUT
[218月2026 05:36:34.932] [Render thread/WARN] [Iris/]: Found fine program match for minecraft:pipeline/entity_translucent: HAND_TRANSLUCENT
[218月2026 05:36:34.932] [Render thread/WARN] [Iris/]: Found fine program match for minecraft:pipeline/entity_translucent_emissive: HAND_TRANSLUCENT
[218月2026 05:36:34.935] [Render thread/WARN] [Iris/]: Found fine program match for minecraft:pipeline/entity_cutout: HAND_CUTOUT
[218月2026 05:36:34.935] [Render thread/WARN] [Iris/]: Found fine program match for minecraft:pipeline/entity_translucent: HAND_TRANSLUCENT
[218月2026 05:36:34.935] [Render thread/WARN] [Iris/]: Found fine program match for minecraft:pipeline/entity_translucent_emissive: HAND_TRANSLUCENT
[218月2026 05:36:34.939] [Render thread/WARN] [Iris/]: Found fine program match for minecraft:pipeline/entity_cutout: HAND_CUTOUT
[218月2026 05:36:34.939] [Render thread/WARN] [Iris/]: Found fine program match for minecraft:pipeline/entity_translucent: HAND_TRANSLUCENT
[218月2026 05:36:34.939] [Render thread/WARN] [Iris/]: Found fine program match for minecraft:pipeline/entity_translucent_emissive: HAND_TRANSLUCENT
[218月2026 05:36:34.943] [Render thread/WARN] [Iris/]: Found fine program match for minecraft:pipeline/entity_cutout: HAND_CUTOUT
[218月2026 05:36:34.943] [Render thread/WARN] [Iris/]: Found fine program match for minecraft:pipeline/entity_translucent: HAND_TRANSLUCENT
[218月2026 05:36:34.943] [Render thread/WARN] [Iris/]: Found fine program match for minecraft:pipeline/entity_translucent_emissive: HAND_TRANSLUCENT
[218月2026 05:36:34.946] [Render thread/WARN] [Iris/]: Found fine program match for minecraft:pipeline/entity_cutout: HAND_CUTOUT
[218月2026 05:36:34.946] [Render thread/WARN] [Iris/]: Found fine program match for minecraft:pipeline/entity_translucent: HAND_TRANSLUCENT
[218月2026 05:36:34.946] [Render thread/WARN] [Iris/]: Found fine program match for minecraft:pipeline/entity_translucent_emissive: HAND_TRANSLUCENT
[218月2026 05:36:34.950] [Render thread/WARN] [Iris/]: Found fine program match for minecraft:pipeline/entity_cutout: HAND_CUTOUT
[218月2026 05:36:34.950] [Render thread/WARN] [Iris/]: Found fine program match for minecraft:pipeline/entity_translucent: HAND_TRANSLUCENT
[218月2026 05:36:34.950] [Render thread/WARN] [Iris/]: Found fine program match for minecraft:pipeline/entity_translucent_emissive: HAND_TRANSLUCENT
[218月2026 05:36:34.954] [Render thread/WARN] [Iris/]: Found fine program match for minecraft:pipeline/entity_cutout: HAND_CUTOUT
[218月2026 05:36:34.954] [Render thread/WARN] [Iris/]: Found fine program match for minecraft:pipeline/entity_translucent: HAND_TRANSLUCENT
[218月2026 05:36:34.954] [Render thread/WARN] [Iris/]: Found fine program match for minecraft:pipeline/entity_translucent_emissive: HAND_TRANSLUCENT
[218月2026 05:36:34.958] [Render thread/WARN] [Iris/]: Found fine program match for minecraft:pipeline/entity_cutout: HAND_CUTOUT
[218月2026 05:36:34.958] [Render thread/WARN] [Iris/]: Found fine program match for minecraft:pipeline/entity_translucent: HAND_TRANSLUCENT
[218月2026 05:36:34.958] [Render thread/WARN] [Iris/]: Found fine program match for minecraft:pipeline/entity_translucent_emissive: HAND_TRANSLUCENT
[218月2026 05:36:34.963] [Render thread/WARN] [Iris/]: Found fine program match for minecraft:pipeline/entity_cutout: HAND_CUTOUT
[218月2026 05:36:34.963] [Render thread/WARN] [Iris/]: Found fine program match for minecraft:pipeline/entity_translucent: HAND_TRANSLUCENT
[218月2026 05:36:34.963] [Render thread/WARN] [Iris/]: Found fine program match for minecraft:pipeline/entity_translucent_emissive: HAND_TRANSLUCENT
[218月2026 05:36:34.967] [Render thread/WARN] [Iris/]: Found fine program match for minecraft:pipeline/entity_cutout: HAND_CUTOUT
[218月2026 05:36:34.967] [Render thread/WARN] [Iris/]: Found fine program match for minecraft:pipeline/entity_translucent: HAND_TRANSLUCENT
[218月2026 05:36:34.967] [Render thread/WARN] [Iris/]: Found fine program match for minecraft:pipeline/entity_translucent_emissive: HAND_TRANSLUCENT
[218月2026 05:36:34.971] [Render thread/WARN] [Iris/]: Found fine program match for minecraft:pipeline/entity_cutout: HAND_CUTOUT
[218月2026 05:36:34.971] [Render thread/WARN] [Iris/]: Found fine program match for minecraft:pipeline/entity_translucent: HAND_TRANSLUCENT
[218月2026 05:36:34.971] [Render thread/WARN] [Iris/]: Found fine program match for minecraft:pipeline/entity_translucent_emissive: HAND_TRANSLUCENT
[218月2026 05:36:34.975] [Render thread/WARN] [Iris/]: Found fine program match for minecraft:pipeline/entity_cutout: HAND_CUTOUT
[218月2026 05:36:34.975] [Render thread/WARN] [Iris/]: Found fine program match for minecraft:pipeline/entity_translucent: HAND_TRANSLUCENT
[218月2026 05:36:34.976] [Render thread/WARN] [Iris/]: Found fine program match for minecraft:pipeline/entity_translucent_emissive: HAND_TRANSLUCENT
[218月2026 05:36:34.980] [Render thread/WARN] [Iris/]: Found fine program match for minecraft:pipeline/entity_cutout: HAND_CUTOUT
[218月2026 05:36:34.980] [Render thread/WARN] [Iris/]: Found fine program match for minecraft:pipeline/entity_translucent: HAND_TRANSLUCENT
[218月2026 05:36:34.980] [Render thread/WARN] [Iris/]: Found fine program match for minecraft:pipeline/entity_translucent_emissive: HAND_TRANSLUCENT
[218月2026 05:36:34.983] [Render thread/WARN] [Iris/]: Found fine program match for minecraft:pipeline/entity_cutout: HAND_CUTOUT
[218月2026 05:36:34.983] [Render thread/WARN] [Iris/]: Found fine program match for minecraft:pipeline/entity_translucent: HAND_TRANSLUCENT
[218月2026 05:36:34.983] [Render thread/WARN] [Iris/]: Found fine program match for minecraft:pipeline/entity_translucent_emissive: HAND_TRANSLUCENT
[218月2026 05:36:34.988] [Render thread/WARN] [Iris/]: Found fine program match for minecraft:pipeline/entity_cutout: HAND_CUTOUT
[218月2026 05:36:34.988] [Render thread/WARN] [Iris/]: Found fine program match for minecraft:pipeline/entity_translucent: HAND_TRANSLUCENT
[218月2026 05:36:34.988] [Render thread/WARN] [Iris/]: Found fine program match for minecraft:pipeline/entity_translucent_emissive: HAND_TRANSLUCENT
[218月2026 05:36:34.990] [Render thread/WARN] [Iris/]: Found fine program match for minecraft:pipeline/entity_cutout: HAND_CUTOUT
[218月2026 05:36:34.990] [Render thread/WARN] [Iris/]: Found fine program match for minecraft:pipeline/entity_translucent: HAND_TRANSLUCENT
[218月2026 05:36:34.990] [Render thread/WARN] [Iris/]: Found fine program match for minecraft:pipeline/entity_translucent_emissive: HAND_TRANSLUCENT
[218月2026 05:36:34.995] [Render thread/WARN] [Iris/]: Found fine program match for minecraft:pipeline/entity_cutout: HAND_CUTOUT
[218月2026 05:36:34.995] [Render thread/WARN] [Iris/]: Found fine program match for minecraft:pipeline/entity_translucent: HAND_TRANSLUCENT
[218月2026 05:36:34.995] [Render thread/WARN] [Iris/]: Found fine program match for minecraft:pipeline/entity_translucent_emissive: HAND_TRANSLUCENT
[218月2026 05:36:34.999] [Render thread/WARN] [Iris/]: Found fine program match for minecraft:pipeline/entity_cutout: HAND_CUTOUT
[218月2026 05:36:34.999] [Render thread/WARN] [Iris/]: Found fine program match for minecraft:pipeline/entity_translucent: HAND_TRANSLUCENT
[218月2026 05:36:34.999] [Render thread/WARN] [Iris/]: Found fine program match for minecraft:pipeline/entity_translucent_emissive: HAND_TRANSLUCENT
[218月2026 05:36:35.003] [Render thread/WARN] [Iris/]: Found fine program match for minecraft:pipeline/entity_cutout: HAND_CUTOUT
[218月2026 05:36:35.003] [Render thread/WARN] [Iris/]: Found fine program match for minecraft:pipeline/entity_translucent: HAND_TRANSLUCENT
[218月2026 05:36:35.003] [Render thread/WARN] [Iris/]: Found fine program match for minecraft:pipeline/entity_translucent_emissive: HAND_TRANSLUCENT
[218月2026 05:36:35.007] [Render thread/WARN] [Iris/]: Found fine program match for minecraft:pipeline/entity_cutout: HAND_CUTOUT
[218月2026 05:36:35.007] [Render thread/WARN] [Iris/]: Found fine program match for minecraft:pipeline/entity_translucent: HAND_TRANSLUCENT
[218月2026 05:36:35.007] [Render thread/WARN] [Iris/]: Found fine program match for minecraft:pipeline/entity_translucent_emissive: HAND_TRANSLUCENT
[218月2026 05:36:35.011] [Render thread/WARN] [Iris/]: Found fine program match for minecraft:pipeline/entity_cutout: HAND_CUTOUT
[218月2026 05:36:35.011] [Render thread/WARN] [Iris/]: Found fine program match for minecraft:pipeline/entity_translucent: HAND_TRANSLUCENT
[218月2026 05:36:35.011] [Render thread/WARN] [Iris/]: Found fine program match for minecraft:pipeline/entity_translucent_emissive: HAND_TRANSLUCENT
[218月2026 05:36:35.015] [Render thread/WARN] [Iris/]: Found fine program match for minecraft:pipeline/entity_cutout: HAND_CUTOUT
[218月2026 05:36:35.015] [Render thread/WARN] [Iris/]: Found fine program match for minecraft:pipeline/entity_translucent: HAND_TRANSLUCENT
[218月2026 05:36:35.015] [Render thread/WARN] [Iris/]: Found fine program match for minecraft:pipeline/entity_translucent_emissive: HAND_TRANSLUCENT
[218月2026 05:36:35.019] [Render thread/WARN] [Iris/]: Found fine program match for minecraft:pipeline/entity_cutout: HAND_CUTOUT
[218月2026 05:36:35.019] [Render thread/WARN] [Iris/]: Found fine program match for minecraft:pipeline/entity_translucent: HAND_TRANSLUCENT
[218月2026 05:36:35.019] [Render thread/WARN] [Iris/]: Found fine program match for minecraft:pipeline/entity_translucent_emissive: HAND_TRANSLUCENT
[218月2026 05:36:35.023] [Render thread/WARN] [Iris/]: Found fine program match for minecraft:pipeline/entity_cutout: HAND_CUTOUT
[218月2026 05:36:35.023] [Render thread/WARN] [Iris/]: Found fine program match for minecraft:pipeline/entity_translucent: HAND_TRANSLUCENT
[218月2026 05:36:35.023] [Render thread/WARN] [Iris/]: Found fine program match for minecraft:pipeline/entity_translucent_emissive: HAND_TRANSLUCENT
[218月2026 05:36:35.027] [Render thread/WARN] [Iris/]: Found fine program match for minecraft:pipeline/entity_cutout: HAND_CUTOUT
[218月2026 05:36:35.027] [Render thread/WARN] [Iris/]: Found fine program match for minecraft:pipeline/entity_translucent: HAND_TRANSLUCENT
[218月2026 05:36:35.028] [Render thread/WARN] [Iris/]: Found fine program match for minecraft:pipeline/entity_translucent_emissive: HAND_TRANSLUCENT
[218月2026 05:36:35.032] [Render thread/WARN] [Iris/]: Found fine program match for minecraft:pipeline/entity_cutout: HAND_CUTOUT
[218月2026 05:36:35.032] [Render thread/WARN] [Iris/]: Found fine program match for minecraft:pipeline/entity_translucent: HAND_TRANSLUCENT
[218月2026 05:36:35.032] [Render thread/WARN] [Iris/]: Found fine program match for minecraft:pipeline/entity_translucent_emissive: HAND_TRANSLUCENT
[218月2026 05:36:35.035] [Render thread/WARN] [Iris/]: Found fine program match for minecraft:pipeline/entity_cutout: HAND_CUTOUT
[218月2026 05:36:35.035] [Render thread/WARN] [Iris/]: Found fine program match for minecraft:pipeline/entity_translucent: HAND_TRANSLUCENT
[218月2026 05:36:35.035] [Render thread/WARN] [Iris/]: Found fine program match for minecraft:pipeline/entity_translucent_emissive: HAND_TRANSLUCENT
[218月2026 05:36:35.040] [Render thread/WARN] [Iris/]: Found fine program match for minecraft:pipeline/entity_cutout: HAND_CUTOUT
[218月2026 05:36:35.040] [Render thread/WARN] [Iris/]: Found fine program match for minecraft:pipeline/entity_translucent: HAND_TRANSLUCENT
[218月2026 05:36:35.040] [Render thread/WARN] [Iris/]: Found fine program match for minecraft:pipeline/entity_translucent_emissive: HAND_TRANSLUCENT
[218月2026 05:36:35.043] [Render thread/WARN] [Iris/]: Found fine program match for minecraft:pipeline/entity_cutout: HAND_CUTOUT
[218月2026 05:36:35.043] [Render thread/WARN] [Iris/]: Found fine program match for minecraft:pipeline/entity_translucent: HAND_TRANSLUCENT
[218月2026 05:36:35.043] [Render thread/WARN] [Iris/]: Found fine program match for minecraft:pipeline/entity_translucent_emissive: HAND_TRANSLUCENT
[218月2026 05:36:35.047] [Render thread/WARN] [Iris/]: Found fine program match for minecraft:pipeline/entity_cutout: HAND_CUTOUT
[218月2026 05:36:35.047] [Render thread/WARN] [Iris/]: Found fine program match for minecraft:pipeline/entity_translucent: HAND_TRANSLUCENT
[218月2026 05:36:35.047] [Render thread/WARN] [Iris/]: Found fine program match for minecraft:pipeline/entity_translucent_emissive: HAND_TRANSLUCENT
[218月2026 05:36:35.051] [Render thread/WARN] [Iris/]: Found fine program match for minecraft:pipeline/entity_cutout: HAND_CUTOUT
[218月2026 05:36:35.051] [Render thread/WARN] [Iris/]: Found fine program match for minecraft:pipeline/entity_translucent: HAND_TRANSLUCENT
[218月2026 05:36:35.051] [Render thread/WARN] [Iris/]: Found fine program match for minecraft:pipeline/entity_translucent_emissive: HAND_TRANSLUCENT
[218月2026 05:36:35.055] [Render thread/WARN] [Iris/]: Found fine program match for minecraft:pipeline/entity_cutout: HAND_CUTOUT
[218月2026 05:36:35.055] [Render thread/WARN] [Iris/]: Found fine program match for minecraft:pipeline/entity_translucent: HAND_TRANSLUCENT
[218月2026 05:36:35.055] [Render thread/WARN] [Iris/]: Found fine program match for minecraft:pipeline/entity_translucent_emissive: HAND_TRANSLUCENT
[218月2026 05:36:35.059] [Render thread/WARN] [Iris/]: Found fine program match for minecraft:pipeline/entity_cutout: HAND_CUTOUT
[218月2026 05:36:35.059] [Render thread/WARN] [Iris/]: Found fine program match for minecraft:pipeline/entity_translucent: HAND_TRANSLUCENT
[218月2026 05:36:35.059] [Render thread/WARN] [Iris/]: Found fine program match for minecraft:pipeline/entity_translucent_emissive: HAND_TRANSLUCENT
[218月2026 05:36:35.063] [Render thread/WARN] [Iris/]: Found fine program match for minecraft:pipeline/entity_cutout: HAND_CUTOUT
[218月2026 05:36:35.063] [Render thread/WARN] [Iris/]: Found fine program match for minecraft:pipeline/entity_translucent: HAND_TRANSLUCENT
[218月2026 05:36:35.063] [Render thread/WARN] [Iris/]: Found fine program match for minecraft:pipeline/entity_translucent_emissive: HAND_TRANSLUCENT
[218月2026 05:36:35.069] [Render thread/WARN] [Iris/]: Found fine program match for minecraft:pipeline/entity_cutout: HAND_CUTOUT
[218月2026 05:36:35.069] [Render thread/WARN] [Iris/]: Found fine program match for minecraft:pipeline/entity_translucent: HAND_TRANSLUCENT
[218月2026 05:36:35.069] [Render thread/WARN] [Iris/]: Found fine program match for minecraft:pipeline/entity_translucent_emissive: HAND_TRANSLUCENT
[218月2026 05:36:35.072] [Render thread/WARN] [Iris/]: Found fine program match for minecraft:pipeline/entity_cutout: HAND_CUTOUT
[218月2026 05:36:35.072] [Render thread/WARN] [Iris/]: Found fine program match for minecraft:pipeline/entity_translucent: HAND_TRANSLUCENT
[218月2026 05:36:35.072] [Render thread/WARN] [Iris/]: Found fine program match for minecraft:pipeline/entity_translucent_emissive: HAND_TRANSLUCENT
[218月2026 05:36:35.078] [Render thread/WARN] [Iris/]: Found fine program match for minecraft:pipeline/entity_cutout: HAND_CUTOUT
[218月2026 05:36:35.078] [Render thread/WARN] [Iris/]: Found fine program match for minecraft:pipeline/entity_translucent: HAND_TRANSLUCENT
[218月2026 05:36:35.078] [Render thread/WARN] [Iris/]: Found fine program match for minecraft:pipeline/entity_translucent_emissive: HAND_TRANSLUCENT
[218月2026 05:36:35.082] [Render thread/WARN] [Iris/]: Found fine program match for minecraft:pipeline/entity_cutout: HAND_CUTOUT
[218月2026 05:36:35.082] [Render thread/WARN] [Iris/]: Found fine program match for minecraft:pipeline/entity_translucent: HAND_TRANSLUCENT
[218月2026 05:36:35.082] [Render thread/WARN] [Iris/]: Found fine program match for minecraft:pipeline/entity_translucent_emissive: HAND_TRANSLUCENT
[218月2026 05:36:35.084] [Render thread/WARN] [Iris/]: Found fine program match for minecraft:pipeline/entity_cutout: HAND_CUTOUT
[218月2026 05:36:35.084] [Render thread/WARN] [Iris/]: Found fine program match for minecraft:pipeline/entity_translucent: HAND_TRANSLUCENT
[218月2026 05:36:35.084] [Render thread/WARN] [Iris/]: Found fine program match for minecraft:pipeline/entity_translucent_emissive: HAND_TRANSLUCENT
[218月2026 05:36:35.088] [Render thread/WARN] [Iris/]: Found fine program match for minecraft:pipeline/entity_cutout: HAND_CUTOUT
[218月2026 05:36:35.088] [Render thread/WARN] [Iris/]: Found fine program match for minecraft:pipeline/entity_translucent: HAND_TRANSLUCENT
[218月2026 05:36:35.088] [Render thread/WARN] [Iris/]: Found fine program match for minecraft:pipeline/entity_translucent_emissive: HAND_TRANSLUCENT
[218月2026 05:36:35.091] [Render thread/WARN] [Iris/]: Found fine program match for minecraft:pipeline/entity_cutout: HAND_CUTOUT
[218月2026 05:36:35.091] [Render thread/WARN] [Iris/]: Found fine program match for minecraft:pipeline/entity_translucent: HAND_TRANSLUCENT
[218月2026 05:36:35.091] [Render thread/WARN] [Iris/]: Found fine program match for minecraft:pipeline/entity_translucent_emissive: HAND_TRANSLUCENT
[218月2026 05:36:35.095] [Render thread/WARN] [Iris/]: Found fine program match for minecraft:pipeline/entity_cutout: HAND_CUTOUT
[218月2026 05:36:35.095] [Render thread/WARN] [Iris/]: Found fine program match for minecraft:pipeline/entity_translucent: HAND_TRANSLUCENT
[218月2026 05:36:35.095] [Render thread/WARN] [Iris/]: Found fine program match for minecraft:pipeline/entity_translucent_emissive: HAND_TRANSLUCENT
[218月2026 05:36:35.100] [Render thread/WARN] [Iris/]: Found fine program match for minecraft:pipeline/entity_cutout: HAND_CUTOUT
[218月2026 05:36:35.100] [Render thread/WARN] [Iris/]: Found fine program match for minecraft:pipeline/entity_translucent: HAND_TRANSLUCENT
[218月2026 05:36:35.100] [Render thread/WARN] [Iris/]: Found fine program match for minecraft:pipeline/entity_translucent_emissive: HAND_TRANSLUCENT
[218月2026 05:36:35.104] [Render thread/WARN] [Iris/]: Found fine program match for minecraft:pipeline/entity_cutout: HAND_CUTOUT
[218月2026 05:36:35.104] [Render thread/WARN] [Iris/]: Found fine program match for minecraft:pipeline/entity_translucent: HAND_TRANSLUCENT
[218月2026 05:36:35.104] [Render thread/WARN] [Iris/]: Found fine program match for minecraft:pipeline/entity_translucent_emissive: HAND_TRANSLUCENT
[218月2026 05:36:35.108] [Render thread/WARN] [Iris/]: Found fine program match for minecraft:pipeline/entity_cutout: HAND_CUTOUT
[218月2026 05:36:35.108] [Render thread/WARN] [Iris/]: Found fine program match for minecraft:pipeline/entity_translucent: HAND_TRANSLUCENT
[218月2026 05:36:35.108] [Render thread/WARN] [Iris/]: Found fine program match for minecraft:pipeline/entity_translucent_emissive: HAND_TRANSLUCENT
[218月2026 05:36:35.111] [Render thread/WARN] [Iris/]: Found fine program match for minecraft:pipeline/entity_cutout: HAND_CUTOUT
[218月2026 05:36:35.111] [Render thread/WARN] [Iris/]: Found fine program match for minecraft:pipeline/entity_translucent: HAND_TRANSLUCENT
[218月2026 05:36:35.111] [Render thread/WARN] [Iris/]: Found fine program match for minecraft:pipeline/entity_translucent_emissive: HAND_TRANSLUCENT
[218月2026 05:36:35.115] [Render thread/WARN] [Iris/]: Found fine program match for minecraft:pipeline/entity_cutout: HAND_CUTOUT
[218月2026 05:36:35.115] [Render thread/WARN] [Iris/]: Found fine program match for minecraft:pipeline/entity_translucent: HAND_TRANSLUCENT
[218月2026 05:36:35.115] [Render thread/WARN] [Iris/]: Found fine program match for minecraft:pipeline/entity_translucent_emissive: HAND_TRANSLUCENT
[218月2026 05:36:35.120] [Render thread/WARN] [Iris/]: Found fine program match for minecraft:pipeline/entity_cutout: HAND_CUTOUT
[218月2026 05:36:35.120] [Render thread/WARN] [Iris/]: Found fine program match for minecraft:pipeline/entity_translucent: HAND_TRANSLUCENT
[218月2026 05:36:35.120] [Render thread/WARN] [Iris/]: Found fine program match for minecraft:pipeline/entity_translucent_emissive: HAND_TRANSLUCENT
[218月2026 05:36:35.125] [Render thread/WARN] [Iris/]: Found fine program match for minecraft:pipeline/entity_cutout: HAND_CUTOUT
[218月2026 05:36:35.125] [Render thread/WARN] [Iris/]: Found fine program match for minecraft:pipeline/entity_translucent: HAND_TRANSLUCENT
[218月2026 05:36:35.125] [Render thread/WARN] [Iris/]: Found fine program match for minecraft:pipeline/entity_translucent_emissive: HAND_TRANSLUCENT
[218月2026 05:36:35.131] [Render thread/WARN] [Iris/]: Found fine program match for minecraft:pipeline/entity_cutout: HAND_CUTOUT
[218月2026 05:36:35.131] [Render thread/WARN] [Iris/]: Found fine program match for minecraft:pipeline/entity_translucent: HAND_TRANSLUCENT
[218月2026 05:36:35.131] [Render thread/WARN] [Iris/]: Found fine program match for minecraft:pipeline/entity_translucent_emissive: HAND_TRANSLUCENT
[218月2026 05:36:35.142] [Render thread/WARN] [Iris/]: Found fine program match for minecraft:pipeline/entity_cutout: HAND_CUTOUT
[218月2026 05:36:35.142] [Render thread/WARN] [Iris/]: Found fine program match for minecraft:pipeline/entity_translucent: HAND_TRANSLUCENT
[218月2026 05:36:35.142] [Render thread/WARN] [Iris/]: Found fine program match for minecraft:pipeline/entity_translucent_emissive: HAND_TRANSLUCENT
[218月2026 05:36:35.147] [Render thread/WARN] [Iris/]: Found fine program match for minecraft:pipeline/entity_cutout: HAND_CUTOUT
[218月2026 05:36:35.148] [Render thread/WARN] [Iris/]: Found fine program match for minecraft:pipeline/entity_translucent: HAND_TRANSLUCENT
[218月2026 05:36:35.148] [Render thread/WARN] [Iris/]: Found fine program match for minecraft:pipeline/entity_translucent_emissive: HAND_TRANSLUCENT
[218月2026 05:36:35.150] [Render thread/WARN] [Iris/]: Found fine program match for minecraft:pipeline/entity_cutout: HAND_CUTOUT
[218月2026 05:36:35.150] [Render thread/WARN] [Iris/]: Found fine program match for minecraft:pipeline/entity_translucent: HAND_TRANSLUCENT
[218月2026 05:36:35.150] [Render thread/WARN] [Iris/]: Found fine program match for minecraft:pipeline/entity_translucent_emissive: HAND_TRANSLUCENT
[218月2026 05:36:35.155] [Render thread/WARN] [Iris/]: Found fine program match for minecraft:pipeline/entity_cutout: HAND_CUTOUT
[218月2026 05:36:35.155] [Render thread/WARN] [Iris/]: Found fine program match for minecraft:pipeline/entity_translucent: HAND_TRANSLUCENT
[218月2026 05:36:35.155] [Render thread/WARN] [Iris/]: Found fine program match for minecraft:pipeline/entity_translucent_emissive: HAND_TRANSLUCENT
[218月2026 05:36:35.159] [Render thread/WARN] [Iris/]: Found fine program match for minecraft:pipeline/entity_cutout: HAND_CUTOUT
[218月2026 05:36:35.159] [Render thread/WARN] [Iris/]: Found fine program match for minecraft:pipeline/entity_translucent: HAND_TRANSLUCENT
[218月2026 05:36:35.159] [Render thread/WARN] [Iris/]: Found fine program match for minecraft:pipeline/entity_translucent_emissive: HAND_TRANSLUCENT
[218月2026 05:36:35.163] [Render thread/WARN] [Iris/]: Found fine program match for minecraft:pipeline/entity_cutout: HAND_CUTOUT
[218月2026 05:36:35.163] [Render thread/WARN] [Iris/]: Found fine program match for minecraft:pipeline/entity_translucent: HAND_TRANSLUCENT
[218月2026 05:36:35.163] [Render thread/WARN] [Iris/]: Found fine program match for minecraft:pipeline/entity_translucent_emissive: HAND_TRANSLUCENT
[218月2026 05:36:35.167] [Render thread/WARN] [Iris/]: Found fine program match for minecraft:pipeline/entity_cutout: HAND_CUTOUT
[218月2026 05:36:35.167] [Render thread/WARN] [Iris/]: Found fine program match for minecraft:pipeline/entity_translucent: HAND_TRANSLUCENT
[218月2026 05:36:35.167] [Render thread/WARN] [Iris/]: Found fine program match for minecraft:pipeline/entity_translucent_emissive: HAND_TRANSLUCENT
[218月2026 05:36:35.171] [Render thread/WARN] [Iris/]: Found fine program match for minecraft:pipeline/entity_cutout: HAND_CUTOUT
[218月2026 05:36:35.171] [Render thread/WARN] [Iris/]: Found fine program match for minecraft:pipeline/entity_translucent: HAND_TRANSLUCENT
[218月2026 05:36:35.171] [Render thread/WARN] [Iris/]: Found fine program match for minecraft:pipeline/entity_translucent_emissive: HAND_TRANSLUCENT
[218月2026 05:36:35.178] [Render thread/WARN] [Iris/]: Found fine program match for minecraft:pipeline/entity_cutout: HAND_CUTOUT
[218月2026 05:36:35.178] [Render thread/WARN] [Iris/]: Found fine program match for minecraft:pipeline/entity_translucent: HAND_TRANSLUCENT
[218月2026 05:36:35.178] [Render thread/WARN] [Iris/]: Found fine program match for minecraft:pipeline/entity_translucent_emissive: HAND_TRANSLUCENT
[218月2026 05:36:35.183] [Render thread/WARN] [Iris/]: Found fine program match for minecraft:pipeline/entity_cutout: HAND_CUTOUT
[218月2026 05:36:35.183] [Render thread/WARN] [Iris/]: Found fine program match for minecraft:pipeline/entity_translucent: HAND_TRANSLUCENT
[218月2026 05:36:35.183] [Render thread/WARN] [Iris/]: Found fine program match for minecraft:pipeline/entity_translucent_emissive: HAND_TRANSLUCENT
[218月2026 05:36:35.187] [Server thread/INFO] [net.minecraft.server.MinecraftServer/]: GOOSTL取得了进度[怪物猎人]
[218月2026 05:36:35.187] [Render thread/WARN] [Iris/]: Found fine program match for minecraft:pipeline/entity_cutout: HAND_CUTOUT
[218月2026 05:36:35.187] [Render thread/WARN] [Iris/]: Found fine program match for minecraft:pipeline/entity_translucent: HAND_TRANSLUCENT
[218月2026 05:36:35.187] [Render thread/WARN] [Iris/]: Found fine program match for minecraft:pipeline/entity_translucent_emissive: HAND_TRANSLUCENT
[218月2026 05:36:35.190] [Render thread/WARN] [Iris/]: Found fine program match for minecraft:pipeline/entity_cutout: HAND_CUTOUT
[218月2026 05:36:35.191] [Render thread/WARN] [Iris/]: Found fine program match for minecraft:pipeline/entity_translucent: HAND_TRANSLUCENT
[218月2026 05:36:35.191] [Render thread/WARN] [Iris/]: Found fine program match for minecraft:pipeline/entity_translucent_emissive: HAND_TRANSLUCENT
[218月2026 05:36:35.194] [Render thread/WARN] [Iris/]: Found fine program match for minecraft:pipeline/entity_cutout: HAND_CUTOUT
[218月2026 05:36:35.194] [Render thread/WARN] [Iris/]: Found fine program match for minecraft:pipeline/entity_translucent: HAND_TRANSLUCENT
[218月2026 05:36:35.194] [Render thread/WARN] [Iris/]: Found fine program match for minecraft:pipeline/entity_translucent_emissive: HAND_TRANSLUCENT
[218月2026 05:36:35.199] [Render thread/INFO] [net.minecraft.client.gui.components.ChatComponent/]: [System] [CHAT] GOOSTL取得了进度[怪物猎人]
[218月2026 05:36:35.206] [Render thread/WARN] [Iris/]: Found fine program match for minecraft:pipeline/entity_cutout: HAND_CUTOUT
[218月2026 05:36:35.206] [Render thread/WARN] [Iris/]: Found fine program match for minecraft:pipeline/entity_translucent: HAND_TRANSLUCENT
[218月2026 05:36:35.206] [Render thread/WARN] [Iris/]: Found fine program match for minecraft:pipeline/entity_translucent_emissive: HAND_TRANSLUCENT
[218月2026 05:36:35.208] [Render thread/WARN] [Iris/]: Found fine program match for minecraft:pipeline/entity_cutout: HAND_CUTOUT
[218月2026 05:36:35.208] [Render thread/WARN] [Iris/]: Found fine program match for minecraft:pipeline/entity_translucent: HAND_TRANSLUCENT
[218月2026 05:36:35.208] [Render thread/WARN] [Iris/]: Found fine program match for minecraft:pipeline/entity_translucent_emissive: HAND_TRANSLUCENT
[218月2026 05:36:35.213] [Render thread/WARN] [Iris/]: Found fine program match for minecraft:pipeline/entity_cutout: HAND_CUTOUT
[218月2026 05:36:35.213] [Render thread/WARN] [Iris/]: Found fine program match for minecraft:pipeline/entity_translucent: HAND_TRANSLUCENT
[218月2026 05:36:35.213] [Render thread/WARN] [Iris/]: Found fine program match for minecraft:pipeline/entity_translucent_emissive: HAND_TRANSLUCENT
[218月2026 05:36:35.216] [Render thread/WARN] [Iris/]: Found fine program match for minecraft:pipeline/entity_cutout: HAND_CUTOUT
[218月2026 05:36:35.216] [Render thread/WARN] [Iris/]: Found fine program match for minecraft:pipeline/entity_translucent: HAND_TRANSLUCENT
[218月2026 05:36:35.216] [Render thread/WARN] [Iris/]: Found fine program match for minecraft:pipeline/entity_translucent_emissive: HAND_TRANSLUCENT
[218月2026 05:36:35.221] [Render thread/WARN] [Iris/]: Found fine program match for minecraft:pipeline/entity_cutout: HAND_CUTOUT
[218月2026 05:36:35.221] [Render thread/WARN] [Iris/]: Found fine program match for minecraft:pipeline/entity_translucent: HAND_TRANSLUCENT
[218月2026 05:36:35.221] [Render thread/WARN] [Iris/]: Found fine program match for minecraft:pipeline/entity_translucent_emissive: HAND_TRANSLUCENT
[218月2026 05:36:35.225] [Render thread/WARN] [Iris/]: Found fine program match for minecraft:pipeline/entity_cutout: HAND_CUTOUT
[218月2026 05:36:35.225] [Render thread/WARN] [Iris/]: Found fine program match for minecraft:pipeline/entity_translucent: HAND_TRANSLUCENT
[218月2026 05:36:35.225] [Render thread/WARN] [Iris/]: Found fine program match for minecraft:pipeline/entity_translucent_emissive: HAND_TRANSLUCENT
[218月2026 05:36:35.227] [Render thread/INFO] [net.minecraft.advancements.AdvancementTree/]: Loaded 98 advancements
[218月2026 05:36:35.233] [Render thread/WARN] [Iris/]: Found fine program match for minecraft:pipeline/entity_cutout: HAND_CUTOUT
[218月2026 05:36:35.233] [Render thread/WARN] [Iris/]: Found fine program match for minecraft:pipeline/entity_translucent: HAND_TRANSLUCENT
[218月2026 05:36:35.233] [Render thread/WARN] [Iris/]: Found fine program match for minecraft:pipeline/entity_translucent_emissive: HAND_TRANSLUCENT
[218月2026 05:36:35.238] [Render thread/WARN] [Iris/]: Found fine program match for minecraft:pipeline/entity_cutout: HAND_CUTOUT
[218月2026 05:36:35.238] [Render thread/WARN] [Iris/]: Found fine program match for minecraft:pipeline/entity_translucent: HAND_TRANSLUCENT
[218月2026 05:36:35.238] [Render thread/WARN] [Iris/]: Found fine program match for minecraft:pipeline/entity_translucent_emissive: HAND_TRANSLUCENT
[218月2026 05:36:35.241] [Render thread/WARN] [Iris/]: Found fine program match for minecraft:pipeline/entity_cutout: HAND_CUTOUT
[218月2026 05:36:35.241] [Render thread/WARN] [Iris/]: Found fine program match for minecraft:pipeline/entity_translucent: HAND_TRANSLUCENT
[218月2026 05:36:35.241] [Render thread/WARN] [Iris/]: Found fine program match for minecraft:pipeline/entity_translucent_emissive: HAND_TRANSLUCENT
[218月2026 05:36:35.246] [Render thread/WARN] [Iris/]: Found fine program match for minecraft:pipeline/entity_cutout: HAND_CUTOUT
[218月2026 05:36:35.246] [Render thread/WARN] [Iris/]: Found fine program match for minecraft:pipeline/entity_translucent: HAND_TRANSLUCENT
[218月2026 05:36:35.246] [Render thread/WARN] [Iris/]: Found fine program match for minecraft:pipeline/entity_translucent_emissive: HAND_TRANSLUCENT
[218月2026 05:36:35.248] [Render thread/WARN] [Iris/]: Found fine program match for minecraft:pipeline/entity_cutout: HAND_CUTOUT
[218月2026 05:36:35.248] [Render thread/WARN] [Iris/]: Found fine program match for minecraft:pipeline/entity_translucent: HAND_TRANSLUCENT
[218月2026 05:36:35.248] [Render thread/WARN] [Iris/]: Found fine program match for minecraft:pipeline/entity_translucent_emissive: HAND_TRANSLUCENT
[218月2026 05:36:35.253] [Render thread/WARN] [Iris/]: Found fine program match for minecraft:pipeline/entity_cutout: HAND_CUTOUT
[218月2026 05:36:35.253] [Render thread/WARN] [Iris/]: Found fine program match for minecraft:pipeline/entity_translucent: HAND_TRANSLUCENT
[218月2026 05:36:35.253] [Render thread/WARN] [Iris/]: Found fine program match for minecraft:pipeline/entity_translucent_emissive: HAND_TRANSLUCENT
[218月2026 05:36:35.257] [Render thread/WARN] [Iris/]: Found fine program match for minecraft:pipeline/entity_cutout: HAND_CUTOUT
[218月2026 05:36:35.257] [Render thread/WARN] [Iris/]: Found fine program match for minecraft:pipeline/entity_translucent: HAND_TRANSLUCENT
[218月2026 05:36:35.257] [Render thread/WARN] [Iris/]: Found fine program match for minecraft:pipeline/entity_translucent_emissive: HAND_TRANSLUCENT
[218月2026 05:36:35.260] [Render thread/WARN] [Iris/]: Found fine program match for minecraft:pipeline/entity_cutout: HAND_CUTOUT
[218月2026 05:36:35.260] [Render thread/WARN] [Iris/]: Found fine program match for minecraft:pipeline/entity_translucent: HAND_TRANSLUCENT
[218月2026 05:36:35.260] [Render thread/WARN] [Iris/]: Found fine program match for minecraft:pipeline/entity_translucent_emissive: HAND_TRANSLUCENT
[218月2026 05:36:35.264] [Render thread/WARN] [Iris/]: Found fine program match for minecraft:pipeline/entity_cutout: HAND_CUTOUT
[218月2026 05:36:35.265] [Render thread/WARN] [Iris/]: Found fine program match for minecraft:pipeline/entity_translucent: HAND_TRANSLUCENT
[218月2026 05:36:35.265] [Render thread/WARN] [Iris/]: Found fine program match for minecraft:pipeline/entity_translucent_emissive: HAND_TRANSLUCENT
[218月2026 05:36:35.269] [Render thread/WARN] [Iris/]: Found fine program match for minecraft:pipeline/entity_cutout: HAND_CUTOUT
[218月2026 05:36:35.269] [Render thread/WARN] [Iris/]: Found fine program match for minecraft:pipeline/entity_translucent: HAND_TRANSLUCENT
[218月2026 05:36:35.269] [Render thread/WARN] [Iris/]: Found fine program match for minecraft:pipeline/entity_translucent_emissive: HAND_TRANSLUCENT
[218月2026 05:36:35.274] [Render thread/WARN] [Iris/]: Found fine program match for minecraft:pipeline/entity_cutout: HAND_CUTOUT
[218月2026 05:36:35.274] [Render thread/WARN] [Iris/]: Found fine program match for minecraft:pipeline/entity_translucent: HAND_TRANSLUCENT
[218月2026 05:36:35.274] [Render thread/WARN] [Iris/]: Found fine program match for minecraft:pipeline/entity_translucent_emissive: HAND_TRANSLUCENT
[218月2026 05:36:35.276] [Render thread/WARN] [Iris/]: Found fine program match for minecraft:pipeline/entity_cutout: HAND_CUTOUT
[218月2026 05:36:35.276] [Render thread/WARN] [Iris/]: Found fine program match for minecraft:pipeline/entity_translucent: HAND_TRANSLUCENT
[218月2026 05:36:35.276] [Render thread/WARN] [Iris/]: Found fine program match for minecraft:pipeline/entity_translucent_emissive: HAND_TRANSLUCENT
[218月2026 05:36:35.283] [Render thread/WARN] [Iris/]: Found fine program match for minecraft:pipeline/entity_cutout: HAND_CUTOUT
[218月2026 05:36:35.283] [Render thread/WARN] [Iris/]: Found fine program match for minecraft:pipeline/entity_translucent: HAND_TRANSLUCENT
[218月2026 05:36:35.283] [Render thread/WARN] [Iris/]: Found fine program match for minecraft:pipeline/entity_translucent_emissive: HAND_TRANSLUCENT
[218月2026 05:36:35.285] [Render thread/WARN] [Iris/]: Found fine program match for minecraft:pipeline/entity_cutout: HAND_CUTOUT
[218月2026 05:36:35.285] [Render thread/WARN] [Iris/]: Found fine program match for minecraft:pipeline/entity_translucent: HAND_TRANSLUCENT
[218月2026 05:36:35.285] [Render thread/WARN] [Iris/]: Found fine program match for minecraft:pipeline/entity_translucent_emissive: HAND_TRANSLUCENT
[218月2026 05:36:35.289] [Render thread/WARN] [Iris/]: Found fine program match for minecraft:pipeline/entity_cutout: HAND_CUTOUT
[218月2026 05:36:35.289] [Render thread/WARN] [Iris/]: Found fine program match for minecraft:pipeline/entity_translucent: HAND_TRANSLUCENT
[218月2026 05:36:35.289] [Render thread/WARN] [Iris/]: Found fine program match for minecraft:pipeline/entity_translucent_emissive: HAND_TRANSLUCENT
[218月2026 05:36:35.293] [Render thread/WARN] [Iris/]: Found fine program match for minecraft:pipeline/entity_cutout: HAND_CUTOUT
[218月2026 05:36:35.293] [Render thread/WARN] [Iris/]: Found fine program match for minecraft:pipeline/entity_translucent: HAND_TRANSLUCENT
[218月2026 05:36:35.293] [Render thread/WARN] [Iris/]: Found fine program match for minecraft:pipeline/entity_translucent_emissive: HAND_TRANSLUCENT
[218月2026 05:36:35.297] [Render thread/WARN] [Iris/]: Found fine program match for minecraft:pipeline/entity_cutout: HAND_CUTOUT
[218月2026 05:36:35.297] [Render thread/WARN] [Iris/]: Found fine program match for minecraft:pipeline/entity_translucent: HAND_TRANSLUCENT
[218月2026 05:36:35.297] [Render thread/WARN] [Iris/]: Found fine program match for minecraft:pipeline/entity_translucent_emissive: HAND_TRANSLUCENT
[218月2026 05:36:35.301] [Render thread/WARN] [Iris/]: Found fine program match for minecraft:pipeline/entity_cutout: HAND_CUTOUT
[218月2026 05:36:35.301] [Render thread/WARN] [Iris/]: Found fine program match for minecraft:pipeline/entity_translucent: HAND_TRANSLUCENT
[218月2026 05:36:35.301] [Render thread/WARN] [Iris/]: Found fine program match for minecraft:pipeline/entity_translucent_emissive: HAND_TRANSLUCENT
[218月2026 05:36:35.305] [Render thread/WARN] [Iris/]: Found fine program match for minecraft:pipeline/entity_cutout: HAND_CUTOUT
[218月2026 05:36:35.305] [Render thread/WARN] [Iris/]: Found fine program match for minecraft:pipeline/entity_translucent: HAND_TRANSLUCENT
[218月2026 05:36:35.305] [Render thread/WARN] [Iris/]: Found fine program match for minecraft:pipeline/entity_translucent_emissive: HAND_TRANSLUCENT
[218月2026 05:36:35.309] [Render thread/WARN] [Iris/]: Found fine program match for minecraft:pipeline/entity_cutout: HAND_CUTOUT
[218月2026 05:36:35.309] [Render thread/WARN] [Iris/]: Found fine program match for minecraft:pipeline/entity_translucent: HAND_TRANSLUCENT
[218月2026 05:36:35.309] [Render thread/WARN] [Iris/]: Found fine program match for minecraft:pipeline/entity_translucent_emissive: HAND_TRANSLUCENT
[218月2026 05:36:35.313] [Render thread/WARN] [Iris/]: Found fine program match for minecraft:pipeline/entity_cutout: HAND_CUTOUT
[218月2026 05:36:35.313] [Render thread/WARN] [Iris/]: Found fine program match for minecraft:pipeline/entity_translucent: HAND_TRANSLUCENT
[218月2026 05:36:35.313] [Render thread/WARN] [Iris/]: Found fine program match for minecraft:pipeline/entity_translucent_emissive: HAND_TRANSLUCENT
[218月2026 05:36:35.318] [Render thread/WARN] [Iris/]: Found fine program match for minecraft:pipeline/entity_cutout: HAND_CUTOUT
[218月2026 05:36:35.318] [Render thread/WARN] [Iris/]: Found fine program match for minecraft:pipeline/entity_translucent: HAND_TRANSLUCENT
[218月2026 05:36:35.318] [Render thread/WARN] [Iris/]: Found fine program match for minecraft:pipeline/entity_translucent_emissive: HAND_TRANSLUCENT
[218月2026 05:36:35.321] [Render thread/WARN] [Iris/]: Found fine program match for minecraft:pipeline/entity_cutout: HAND_CUTOUT
[218月2026 05:36:35.321] [Render thread/WARN] [Iris/]: Found fine program match for minecraft:pipeline/entity_translucent: HAND_TRANSLUCENT
[218月2026 05:36:35.321] [Render thread/WARN] [Iris/]: Found fine program match for minecraft:pipeline/entity_translucent_emissive: HAND_TRANSLUCENT
[218月2026 05:36:35.325] [Render thread/WARN] [Iris/]: Found fine program match for minecraft:pipeline/entity_cutout: HAND_CUTOUT
[218月2026 05:36:35.325] [Render thread/WARN] [Iris/]: Found fine program match for minecraft:pipeline/entity_translucent: HAND_TRANSLUCENT
[218月2026 05:36:35.325] [Render thread/WARN] [Iris/]: Found fine program match for minecraft:pipeline/entity_translucent_emissive: HAND_TRANSLUCENT
[218月2026 05:36:35.331] [Render thread/WARN] [Iris/]: Found fine program match for minecraft:pipeline/entity_cutout: HAND_CUTOUT
[218月2026 05:36:35.331] [Render thread/WARN] [Iris/]: Found fine program match for minecraft:pipeline/entity_translucent: HAND_TRANSLUCENT
[218月2026 05:36:35.331] [Render thread/WARN] [Iris/]: Found fine program match for minecraft:pipeline/entity_translucent_emissive: HAND_TRANSLUCENT
[218月2026 05:36:35.334] [Render thread/WARN] [Iris/]: Found fine program match for minecraft:pipeline/entity_cutout: HAND_CUTOUT
[218月2026 05:36:35.334] [Render thread/WARN] [Iris/]: Found fine program match for minecraft:pipeline/entity_translucent: HAND_TRANSLUCENT
[218月2026 05:36:35.334] [Render thread/WARN] [Iris/]: Found fine program match for minecraft:pipeline/entity_translucent_emissive: HAND_TRANSLUCENT
[218月2026 05:36:35.338] [Render thread/WARN] [Iris/]: Found fine program match for minecraft:pipeline/entity_cutout: HAND_CUTOUT
[218月2026 05:36:35.338] [Render thread/WARN] [Iris/]: Found fine program match for minecraft:pipeline/entity_translucent: HAND_TRANSLUCENT
[218月2026 05:36:35.338] [Render thread/WARN] [Iris/]: Found fine program match for minecraft:pipeline/entity_translucent_emissive: HAND_TRANSLUCENT
[218月2026 05:36:35.341] [Render thread/WARN] [Iris/]: Found fine program match for minecraft:pipeline/entity_cutout: HAND_CUTOUT
[218月2026 05:36:35.341] [Render thread/WARN] [Iris/]: Found fine program match for minecraft:pipeline/entity_translucent: HAND_TRANSLUCENT
[218月2026 05:36:35.341] [Render thread/WARN] [Iris/]: Found fine program match for minecraft:pipeline/entity_translucent_emissive: HAND_TRANSLUCENT
[218月2026 05:36:35.346] [Render thread/WARN] [Iris/]: Found fine program match for minecraft:pipeline/entity_cutout: HAND_CUTOUT
[218月2026 05:36:35.346] [Render thread/WARN] [Iris/]: Found fine program match for minecraft:pipeline/entity_translucent: HAND_TRANSLUCENT
[218月2026 05:36:35.347] [Render thread/WARN] [Iris/]: Found fine program match for minecraft:pipeline/entity_translucent_emissive: HAND_TRANSLUCENT
[218月2026 05:36:35.351] [Render thread/WARN] [Iris/]: Found fine program match for minecraft:pipeline/entity_cutout: HAND_CUTOUT
[218月2026 05:36:35.351] [Render thread/WARN] [Iris/]: Found fine program match for minecraft:pipeline/entity_translucent: HAND_TRANSLUCENT
[218月2026 05:36:35.351] [Render thread/WARN] [Iris/]: Found fine program match for minecraft:pipeline/entity_translucent_emissive: HAND_TRANSLUCENT
[218月2026 05:36:35.354] [Render thread/WARN] [Iris/]: Found fine program match for minecraft:pipeline/entity_cutout: HAND_CUTOUT
[218月2026 05:36:35.354] [Render thread/WARN] [Iris/]: Found fine program match for minecraft:pipeline/entity_translucent: HAND_TRANSLUCENT
[218月2026 05:36:35.354] [Render thread/WARN] [Iris/]: Found fine program match for minecraft:pipeline/entity_translucent_emissive: HAND_TRANSLUCENT
[218月2026 05:36:35.358] [Render thread/WARN] [Iris/]: Found fine program match for minecraft:pipeline/entity_cutout: HAND_CUTOUT
[218月2026 05:36:35.359] [Render thread/WARN] [Iris/]: Found fine program match for minecraft:pipeline/entity_translucent: HAND_TRANSLUCENT
[218月2026 05:36:35.359] [Render thread/WARN] [Iris/]: Found fine program match for minecraft:pipeline/entity_translucent_emissive: HAND_TRANSLUCENT
[218月2026 05:36:35.362] [Render thread/WARN] [Iris/]: Found fine program match for minecraft:pipeline/entity_cutout: HAND_CUTOUT
[218月2026 05:36:35.362] [Render thread/WARN] [Iris/]: Found fine program match for minecraft:pipeline/entity_translucent: HAND_TRANSLUCENT
[218月2026 05:36:35.362] [Render thread/WARN] [Iris/]: Found fine program match for minecraft:pipeline/entity_translucent_emissive: HAND_TRANSLUCENT
[218月2026 05:36:35.366] [Render thread/WARN] [Iris/]: Found fine program match for minecraft:pipeline/entity_cutout: HAND_CUTOUT
[218月2026 05:36:35.367] [Render thread/WARN] [Iris/]: Found fine program match for minecraft:pipeline/entity_translucent: HAND_TRANSLUCENT
[218月2026 05:36:35.367] [Render thread/WARN] [Iris/]: Found fine program match for minecraft:pipeline/entity_translucent_emissive: HAND_TRANSLUCENT
[218月2026 05:36:35.370] [Render thread/WARN] [Iris/]: Found fine program match for minecraft:pipeline/entity_cutout: HAND_CUTOUT
[218月2026 05:36:35.370] [Render thread/WARN] [Iris/]: Found fine program match for minecraft:pipeline/entity_translucent: HAND_TRANSLUCENT
[218月2026 05:36:35.370] [Render thread/WARN] [Iris/]: Found fine program match for minecraft:pipeline/entity_translucent_emissive: HAND_TRANSLUCENT
[218月2026 05:36:35.376] [Render thread/WARN] [Iris/]: Found fine program match for minecraft:pipeline/entity_cutout: HAND_CUTOUT
[218月2026 05:36:35.376] [Render thread/WARN] [Iris/]: Found fine program match for minecraft:pipeline/entity_translucent: HAND_TRANSLUCENT
[218月2026 05:36:35.376] [Render thread/WARN] [Iris/]: Found fine program match for minecraft:pipeline/entity_translucent_emissive: HAND_TRANSLUCENT
[218月2026 05:36:35.381] [Render thread/WARN] [Iris/]: Found fine program match for minecraft:pipeline/entity_cutout: HAND_CUTOUT
[218月2026 05:36:35.381] [Render thread/WARN] [Iris/]: Found fine program match for minecraft:pipeline/entity_translucent: HAND_TRANSLUCENT
[218月2026 05:36:35.381] [Render thread/WARN] [Iris/]: Found fine program match for minecraft:pipeline/entity_translucent_emissive: HAND_TRANSLUCENT
[218月2026 05:36:35.385] [Render thread/WARN] [Iris/]: Found fine program match for minecraft:pipeline/entity_cutout: HAND_CUTOUT
[218月2026 05:36:35.385] [Render thread/WARN] [Iris/]: Found fine program match for minecraft:pipeline/entity_translucent: HAND_TRANSLUCENT
[218月2026 05:36:35.385] [Render thread/WARN] [Iris/]: Found fine program match for minecraft:pipeline/entity_translucent_emissive: HAND_TRANSLUCENT
[218月2026 05:36:35.388] [Render thread/WARN] [Iris/]: Found fine program match for minecraft:pipeline/entity_cutout: HAND_CUTOUT
[218月2026 05:36:35.388] [Render thread/WARN] [Iris/]: Found fine program match for minecraft:pipeline/entity_translucent: HAND_TRANSLUCENT
[218月2026 05:36:35.388] [Render thread/WARN] [Iris/]: Found fine program match for minecraft:pipeline/entity_translucent_emissive: HAND_TRANSLUCENT
[218月2026 05:36:35.391] [Render thread/WARN] [Iris/]: Found fine program match for minecraft:pipeline/entity_cutout: HAND_CUTOUT
[218月2026 05:36:35.392] [Render thread/WARN] [Iris/]: Found fine program match for minecraft:pipeline/entity_translucent: HAND_TRANSLUCENT
[218月2026 05:36:35.392] [Render thread/WARN] [Iris/]: Found fine program match for minecraft:pipeline/entity_translucent_emissive: HAND_TRANSLUCENT
[218月2026 05:36:35.395] [Render thread/WARN] [Iris/]: Found fine program match for minecraft:pipeline/entity_cutout: HAND_CUTOUT
[218月2026 05:36:35.395] [Render thread/WARN] [Iris/]: Found fine program match for minecraft:pipeline/entity_translucent: HAND_TRANSLUCENT
[218月2026 05:36:35.395] [Render thread/WARN] [Iris/]: Found fine program match for minecraft:pipeline/entity_translucent_emissive: HAND_TRANSLUCENT
[218月2026 05:36:35.400] [Render thread/WARN] [Iris/]: Found fine program match for minecraft:pipeline/entity_cutout: HAND_CUTOUT
[218月2026 05:36:35.400] [Render thread/WARN] [Iris/]: Found fine program match for minecraft:pipeline/entity_translucent: HAND_TRANSLUCENT
[218月2026 05:36:35.400] [Render thread/WARN] [Iris/]: Found fine program match for minecraft:pipeline/entity_translucent_emissive: HAND_TRANSLUCENT
[218月2026 05:36:35.403] [Render thread/WARN] [Iris/]: Found fine program match for minecraft:pipeline/entity_cutout: HAND_CUTOUT
[218月2026 05:36:35.403] [Render thread/WARN] [Iris/]: Found fine program match for minecraft:pipeline/entity_translucent: HAND_TRANSLUCENT
[218月2026 05:36:35.403] [Render thread/WARN] [Iris/]: Found fine program match for minecraft:pipeline/entity_translucent_emissive: HAND_TRANSLUCENT
[218月2026 05:36:35.408] [Render thread/WARN] [Iris/]: Found fine program match for minecraft:pipeline/entity_cutout: HAND_CUTOUT
[218月2026 05:36:35.408] [Render thread/WARN] [Iris/]: Found fine program match for minecraft:pipeline/entity_translucent: HAND_TRANSLUCENT
[218月2026 05:36:35.408] [Render thread/WARN] [Iris/]: Found fine program match for minecraft:pipeline/entity_translucent_emissive: HAND_TRANSLUCENT
[218月2026 05:36:35.411] [Render thread/WARN] [Iris/]: Found fine program match for minecraft:pipeline/entity_cutout: HAND_CUTOUT
[218月2026 05:36:35.411] [Render thread/WARN] [Iris/]: Found fine program match for minecraft:pipeline/entity_translucent: HAND_TRANSLUCENT
[218月2026 05:36:35.411] [Render thread/WARN] [Iris/]: Found fine program match for minecraft:pipeline/entity_translucent_emissive: HAND_TRANSLUCENT
[218月2026 05:36:35.415] [Render thread/WARN] [Iris/]: Found fine program match for minecraft:pipeline/entity_cutout: HAND_CUTOUT
[218月2026 05:36:35.415] [Render thread/WARN] [Iris/]: Found fine program match for minecraft:pipeline/entity_translucent: HAND_TRANSLUCENT
[218月2026 05:36:35.415] [Render thread/WARN] [Iris/]: Found fine program match for minecraft:pipeline/entity_translucent_emissive: HAND_TRANSLUCENT
[218月2026 05:36:35.420] [Render thread/WARN] [Iris/]: Found fine program match for minecraft:pipeline/entity_cutout: HAND_CUTOUT
[218月2026 05:36:35.420] [Render thread/WARN] [Iris/]: Found fine program match for minecraft:pipeline/entity_translucent: HAND_TRANSLUCENT
[218月2026 05:36:35.420] [Render thread/WARN] [Iris/]: Found fine program match for minecraft:pipeline/entity_translucent_emissive: HAND_TRANSLUCENT
[218月2026 05:36:35.424] [Render thread/WARN] [Iris/]: Found fine program match for minecraft:pipeline/entity_cutout: HAND_CUTOUT
[218月2026 05:36:35.424] [Render thread/WARN] [Iris/]: Found fine program match for minecraft:pipeline/entity_translucent: HAND_TRANSLUCENT
[218月2026 05:36:35.424] [Render thread/WARN] [Iris/]: Found fine program match for minecraft:pipeline/entity_translucent_emissive: HAND_TRANSLUCENT
[218月2026 05:36:35.428] [Render thread/WARN] [Iris/]: Found fine program match for minecraft:pipeline/entity_cutout: HAND_CUTOUT
[218月2026 05:36:35.428] [Render thread/WARN] [Iris/]: Found fine program match for minecraft:pipeline/entity_translucent: HAND_TRANSLUCENT
[218月2026 05:36:35.428] [Render thread/WARN] [Iris/]: Found fine program match for minecraft:pipeline/entity_translucent_emissive: HAND_TRANSLUCENT
[218月2026 05:36:35.433] [Render thread/WARN] [Iris/]: Found fine program match for minecraft:pipeline/entity_cutout: HAND_CUTOUT
[218月2026 05:36:35.433] [Render thread/WARN] [Iris/]: Found fine program match for minecraft:pipeline/entity_translucent: HAND_TRANSLUCENT
[218月2026 05:36:35.433] [Render thread/WARN] [Iris/]: Found fine program match for minecraft:pipeline/entity_translucent_emissive: HAND_TRANSLUCENT
[218月2026 05:36:35.435] [Render thread/WARN] [Iris/]: Found fine program match for minecraft:pipeline/entity_cutout: HAND_CUTOUT
[218月2026 05:36:35.435] [Render thread/WARN] [Iris/]: Found fine program match for minecraft:pipeline/entity_translucent: HAND_TRANSLUCENT
[218月2026 05:36:35.435] [Render thread/WARN] [Iris/]: Found fine program match for minecraft:pipeline/entity_translucent_emissive: HAND_TRANSLUCENT
[218月2026 05:36:35.440] [Render thread/WARN] [Iris/]: Found fine program match for minecraft:pipeline/entity_cutout: HAND_CUTOUT
[218月2026 05:36:35.440] [Render thread/WARN] [Iris/]: Found fine program match for minecraft:pipeline/entity_translucent: HAND_TRANSLUCENT
[218月2026 05:36:35.440] [Render thread/WARN] [Iris/]: Found fine program match for minecraft:pipeline/entity_translucent_emissive: HAND_TRANSLUCENT
[218月2026 05:36:35.444] [Render thread/WARN] [Iris/]: Found fine program match for minecraft:pipeline/entity_cutout: HAND_CUTOUT
[218月2026 05:36:35.444] [Render thread/WARN] [Iris/]: Found fine program match for minecraft:pipeline/entity_translucent: HAND_TRANSLUCENT
[218月2026 05:36:35.444] [Render thread/WARN] [Iris/]: Found fine program match for minecraft:pipeline/entity_translucent_emissive: HAND_TRANSLUCENT
[218月2026 05:36:35.447] [Render thread/WARN] [Iris/]: Found fine program match for minecraft:pipeline/entity_cutout: HAND_CUTOUT
[218月2026 05:36:35.447] [Render thread/WARN] [Iris/]: Found fine program match for minecraft:pipeline/entity_translucent: HAND_TRANSLUCENT
[218月2026 05:36:35.447] [Render thread/WARN] [Iris/]: Found fine program match for minecraft:pipeline/entity_translucent_emissive: HAND_TRANSLUCENT
[218月2026 05:36:35.451] [Render thread/WARN] [Iris/]: Found fine program match for minecraft:pipeline/entity_cutout: HAND_CUTOUT
[218月2026 05:36:35.451] [Render thread/WARN] [Iris/]: Found fine program match for minecraft:pipeline/entity_translucent: HAND_TRANSLUCENT
[218月2026 05:36:35.451] [Render thread/WARN] [Iris/]: Found fine program match for minecraft:pipeline/entity_translucent_emissive: HAND_TRANSLUCENT
[218月2026 05:36:35.455] [Render thread/WARN] [Iris/]: Found fine program match for minecraft:pipeline/entity_cutout: HAND_CUTOUT
[218月2026 05:36:35.455] [Render thread/WARN] [Iris/]: Found fine program match for minecraft:pipeline/entity_translucent: HAND_TRANSLUCENT
[218月2026 05:36:35.455] [Render thread/WARN] [Iris/]: Found fine program match for minecraft:pipeline/entity_translucent_emissive: HAND_TRANSLUCENT
[218月2026 05:36:35.460] [Render thread/WARN] [Iris/]: Found fine program match for minecraft:pipeline/entity_cutout: HAND_CUTOUT
[218月2026 05:36:35.460] [Render thread/WARN] [Iris/]: Found fine program match for minecraft:pipeline/entity_translucent: HAND_TRANSLUCENT
[218月2026 05:36:35.460] [Render thread/WARN] [Iris/]: Found fine program match for minecraft:pipeline/entity_translucent_emissive: HAND_TRANSLUCENT
[218月2026 05:36:35.464] [Render thread/WARN] [Iris/]: Found fine program match for minecraft:pipeline/entity_cutout: HAND_CUTOUT
[218月2026 05:36:35.465] [Render thread/WARN] [Iris/]: Found fine program match for minecraft:pipeline/entity_translucent: HAND_TRANSLUCENT
[218月2026 05:36:35.465] [Render thread/WARN] [Iris/]: Found fine program match for minecraft:pipeline/entity_translucent_emissive: HAND_TRANSLUCENT
[218月2026 05:36:35.468] [Render thread/WARN] [Iris/]: Found fine program match for minecraft:pipeline/entity_cutout: HAND_CUTOUT
[218月2026 05:36:35.469] [Render thread/WARN] [Iris/]: Found fine program match for minecraft:pipeline/entity_translucent: HAND_TRANSLUCENT
[218月2026 05:36:35.469] [Render thread/WARN] [Iris/]: Found fine program match for minecraft:pipeline/entity_translucent_emissive: HAND_TRANSLUCENT
[218月2026 05:36:35.471] [Render thread/WARN] [Iris/]: Found fine program match for minecraft:pipeline/entity_cutout: HAND_CUTOUT
[218月2026 05:36:35.471] [Render thread/WARN] [Iris/]: Found fine program match for minecraft:pipeline/entity_translucent: HAND_TRANSLUCENT
[218月2026 05:36:35.471] [Render thread/WARN] [Iris/]: Found fine program match for minecraft:pipeline/entity_translucent_emissive: HAND_TRANSLUCENT
[218月2026 05:36:35.476] [Render thread/WARN] [Iris/]: Found fine program match for minecraft:pipeline/entity_cutout: HAND_CUTOUT
[218月2026 05:36:35.476] [Render thread/WARN] [Iris/]: Found fine program match for minecraft:pipeline/entity_translucent: HAND_TRANSLUCENT
[218月2026 05:36:35.476] [Render thread/WARN] [Iris/]: Found fine program match for minecraft:pipeline/entity_translucent_emissive: HAND_TRANSLUCENT
[218月2026 05:36:35.482] [Render thread/WARN] [Iris/]: Found fine program match for minecraft:pipeline/entity_cutout: HAND_CUTOUT
[218月2026 05:36:35.482] [Render thread/WARN] [Iris/]: Found fine program match for minecraft:pipeline/entity_translucent: HAND_TRANSLUCENT
[218月2026 05:36:35.482] [Render thread/WARN] [Iris/]: Found fine program match for minecraft:pipeline/entity_translucent_emissive: HAND_TRANSLUCENT
[218月2026 05:36:35.485] [Render thread/WARN] [Iris/]: Found fine program match for minecraft:pipeline/entity_cutout: HAND_CUTOUT
[218月2026 05:36:35.485] [Render thread/WARN] [Iris/]: Found fine program match for minecraft:pipeline/entity_translucent: HAND_TRANSLUCENT
[218月2026 05:36:35.485] [Render thread/WARN] [Iris/]: Found fine program match for minecraft:pipeline/entity_translucent_emissive: HAND_TRANSLUCENT
[218月2026 05:36:35.489] [Render thread/WARN] [Iris/]: Found fine program match for minecraft:pipeline/entity_cutout: HAND_CUTOUT
[218月2026 05:36:35.489] [Render thread/WARN] [Iris/]: Found fine program match for minecraft:pipeline/entity_translucent: HAND_TRANSLUCENT
[218月2026 05:36:35.489] [Render thread/WARN] [Iris/]: Found fine program match for minecraft:pipeline/entity_translucent_emissive: HAND_TRANSLUCENT
[218月2026 05:36:35.492] [Render thread/WARN] [Iris/]: Found fine program match for minecraft:pipeline/entity_cutout: HAND_CUTOUT
[218月2026 05:36:35.492] [Render thread/WARN] [Iris/]: Found fine program match for minecraft:pipeline/entity_translucent: HAND_TRANSLUCENT
[218月2026 05:36:35.492] [Render thread/WARN] [Iris/]: Found fine program match for minecraft:pipeline/entity_translucent_emissive: HAND_TRANSLUCENT
[218月2026 05:36:35.496] [Render thread/WARN] [Iris/]: Found fine program match for minecraft:pipeline/entity_cutout: HAND_CUTOUT
[218月2026 05:36:35.496] [Render thread/WARN] [Iris/]: Found fine program match for minecraft:pipeline/entity_translucent: HAND_TRANSLUCENT
[218月2026 05:36:35.496] [Render thread/WARN] [Iris/]: Found fine program match for minecraft:pipeline/entity_translucent_emissive: HAND_TRANSLUCENT
[218月2026 05:36:35.500] [Render thread/WARN] [Iris/]: Found fine program match for minecraft:pipeline/entity_cutout: HAND_CUTOUT
[218月2026 05:36:35.500] [Render thread/WARN] [Iris/]: Found fine program match for minecraft:pipeline/entity_translucent: HAND_TRANSLUCENT
[218月2026 05:36:35.500] [Render thread/WARN] [Iris/]: Found fine program match for minecraft:pipeline/entity_translucent_emissive: HAND_TRANSLUCENT
[218月2026 05:36:35.504] [Render thread/WARN] [Iris/]: Found fine program match for minecraft:pipeline/entity_cutout: HAND_CUTOUT
[218月2026 05:36:35.504] [Render thread/WARN] [Iris/]: Found fine program match for minecraft:pipeline/entity_translucent: HAND_TRANSLUCENT
[218月2026 05:36:35.504] [Render thread/WARN] [Iris/]: Found fine program match for minecraft:pipeline/entity_translucent_emissive: HAND_TRANSLUCENT
[218月2026 05:36:35.508] [Render thread/WARN] [Iris/]: Found fine program match for minecraft:pipeline/entity_cutout: HAND_CUTOUT
[218月2026 05:36:35.508] [Render thread/WARN] [Iris/]: Found fine program match for minecraft:pipeline/entity_translucent: HAND_TRANSLUCENT
[218月2026 05:36:35.508] [Render thread/WARN] [Iris/]: Found fine program match for minecraft:pipeline/entity_translucent_emissive: HAND_TRANSLUCENT
[218月2026 05:36:35.511] [Render thread/WARN] [Iris/]: Found fine program match for minecraft:pipeline/entity_cutout: HAND_CUTOUT
[218月2026 05:36:35.511] [Render thread/WARN] [Iris/]: Found fine program match for minecraft:pipeline/entity_translucent: HAND_TRANSLUCENT
[218月2026 05:36:35.511] [Render thread/WARN] [Iris/]: Found fine program match for minecraft:pipeline/entity_translucent_emissive: HAND_TRANSLUCENT
[218月2026 05:36:35.516] [Render thread/WARN] [Iris/]: Found fine program match for minecraft:pipeline/entity_cutout: HAND_CUTOUT
[218月2026 05:36:35.516] [Render thread/WARN] [Iris/]: Found fine program match for minecraft:pipeline/entity_translucent: HAND_TRANSLUCENT
[218月2026 05:36:35.516] [Render thread/WARN] [Iris/]: Found fine program match for minecraft:pipeline/entity_translucent_emissive: HAND_TRANSLUCENT
[218月2026 05:36:35.520] [Render thread/WARN] [Iris/]: Found fine program match for minecraft:pipeline/entity_cutout: HAND_CUTOUT
[218月2026 05:36:35.520] [Render thread/WARN] [Iris/]: Found fine program match for minecraft:pipeline/entity_translucent: HAND_TRANSLUCENT
[218月2026 05:36:35.520] [Render thread/WARN] [Iris/]: Found fine program match for minecraft:pipeline/entity_translucent_emissive: HAND_TRANSLUCENT
[218月2026 05:36:35.524] [Render thread/WARN] [Iris/]: Found fine program match for minecraft:pipeline/entity_cutout: HAND_CUTOUT
[218月2026 05:36:35.524] [Render thread/WARN] [Iris/]: Found fine program match for minecraft:pipeline/entity_translucent: HAND_TRANSLUCENT
[218月2026 05:36:35.524] [Render thread/WARN] [Iris/]: Found fine program match for minecraft:pipeline/entity_translucent_emissive: HAND_TRANSLUCENT
[218月2026 05:36:35.529] [Render thread/WARN] [Iris/]: Found fine program match for minecraft:pipeline/entity_cutout: HAND_CUTOUT
[218月2026 05:36:35.530] [Render thread/WARN] [Iris/]: Found fine program match for minecraft:pipeline/entity_translucent: HAND_TRANSLUCENT
[218月2026 05:36:35.530] [Render thread/WARN] [Iris/]: Found fine program match for minecraft:pipeline/entity_translucent_emissive: HAND_TRANSLUCENT
[218月2026 05:36:35.535] [Render thread/WARN] [Iris/]: Found fine program match for minecraft:pipeline/entity_cutout: HAND_CUTOUT
[218月2026 05:36:35.535] [Render thread/WARN] [Iris/]: Found fine program match for minecraft:pipeline/entity_translucent: HAND_TRANSLUCENT
[218月2026 05:36:35.535] [Render thread/WARN] [Iris/]: Found fine program match for minecraft:pipeline/entity_translucent_emissive: HAND_TRANSLUCENT
[218月2026 05:36:35.536] [Render thread/WARN] [Iris/]: Found fine program match for minecraft:pipeline/entity_cutout: HAND_CUTOUT
[218月2026 05:36:35.536] [Render thread/WARN] [Iris/]: Found fine program match for minecraft:pipeline/entity_translucent: HAND_TRANSLUCENT
[218月2026 05:36:35.536] [Render thread/WARN] [Iris/]: Found fine program match for minecraft:pipeline/entity_translucent_emissive: HAND_TRANSLUCENT
[218月2026 05:36:35.540] [Render thread/WARN] [Iris/]: Found fine program match for minecraft:pipeline/entity_cutout: HAND_CUTOUT
[218月2026 05:36:35.540] [Render thread/WARN] [Iris/]: Found fine program match for minecraft:pipeline/entity_translucent: HAND_TRANSLUCENT
[218月2026 05:36:35.540] [Render thread/WARN] [Iris/]: Found fine program match for minecraft:pipeline/entity_translucent_emissive: HAND_TRANSLUCENT
[218月2026 05:36:35.544] [Render thread/WARN] [Iris/]: Found fine program match for minecraft:pipeline/entity_cutout: HAND_CUTOUT
[218月2026 05:36:35.544] [Render thread/WARN] [Iris/]: Found fine program match for minecraft:pipeline/entity_translucent: HAND_TRANSLUCENT
[218月2026 05:36:35.544] [Render thread/WARN] [Iris/]: Found fine program match for minecraft:pipeline/entity_translucent_emissive: HAND_TRANSLUCENT
[218月2026 05:36:35.549] [Render thread/WARN] [Iris/]: Found fine program match for minecraft:pipeline/entity_cutout: HAND_CUTOUT
[218月2026 05:36:35.549] [Render thread/WARN] [Iris/]: Found fine program match for minecraft:pipeline/entity_translucent: HAND_TRANSLUCENT
[218月2026 05:36:35.549] [Render thread/WARN] [Iris/]: Found fine program match for minecraft:pipeline/entity_translucent_emissive: HAND_TRANSLUCENT
[218月2026 05:36:35.553] [Render thread/WARN] [Iris/]: Found fine program match for minecraft:pipeline/entity_cutout: HAND_CUTOUT
[218月2026 05:36:35.553] [Render thread/WARN] [Iris/]: Found fine program match for minecraft:pipeline/entity_translucent: HAND_TRANSLUCENT
[218月2026 05:36:35.553] [Render thread/WARN] [Iris/]: Found fine program match for minecraft:pipeline/entity_translucent_emissive: HAND_TRANSLUCENT
[218月2026 05:36:35.557] [Render thread/WARN] [Iris/]: Found fine program match for minecraft:pipeline/entity_cutout: HAND_CUTOUT
[218月2026 05:36:35.557] [Render thread/WARN] [Iris/]: Found fine program match for minecraft:pipeline/entity_translucent: HAND_TRANSLUCENT
[218月2026 05:36:35.557] [Render thread/WARN] [Iris/]: Found fine program match for minecraft:pipeline/entity_translucent_emissive: HAND_TRANSLUCENT
[218月2026 05:36:35.561] [Render thread/WARN] [Iris/]: Found fine program match for minecraft:pipeline/entity_cutout: HAND_CUTOUT
[218月2026 05:36:35.561] [Render thread/WARN] [Iris/]: Found fine program match for minecraft:pipeline/entity_translucent: HAND_TRANSLUCENT
[218月2026 05:36:35.561] [Render thread/WARN] [Iris/]: Found fine program match for minecraft:pipeline/entity_translucent_emissive: HAND_TRANSLUCENT
[218月2026 05:36:35.565] [Render thread/WARN] [Iris/]: Found fine program match for minecraft:pipeline/entity_cutout: HAND_CUTOUT
[218月2026 05:36:35.565] [Render thread/WARN] [Iris/]: Found fine program match for minecraft:pipeline/entity_translucent: HAND_TRANSLUCENT
[218月2026 05:36:35.565] [Render thread/WARN] [Iris/]: Found fine program match for minecraft:pipeline/entity_translucent_emissive: HAND_TRANSLUCENT
[218月2026 05:36:35.570] [Render thread/WARN] [Iris/]: Found fine program match for minecraft:pipeline/entity_cutout: HAND_CUTOUT
[218月2026 05:36:35.570] [Render thread/WARN] [Iris/]: Found fine program match for minecraft:pipeline/entity_translucent: HAND_TRANSLUCENT
[218月2026 05:36:35.570] [Render thread/WARN] [Iris/]: Found fine program match for minecraft:pipeline/entity_translucent_emissive: HAND_TRANSLUCENT
[218月2026 05:36:35.574] [Render thread/WARN] [Iris/]: Found fine program match for minecraft:pipeline/entity_cutout: HAND_CUTOUT
[218月2026 05:36:35.574] [Render thread/WARN] [Iris/]: Found fine program match for minecraft:pipeline/entity_translucent: HAND_TRANSLUCENT
[218月2026 05:36:35.574] [Render thread/WARN] [Iris/]: Found fine program match for minecraft:pipeline/entity_translucent_emissive: HAND_TRANSLUCENT
[218月2026 05:36:35.577] [Render thread/WARN] [Iris/]: Found fine program match for minecraft:pipeline/entity_cutout: HAND_CUTOUT
[218月2026 05:36:35.577] [Render thread/WARN] [Iris/]: Found fine program match for minecraft:pipeline/entity_translucent: HAND_TRANSLUCENT
[218月2026 05:36:35.577] [Render thread/WARN] [Iris/]: Found fine program match for minecraft:pipeline/entity_translucent_emissive: HAND_TRANSLUCENT
[218月2026 05:36:35.582] [Render thread/WARN] [Iris/]: Found fine program match for minecraft:pipeline/entity_cutout: HAND_CUTOUT
[218月2026 05:36:35.582] [Render thread/WARN] [Iris/]: Found fine program match for minecraft:pipeline/entity_translucent: HAND_TRANSLUCENT
[218月2026 05:36:35.582] [Render thread/WARN] [Iris/]: Found fine program match for minecraft:pipeline/entity_translucent_emissive: HAND_TRANSLUCENT
[218月2026 05:36:35.587] [Render thread/WARN] [Iris/]: Found fine program match for minecraft:pipeline/entity_cutout: HAND_CUTOUT
[218月2026 05:36:35.589] [Render thread/WARN] [Iris/]: Found fine program match for minecraft:pipeline/entity_translucent: HAND_TRANSLUCENT
[218月2026 05:36:35.589] [Render thread/WARN] [Iris/]: Found fine program match for minecraft:pipeline/entity_translucent_emissive: HAND_TRANSLUCENT
[218月2026 05:36:35.591] [Render thread/WARN] [Iris/]: Found fine program match for minecraft:pipeline/entity_cutout: HAND_CUTOUT
[218月2026 05:36:35.591] [Render thread/WARN] [Iris/]: Found fine program match for minecraft:pipeline/entity_translucent: HAND_TRANSLUCENT
[218月2026 05:36:35.591] [Render thread/WARN] [Iris/]: Found fine program match for minecraft:pipeline/entity_translucent_emissive: HAND_TRANSLUCENT
[218月2026 05:36:35.595] [Render thread/WARN] [Iris/]: Found fine program match for minecraft:pipeline/entity_cutout: HAND_CUTOUT
[218月2026 05:36:35.595] [Render thread/WARN] [Iris/]: Found fine program match for minecraft:pipeline/entity_translucent: HAND_TRANSLUCENT
[218月2026 05:36:35.595] [Render thread/WARN] [Iris/]: Found fine program match for minecraft:pipeline/entity_translucent_emissive: HAND_TRANSLUCENT
[218月2026 05:36:35.599] [Render thread/WARN] [Iris/]: Found fine program match for minecraft:pipeline/entity_cutout: HAND_CUTOUT
[218月2026 05:36:35.599] [Render thread/WARN] [Iris/]: Found fine program match for minecraft:pipeline/entity_translucent: HAND_TRANSLUCENT
[218月2026 05:36:35.599] [Render thread/WARN] [Iris/]: Found fine program match for minecraft:pipeline/entity_translucent_emissive: HAND_TRANSLUCENT
[218月2026 05:36:35.602] [Render thread/WARN] [Iris/]: Found fine program match for minecraft:pipeline/entity_cutout: HAND_CUTOUT
[218月2026 05:36:35.602] [Render thread/WARN] [Iris/]: Found fine program match for minecraft:pipeline/entity_translucent: HAND_TRANSLUCENT
[218月2026 05:36:35.602] [Render thread/WARN] [Iris/]: Found fine program match for minecraft:pipeline/entity_translucent_emissive: HAND_TRANSLUCENT
[218月2026 05:36:35.606] [Render thread/WARN] [Iris/]: Found fine program match for minecraft:pipeline/entity_cutout: HAND_CUTOUT
[218月2026 05:36:35.606] [Render thread/WARN] [Iris/]: Found fine program match for minecraft:pipeline/entity_translucent: HAND_TRANSLUCENT
[218月2026 05:36:35.607] [Render thread/WARN] [Iris/]: Found fine program match for minecraft:pipeline/entity_translucent_emissive: HAND_TRANSLUCENT
[218月2026 05:36:35.611] [Render thread/WARN] [Iris/]: Found fine program match for minecraft:pipeline/entity_cutout: HAND_CUTOUT
[218月2026 05:36:35.611] [Render thread/WARN] [Iris/]: Found fine program match for minecraft:pipeline/entity_translucent: HAND_TRANSLUCENT
[218月2026 05:36:35.611] [Render thread/WARN] [Iris/]: Found fine program match for minecraft:pipeline/entity_translucent_emissive: HAND_TRANSLUCENT
[218月2026 05:36:35.615] [Render thread/WARN] [Iris/]: Found fine program match for minecraft:pipeline/entity_cutout: HAND_CUTOUT
[218月2026 05:36:35.615] [Render thread/WARN] [Iris/]: Found fine program match for minecraft:pipeline/entity_translucent: HAND_TRANSLUCENT
[218月2026 05:36:35.615] [Render thread/WARN] [Iris/]: Found fine program match for minecraft:pipeline/entity_translucent_emissive: HAND_TRANSLUCENT
[218月2026 05:36:35.619] [Render thread/WARN] [Iris/]: Found fine program match for minecraft:pipeline/entity_cutout: HAND_CUTOUT
[218月2026 05:36:35.619] [Render thread/WARN] [Iris/]: Found fine program match for minecraft:pipeline/entity_translucent: HAND_TRANSLUCENT
[218月2026 05:36:35.619] [Render thread/WARN] [Iris/]: Found fine program match for minecraft:pipeline/entity_translucent_emissive: HAND_TRANSLUCENT
[218月2026 05:36:35.623] [Render thread/WARN] [Iris/]: Found fine program match for minecraft:pipeline/entity_cutout: HAND_CUTOUT
[218月2026 05:36:35.623] [Render thread/WARN] [Iris/]: Found fine program match for minecraft:pipeline/entity_translucent: HAND_TRANSLUCENT
[218月2026 05:36:35.623] [Render thread/WARN] [Iris/]: Found fine program match for minecraft:pipeline/entity_translucent_emissive: HAND_TRANSLUCENT
[218月2026 05:36:35.626] [Render thread/WARN] [Iris/]: Found fine program match for minecraft:pipeline/entity_cutout: HAND_CUTOUT
[218月2026 05:36:35.626] [Render thread/WARN] [Iris/]: Found fine program match for minecraft:pipeline/entity_translucent: HAND_TRANSLUCENT
[218月2026 05:36:35.627] [Render thread/WARN] [Iris/]: Found fine program match for minecraft:pipeline/entity_translucent_emissive: HAND_TRANSLUCENT
[218月2026 05:36:35.632] [Render thread/WARN] [Iris/]: Found fine program match for minecraft:pipeline/entity_cutout: HAND_CUTOUT
[218月2026 05:36:35.632] [Render thread/WARN] [Iris/]: Found fine program match for minecraft:pipeline/entity_translucent: HAND_TRANSLUCENT
[218月2026 05:36:35.632] [Render thread/WARN] [Iris/]: Found fine program match for minecraft:pipeline/entity_translucent_emissive: HAND_TRANSLUCENT
[218月2026 05:36:35.637] [Render thread/WARN] [Iris/]: Found fine program match for minecraft:pipeline/entity_cutout: HAND_CUTOUT
[218月2026 05:36:35.637] [Render thread/WARN] [Iris/]: Found fine program match for minecraft:pipeline/entity_translucent: HAND_TRANSLUCENT
[218月2026 05:36:35.637] [Render thread/WARN] [Iris/]: Found fine program match for minecraft:pipeline/entity_translucent_emissive: HAND_TRANSLUCENT
[218月2026 05:36:35.639] [Render thread/WARN] [Iris/]: Found fine program match for minecraft:pipeline/entity_cutout: HAND_CUTOUT
[218月2026 05:36:35.639] [Render thread/WARN] [Iris/]: Found fine program match for minecraft:pipeline/entity_translucent: HAND_TRANSLUCENT
[218月2026 05:36:35.639] [Render thread/WARN] [Iris/]: Found fine program match for minecraft:pipeline/entity_translucent_emissive: HAND_TRANSLUCENT
[218月2026 05:36:35.643] [Render thread/WARN] [Iris/]: Found fine program match for minecraft:pipeline/entity_cutout: HAND_CUTOUT
[218月2026 05:36:35.643] [Render thread/WARN] [Iris/]: Found fine program match for minecraft:pipeline/entity_translucent: HAND_TRANSLUCENT
[218月2026 05:36:35.643] [Render thread/WARN] [Iris/]: Found fine program match for minecraft:pipeline/entity_translucent_emissive: HAND_TRANSLUCENT
[218月2026 05:36:35.648] [Render thread/WARN] [Iris/]: Found fine program match for minecraft:pipeline/entity_cutout: HAND_CUTOUT
[218月2026 05:36:35.648] [Render thread/WARN] [Iris/]: Found fine program match for minecraft:pipeline/entity_translucent: HAND_TRANSLUCENT
[218月2026 05:36:35.648] [Render thread/WARN] [Iris/]: Found fine program match for minecraft:pipeline/entity_translucent_emissive: HAND_TRANSLUCENT
[218月2026 05:36:35.651] [Render thread/WARN] [Iris/]: Found fine program match for minecraft:pipeline/entity_cutout: HAND_CUTOUT
[218月2026 05:36:35.651] [Render thread/WARN] [Iris/]: Found fine program match for minecraft:pipeline/entity_translucent: HAND_TRANSLUCENT
[218月2026 05:36:35.651] [Render thread/WARN] [Iris/]: Found fine program match for minecraft:pipeline/entity_translucent_emissive: HAND_TRANSLUCENT
[218月2026 05:36:35.656] [Render thread/WARN] [Iris/]: Found fine program match for minecraft:pipeline/entity_cutout: HAND_CUTOUT
[218月2026 05:36:35.656] [Render thread/WARN] [Iris/]: Found fine program match for minecraft:pipeline/entity_translucent: HAND_TRANSLUCENT
[218月2026 05:36:35.656] [Render thread/WARN] [Iris/]: Found fine program match for minecraft:pipeline/entity_translucent_emissive: HAND_TRANSLUCENT
[218月2026 05:36:35.660] [Render thread/WARN] [Iris/]: Found fine program match for minecraft:pipeline/entity_cutout: HAND_CUTOUT
[218月2026 05:36:35.660] [Render thread/WARN] [Iris/]: Found fine program match for minecraft:pipeline/entity_translucent: HAND_TRANSLUCENT
[218月2026 05:36:35.660] [Render thread/WARN] [Iris/]: Found fine program match for minecraft:pipeline/entity_translucent_emissive: HAND_TRANSLUCENT
[218月2026 05:36:35.664] [Render thread/WARN] [Iris/]: Found fine program match for minecraft:pipeline/entity_cutout: HAND_CUTOUT
[218月2026 05:36:35.664] [Render thread/WARN] [Iris/]: Found fine program match for minecraft:pipeline/entity_translucent: HAND_TRANSLUCENT
[218月2026 05:36:35.664] [Render thread/WARN] [Iris/]: Found fine program match for minecraft:pipeline/entity_translucent_emissive: HAND_TRANSLUCENT
[218月2026 05:36:35.668] [Render thread/WARN] [Iris/]: Found fine program match for minecraft:pipeline/entity_cutout: HAND_CUTOUT
[218月2026 05:36:35.668] [Render thread/WARN] [Iris/]: Found fine program match for minecraft:pipeline/entity_translucent: HAND_TRANSLUCENT
[218月2026 05:36:35.668] [Render thread/WARN] [Iris/]: Found fine program match for minecraft:pipeline/entity_translucent_emissive: HAND_TRANSLUCENT
[218月2026 05:36:35.671] [Render thread/WARN] [Iris/]: Found fine program match for minecraft:pipeline/entity_cutout: HAND_CUTOUT
[218月2026 05:36:35.672] [Render thread/WARN] [Iris/]: Found fine program match for minecraft:pipeline/entity_translucent: HAND_TRANSLUCENT
[218月2026 05:36:35.672] [Render thread/WARN] [Iris/]: Found fine program match for minecraft:pipeline/entity_translucent_emissive: HAND_TRANSLUCENT
[218月2026 05:36:35.676] [Render thread/WARN] [Iris/]: Found fine program match for minecraft:pipeline/entity_cutout: HAND_CUTOUT
[218月2026 05:36:35.676] [Render thread/WARN] [Iris/]: Found fine program match for minecraft:pipeline/entity_translucent: HAND_TRANSLUCENT
[218月2026 05:36:35.676] [Render thread/WARN] [Iris/]: Found fine program match for minecraft:pipeline/entity_translucent_emissive: HAND_TRANSLUCENT
[218月2026 05:36:35.681] [Render thread/WARN] [Iris/]: Found fine program match for minecraft:pipeline/entity_cutout: HAND_CUTOUT
[218月2026 05:36:35.681] [Render thread/WARN] [Iris/]: Found fine program match for minecraft:pipeline/entity_translucent: HAND_TRANSLUCENT
[218月2026 05:36:35.681] [Render thread/WARN] [Iris/]: Found fine program match for minecraft:pipeline/entity_translucent_emissive: HAND_TRANSLUCENT
[218月2026 05:36:35.686] [Render thread/WARN] [Iris/]: Found fine program match for minecraft:pipeline/entity_cutout: HAND_CUTOUT
[218月2026 05:36:35.686] [Render thread/WARN] [Iris/]: Found fine program match for minecraft:pipeline/entity_translucent: HAND_TRANSLUCENT
[218月2026 05:36:35.686] [Render thread/WARN] [Iris/]: Found fine program match for minecraft:pipeline/entity_translucent_emissive: HAND_TRANSLUCENT
[218月2026 05:36:35.688] [Render thread/WARN] [Iris/]: Found fine program match for minecraft:pipeline/entity_cutout: HAND_CUTOUT
[218月2026 05:36:35.689] [Render thread/WARN] [Iris/]: Found fine program match for minecraft:pipeline/entity_translucent: HAND_TRANSLUCENT
[218月2026 05:36:35.689] [Render thread/WARN] [Iris/]: Found fine program match for minecraft:pipeline/entity_translucent_emissive: HAND_TRANSLUCENT
[218月2026 05:36:35.692] [Render thread/WARN] [Iris/]: Found fine program match for minecraft:pipeline/entity_cutout: HAND_CUTOUT
[218月2026 05:36:35.692] [Render thread/WARN] [Iris/]: Found fine program match for minecraft:pipeline/entity_translucent: HAND_TRANSLUCENT
[218月2026 05:36:35.692] [Render thread/WARN] [Iris/]: Found fine program match for minecraft:pipeline/entity_translucent_emissive: HAND_TRANSLUCENT
[218月2026 05:36:35.696] [Render thread/WARN] [Iris/]: Found fine program match for minecraft:pipeline/entity_cutout: HAND_CUTOUT
[218月2026 05:36:35.696] [Render thread/WARN] [Iris/]: Found fine program match for minecraft:pipeline/entity_translucent: HAND_TRANSLUCENT
[218月2026 05:36:35.696] [Render thread/WARN] [Iris/]: Found fine program match for minecraft:pipeline/entity_translucent_emissive: HAND_TRANSLUCENT
[218月2026 05:36:35.700] [Render thread/WARN] [Iris/]: Found fine program match for minecraft:pipeline/entity_cutout: HAND_CUTOUT
[218月2026 05:36:35.700] [Render thread/WARN] [Iris/]: Found fine program match for minecraft:pipeline/entity_translucent: HAND_TRANSLUCENT
[218月2026 05:36:35.700] [Render thread/WARN] [Iris/]: Found fine program match for minecraft:pipeline/entity_translucent_emissive: HAND_TRANSLUCENT
[218月2026 05:36:35.703] [Render thread/WARN] [Iris/]: Found fine program match for minecraft:pipeline/entity_cutout: HAND_CUTOUT
[218月2026 05:36:35.704] [Render thread/WARN] [Iris/]: Found fine program match for minecraft:pipeline/entity_translucent: HAND_TRANSLUCENT
[218月2026 05:36:35.704] [Render thread/WARN] [Iris/]: Found fine program match for minecraft:pipeline/entity_translucent_emissive: HAND_TRANSLUCENT
[218月2026 05:36:35.708] [Render thread/WARN] [Iris/]: Found fine program match for minecraft:pipeline/entity_cutout: HAND_CUTOUT
[218月2026 05:36:35.708] [Render thread/WARN] [Iris/]: Found fine program match for minecraft:pipeline/entity_translucent: HAND_TRANSLUCENT
[218月2026 05:36:35.708] [Render thread/WARN] [Iris/]: Found fine program match for minecraft:pipeline/entity_translucent_emissive: HAND_TRANSLUCENT
[218月2026 05:36:35.712] [Render thread/WARN] [Iris/]: Found fine program match for minecraft:pipeline/entity_cutout: HAND_CUTOUT
[218月2026 05:36:35.712] [Render thread/WARN] [Iris/]: Found fine program match for minecraft:pipeline/entity_translucent: HAND_TRANSLUCENT
[218月2026 05:36:35.712] [Render thread/WARN] [Iris/]: Found fine program match for minecraft:pipeline/entity_translucent_emissive: HAND_TRANSLUCENT
[218月2026 05:36:35.716] [Render thread/WARN] [Iris/]: Found fine program match for minecraft:pipeline/entity_cutout: HAND_CUTOUT
[218月2026 05:36:35.716] [Render thread/WARN] [Iris/]: Found fine program match for minecraft:pipeline/entity_translucent: HAND_TRANSLUCENT
[218月2026 05:36:35.716] [Render thread/WARN] [Iris/]: Found fine program match for minecraft:pipeline/entity_translucent_emissive: HAND_TRANSLUCENT
[218月2026 05:36:35.720] [Render thread/WARN] [Iris/]: Found fine program match for minecraft:pipeline/entity_cutout: HAND_CUTOUT
[218月2026 05:36:35.720] [Render thread/WARN] [Iris/]: Found fine program match for minecraft:pipeline/entity_translucent: HAND_TRANSLUCENT
[218月2026 05:36:35.720] [Render thread/WARN] [Iris/]: Found fine program match for minecraft:pipeline/entity_translucent_emissive: HAND_TRANSLUCENT
[218月2026 05:36:35.724] [Render thread/WARN] [Iris/]: Found fine program match for minecraft:pipeline/entity_cutout: HAND_CUTOUT
[218月2026 05:36:35.724] [Render thread/WARN] [Iris/]: Found fine program match for minecraft:pipeline/entity_translucent: HAND_TRANSLUCENT
[218月2026 05:36:35.724] [Render thread/WARN] [Iris/]: Found fine program match for minecraft:pipeline/entity_translucent_emissive: HAND_TRANSLUCENT
[218月2026 05:36:35.729] [Render thread/WARN] [Iris/]: Found fine program match for minecraft:pipeline/entity_cutout: HAND_CUTOUT
[218月2026 05:36:35.729] [Render thread/WARN] [Iris/]: Found fine program match for minecraft:pipeline/entity_translucent: HAND_TRANSLUCENT
[218月2026 05:36:35.729] [Render thread/WARN] [Iris/]: Found fine program match for minecraft:pipeline/entity_translucent_emissive: HAND_TRANSLUCENT
[218月2026 05:36:35.732] [Render thread/WARN] [Iris/]: Found fine program match for minecraft:pipeline/entity_cutout: HAND_CUTOUT
[218月2026 05:36:35.732] [Render thread/WARN] [Iris/]: Found fine program match for minecraft:pipeline/entity_translucent: HAND_TRANSLUCENT
[218月2026 05:36:35.732] [Render thread/WARN] [Iris/]: Found fine program match for minecraft:pipeline/entity_translucent_emissive: HAND_TRANSLUCENT
[218月2026 05:36:35.736] [Render thread/WARN] [Iris/]: Found fine program match for minecraft:pipeline/entity_cutout: HAND_CUTOUT
[218月2026 05:36:35.736] [Render thread/WARN] [Iris/]: Found fine program match for minecraft:pipeline/entity_translucent: HAND_TRANSLUCENT
[218月2026 05:36:35.736] [Render thread/WARN] [Iris/]: Found fine program match for minecraft:pipeline/entity_translucent_emissive: HAND_TRANSLUCENT
[218月2026 05:36:35.740] [Render thread/WARN] [Iris/]: Found fine program match for minecraft:pipeline/entity_cutout: HAND_CUTOUT
[218月2026 05:36:35.740] [Render thread/WARN] [Iris/]: Found fine program match for minecraft:pipeline/entity_translucent: HAND_TRANSLUCENT
[218月2026 05:36:35.740] [Render thread/WARN] [Iris/]: Found fine program match for minecraft:pipeline/entity_translucent_emissive: HAND_TRANSLUCENT
[218月2026 05:36:35.745] [Render thread/WARN] [Iris/]: Found fine program match for minecraft:pipeline/entity_cutout: HAND_CUTOUT
[218月2026 05:36:35.745] [Render thread/WARN] [Iris/]: Found fine program match for minecraft:pipeline/entity_translucent: HAND_TRANSLUCENT
[218月2026 05:36:35.745] [Render thread/WARN] [Iris/]: Found fine program match for minecraft:pipeline/entity_translucent_emissive: HAND_TRANSLUCENT
[218月2026 05:36:35.748] [Render thread/WARN] [Iris/]: Found fine program match for minecraft:pipeline/entity_cutout: HAND_CUTOUT
[218月2026 05:36:35.749] [Render thread/WARN] [Iris/]: Found fine program match for minecraft:pipeline/entity_translucent: HAND_TRANSLUCENT
[218月2026 05:36:35.749] [Render thread/WARN] [Iris/]: Found fine program match for minecraft:pipeline/entity_translucent_emissive: HAND_TRANSLUCENT
[218月2026 05:36:35.754] [Render thread/WARN] [Iris/]: Found fine program match for minecraft:pipeline/entity_cutout: HAND_CUTOUT
[218月2026 05:36:35.754] [Render thread/WARN] [Iris/]: Found fine program match for minecraft:pipeline/entity_translucent: HAND_TRANSLUCENT
[218月2026 05:36:35.754] [Render thread/WARN] [Iris/]: Found fine program match for minecraft:pipeline/entity_translucent_emissive: HAND_TRANSLUCENT
[218月2026 05:36:35.757] [Render thread/WARN] [Iris/]: Found fine program match for minecraft:pipeline/entity_cutout: HAND_CUTOUT
[218月2026 05:36:35.757] [Render thread/WARN] [Iris/]: Found fine program match for minecraft:pipeline/entity_translucent: HAND_TRANSLUCENT
[218月2026 05:36:35.757] [Render thread/WARN] [Iris/]: Found fine program match for minecraft:pipeline/entity_translucent_emissive: HAND_TRANSLUCENT
[218月2026 05:36:35.761] [Render thread/WARN] [Iris/]: Found fine program match for minecraft:pipeline/entity_cutout: HAND_CUTOUT
[218月2026 05:36:35.761] [Render thread/WARN] [Iris/]: Found fine program match for minecraft:pipeline/entity_translucent: HAND_TRANSLUCENT
[218月2026 05:36:35.761] [Render thread/WARN] [Iris/]: Found fine program match for minecraft:pipeline/entity_translucent_emissive: HAND_TRANSLUCENT
[218月2026 05:36:35.765] [Render thread/WARN] [Iris/]: Found fine program match for minecraft:pipeline/entity_cutout: HAND_CUTOUT
[218月2026 05:36:35.765] [Render thread/WARN] [Iris/]: Found fine program match for minecraft:pipeline/entity_translucent: HAND_TRANSLUCENT
[218月2026 05:36:35.765] [Render thread/WARN] [Iris/]: Found fine program match for minecraft:pipeline/entity_translucent_emissive: HAND_TRANSLUCENT
[218月2026 05:36:35.770] [Render thread/WARN] [Iris/]: Found fine program match for minecraft:pipeline/entity_cutout: HAND_CUTOUT
[218月2026 05:36:35.770] [Render thread/WARN] [Iris/]: Found fine program match for minecraft:pipeline/entity_translucent: HAND_TRANSLUCENT
[218月2026 05:36:35.770] [Render thread/WARN] [Iris/]: Found fine program match for minecraft:pipeline/entity_translucent_emissive: HAND_TRANSLUCENT
[218月2026 05:36:35.774] [Render thread/WARN] [Iris/]: Found fine program match for minecraft:pipeline/entity_cutout: HAND_CUTOUT
[218月2026 05:36:35.774] [Render thread/WARN] [Iris/]: Found fine program match for minecraft:pipeline/entity_translucent: HAND_TRANSLUCENT
[218月2026 05:36:35.774] [Render thread/WARN] [Iris/]: Found fine program match for minecraft:pipeline/entity_translucent_emissive: HAND_TRANSLUCENT
[218月2026 05:36:35.779] [Render thread/WARN] [Iris/]: Found fine program match for minecraft:pipeline/entity_cutout: HAND_CUTOUT
[218月2026 05:36:35.779] [Render thread/WARN] [Iris/]: Found fine program match for minecraft:pipeline/entity_translucent: HAND_TRANSLUCENT
[218月2026 05:36:35.779] [Render thread/WARN] [Iris/]: Found fine program match for minecraft:pipeline/entity_translucent_emissive: HAND_TRANSLUCENT
[218月2026 05:36:35.783] [Render thread/WARN] [Iris/]: Found fine program match for minecraft:pipeline/entity_cutout: HAND_CUTOUT
[218月2026 05:36:35.784] [Render thread/WARN] [Iris/]: Found fine program match for minecraft:pipeline/entity_translucent: HAND_TRANSLUCENT
[218月2026 05:36:35.784] [Render thread/WARN] [Iris/]: Found fine program match for minecraft:pipeline/entity_translucent_emissive: HAND_TRANSLUCENT
[218月2026 05:36:35.786] [Render thread/WARN] [Iris/]: Found fine program match for minecraft:pipeline/entity_cutout: HAND_CUTOUT
[218月2026 05:36:35.786] [Render thread/WARN] [Iris/]: Found fine program match for minecraft:pipeline/entity_translucent: HAND_TRANSLUCENT
[218月2026 05:36:35.786] [Render thread/WARN] [Iris/]: Found fine program match for minecraft:pipeline/entity_translucent_emissive: HAND_TRANSLUCENT
[218月2026 05:36:35.790] [Render thread/WARN] [Iris/]: Found fine program match for minecraft:pipeline/entity_cutout: HAND_CUTOUT
[218月2026 05:36:35.790] [Render thread/WARN] [Iris/]: Found fine program match for minecraft:pipeline/entity_translucent: HAND_TRANSLUCENT
[218月2026 05:36:35.790] [Render thread/WARN] [Iris/]: Found fine program match for minecraft:pipeline/entity_translucent_emissive: HAND_TRANSLUCENT
[218月2026 05:36:35.794] [Render thread/WARN] [Iris/]: Found fine program match for minecraft:pipeline/entity_cutout: HAND_CUTOUT
[218月2026 05:36:35.794] [Render thread/WARN] [Iris/]: Found fine program match for minecraft:pipeline/entity_translucent: HAND_TRANSLUCENT
[218月2026 05:36:35.794] [Render thread/WARN] [Iris/]: Found fine program match for minecraft:pipeline/entity_translucent_emissive: HAND_TRANSLUCENT
[218月2026 05:36:35.798] [Render thread/WARN] [Iris/]: Found fine program match for minecraft:pipeline/entity_cutout: HAND_CUTOUT
[218月2026 05:36:35.798] [Render thread/WARN] [Iris/]: Found fine program match for minecraft:pipeline/entity_translucent: HAND_TRANSLUCENT
[218月2026 05:36:35.798] [Render thread/WARN] [Iris/]: Found fine program match for minecraft:pipeline/entity_translucent_emissive: HAND_TRANSLUCENT
[218月2026 05:36:35.802] [Render thread/WARN] [Iris/]: Found fine program match for minecraft:pipeline/entity_cutout: HAND_CUTOUT
[218月2026 05:36:35.802] [Render thread/WARN] [Iris/]: Found fine program match for minecraft:pipeline/entity_translucent: HAND_TRANSLUCENT
[218月2026 05:36:35.802] [Render thread/WARN] [Iris/]: Found fine program match for minecraft:pipeline/entity_translucent_emissive: HAND_TRANSLUCENT
[218月2026 05:36:35.806] [Render thread/WARN] [Iris/]: Found fine program match for minecraft:pipeline/entity_cutout: HAND_CUTOUT
[218月2026 05:36:35.806] [Render thread/WARN] [Iris/]: Found fine program match for minecraft:pipeline/entity_translucent: HAND_TRANSLUCENT
[218月2026 05:36:35.806] [Render thread/WARN] [Iris/]: Found fine program match for minecraft:pipeline/entity_translucent_emissive: HAND_TRANSLUCENT
[218月2026 05:36:35.810] [Render thread/WARN] [Iris/]: Found fine program match for minecraft:pipeline/entity_cutout: HAND_CUTOUT
[218月2026 05:36:35.810] [Render thread/WARN] [Iris/]: Found fine program match for minecraft:pipeline/entity_translucent: HAND_TRANSLUCENT
[218月2026 05:36:35.810] [Render thread/WARN] [Iris/]: Found fine program match for minecraft:pipeline/entity_translucent_emissive: HAND_TRANSLUCENT
[218月2026 05:36:35.814] [Render thread/WARN] [Iris/]: Found fine program match for minecraft:pipeline/entity_cutout: HAND_CUTOUT
[218月2026 05:36:35.814] [Render thread/WARN] [Iris/]: Found fine program match for minecraft:pipeline/entity_translucent: HAND_TRANSLUCENT
[218月2026 05:36:35.814] [Render thread/WARN] [Iris/]: Found fine program match for minecraft:pipeline/entity_translucent_emissive: HAND_TRANSLUCENT
[218月2026 05:36:35.819] [Render thread/WARN] [Iris/]: Found fine program match for minecraft:pipeline/entity_cutout: HAND_CUTOUT
[218月2026 05:36:35.819] [Render thread/WARN] [Iris/]: Found fine program match for minecraft:pipeline/entity_translucent: HAND_TRANSLUCENT
[218月2026 05:36:35.819] [Render thread/WARN] [Iris/]: Found fine program match for minecraft:pipeline/entity_translucent_emissive: HAND_TRANSLUCENT
[218月2026 05:36:35.823] [Render thread/WARN] [Iris/]: Found fine program match for minecraft:pipeline/entity_cutout: HAND_CUTOUT
[218月2026 05:36:35.823] [Render thread/WARN] [Iris/]: Found fine program match for minecraft:pipeline/entity_translucent: HAND_TRANSLUCENT
[218月2026 05:36:35.823] [Render thread/WARN] [Iris/]: Found fine program match for minecraft:pipeline/entity_translucent_emissive: HAND_TRANSLUCENT
[218月2026 05:36:35.826] [Render thread/WARN] [Iris/]: Found fine program match for minecraft:pipeline/entity_cutout: HAND_CUTOUT
[218月2026 05:36:35.827] [Render thread/WARN] [Iris/]: Found fine program match for minecraft:pipeline/entity_translucent: HAND_TRANSLUCENT
[218月2026 05:36:35.827] [Render thread/WARN] [Iris/]: Found fine program match for minecraft:pipeline/entity_translucent_emissive: HAND_TRANSLUCENT
[218月2026 05:36:35.831] [Render thread/WARN] [Iris/]: Found fine program match for minecraft:pipeline/entity_cutout: HAND_CUTOUT
[218月2026 05:36:35.831] [Render thread/WARN] [Iris/]: Found fine program match for minecraft:pipeline/entity_translucent: HAND_TRANSLUCENT
[218月2026 05:36:35.831] [Render thread/WARN] [Iris/]: Found fine program match for minecraft:pipeline/entity_translucent_emissive: HAND_TRANSLUCENT
[218月2026 05:36:35.835] [Render thread/WARN] [Iris/]: Found fine program match for minecraft:pipeline/entity_cutout: HAND_CUTOUT
[218月2026 05:36:35.835] [Render thread/WARN] [Iris/]: Found fine program match for minecraft:pipeline/entity_translucent: HAND_TRANSLUCENT
[218月2026 05:36:35.835] [Render thread/WARN] [Iris/]: Found fine program match for minecraft:pipeline/entity_translucent_emissive: HAND_TRANSLUCENT
[218月2026 05:36:35.839] [Render thread/WARN] [Iris/]: Found fine program match for minecraft:pipeline/entity_cutout: HAND_CUTOUT
[218月2026 05:36:35.839] [Render thread/WARN] [Iris/]: Found fine program match for minecraft:pipeline/entity_translucent: HAND_TRANSLUCENT
[218月2026 05:36:35.839] [Render thread/WARN] [Iris/]: Found fine program match for minecraft:pipeline/entity_translucent_emissive: HAND_TRANSLUCENT
[218月2026 05:36:35.843] [Render thread/WARN] [Iris/]: Found fine program match for minecraft:pipeline/entity_cutout: HAND_CUTOUT
[218月2026 05:36:35.843] [Render thread/WARN] [Iris/]: Found fine program match for minecraft:pipeline/entity_translucent: HAND_TRANSLUCENT
[218月2026 05:36:35.843] [Render thread/WARN] [Iris/]: Found fine program match for minecraft:pipeline/entity_translucent_emissive: HAND_TRANSLUCENT
[218月2026 05:36:35.847] [Render thread/WARN] [Iris/]: Found fine program match for minecraft:pipeline/entity_cutout: HAND_CUTOUT
[218月2026 05:36:35.847] [Render thread/WARN] [Iris/]: Found fine program match for minecraft:pipeline/entity_translucent: HAND_TRANSLUCENT
[218月2026 05:36:35.847] [Render thread/WARN] [Iris/]: Found fine program match for minecraft:pipeline/entity_translucent_emissive: HAND_TRANSLUCENT
[218月2026 05:36:35.851] [Render thread/WARN] [Iris/]: Found fine program match for minecraft:pipeline/entity_cutout: HAND_CUTOUT
[218月2026 05:36:35.851] [Render thread/WARN] [Iris/]: Found fine program match for minecraft:pipeline/entity_translucent: HAND_TRANSLUCENT
[218月2026 05:36:35.851] [Render thread/WARN] [Iris/]: Found fine program match for minecraft:pipeline/entity_translucent_emissive: HAND_TRANSLUCENT
[218月2026 05:36:35.854] [Render thread/WARN] [Iris/]: Found fine program match for minecraft:pipeline/entity_cutout: HAND_CUTOUT
[218月2026 05:36:35.854] [Render thread/WARN] [Iris/]: Found fine program match for minecraft:pipeline/entity_translucent: HAND_TRANSLUCENT
[218月2026 05:36:35.854] [Render thread/WARN] [Iris/]: Found fine program match for minecraft:pipeline/entity_translucent_emissive: HAND_TRANSLUCENT
[218月2026 05:36:35.858] [Render thread/WARN] [Iris/]: Found fine program match for minecraft:pipeline/entity_cutout: HAND_CUTOUT
[218月2026 05:36:35.858] [Render thread/WARN] [Iris/]: Found fine program match for minecraft:pipeline/entity_translucent: HAND_TRANSLUCENT
[218月2026 05:36:35.858] [Render thread/WARN] [Iris/]: Found fine program match for minecraft:pipeline/entity_translucent_emissive: HAND_TRANSLUCENT
[218月2026 05:36:35.863] [Render thread/WARN] [Iris/]: Found fine program match for minecraft:pipeline/entity_cutout: HAND_CUTOUT
[218月2026 05:36:35.863] [Render thread/WARN] [Iris/]: Found fine program match for minecraft:pipeline/entity_translucent: HAND_TRANSLUCENT
[218月2026 05:36:35.863] [Render thread/WARN] [Iris/]: Found fine program match for minecraft:pipeline/entity_translucent_emissive: HAND_TRANSLUCENT
[218月2026 05:36:35.867] [Render thread/WARN] [Iris/]: Found fine program match for minecraft:pipeline/entity_cutout: HAND_CUTOUT
[218月2026 05:36:35.867] [Render thread/WARN] [Iris/]: Found fine program match for minecraft:pipeline/entity_translucent: HAND_TRANSLUCENT
[218月2026 05:36:35.867] [Render thread/WARN] [Iris/]: Found fine program match for minecraft:pipeline/entity_translucent_emissive: HAND_TRANSLUCENT
[218月2026 05:36:35.870] [Render thread/WARN] [Iris/]: Found fine program match for minecraft:pipeline/entity_cutout: HAND_CUTOUT
[218月2026 05:36:35.871] [Render thread/WARN] [Iris/]: Found fine program match for minecraft:pipeline/entity_translucent: HAND_TRANSLUCENT
[218月2026 05:36:35.871] [Render thread/WARN] [Iris/]: Found fine program match for minecraft:pipeline/entity_translucent_emissive: HAND_TRANSLUCENT
[218月2026 05:36:35.874] [Render thread/WARN] [Iris/]: Found fine program match for minecraft:pipeline/entity_cutout: HAND_CUTOUT
[218月2026 05:36:35.874] [Render thread/WARN] [Iris/]: Found fine program match for minecraft:pipeline/entity_translucent: HAND_TRANSLUCENT
[218月2026 05:36:35.874] [Render thread/WARN] [Iris/]: Found fine program match for minecraft:pipeline/entity_translucent_emissive: HAND_TRANSLUCENT
[218月2026 05:36:35.880] [Render thread/WARN] [Iris/]: Found fine program match for minecraft:pipeline/entity_cutout: HAND_CUTOUT
[218月2026 05:36:35.880] [Render thread/WARN] [Iris/]: Found fine program match for minecraft:pipeline/entity_translucent: HAND_TRANSLUCENT
[218月2026 05:36:35.880] [Render thread/WARN] [Iris/]: Found fine program match for minecraft:pipeline/entity_translucent_emissive: HAND_TRANSLUCENT
[218月2026 05:36:35.884] [Render thread/WARN] [Iris/]: Found fine program match for minecraft:pipeline/entity_cutout: HAND_CUTOUT
[218月2026 05:36:35.884] [Render thread/WARN] [Iris/]: Found fine program match for minecraft:pipeline/entity_translucent: HAND_TRANSLUCENT
[218月2026 05:36:35.885] [Render thread/WARN] [Iris/]: Found fine program match for minecraft:pipeline/entity_translucent_emissive: HAND_TRANSLUCENT
[218月2026 05:36:35.887] [Render thread/WARN] [Iris/]: Found fine program match for minecraft:pipeline/entity_cutout: HAND_CUTOUT
[218月2026 05:36:35.887] [Render thread/WARN] [Iris/]: Found fine program match for minecraft:pipeline/entity_translucent: HAND_TRANSLUCENT
[218月2026 05:36:35.887] [Render thread/WARN] [Iris/]: Found fine program match for minecraft:pipeline/entity_translucent_emissive: HAND_TRANSLUCENT
[218月2026 05:36:35.890] [Render thread/WARN] [Iris/]: Found fine program match for minecraft:pipeline/entity_cutout: HAND_CUTOUT
[218月2026 05:36:35.890] [Render thread/WARN] [Iris/]: Found fine program match for minecraft:pipeline/entity_translucent: HAND_TRANSLUCENT
[218月2026 05:36:35.890] [Render thread/WARN] [Iris/]: Found fine program match for minecraft:pipeline/entity_translucent_emissive: HAND_TRANSLUCENT
[218月2026 05:36:35.894] [Render thread/WARN] [Iris/]: Found fine program match for minecraft:pipeline/entity_cutout: HAND_CUTOUT
[218月2026 05:36:35.894] [Render thread/WARN] [Iris/]: Found fine program match for minecraft:pipeline/entity_translucent: HAND_TRANSLUCENT
[218月2026 05:36:35.894] [Render thread/WARN] [Iris/]: Found fine program match for minecraft:pipeline/entity_translucent_emissive: HAND_TRANSLUCENT
[218月2026 05:36:35.898] [Render thread/WARN] [Iris/]: Found fine program match for minecraft:pipeline/entity_cutout: HAND_CUTOUT
[218月2026 05:36:35.898] [Render thread/WARN] [Iris/]: Found fine program match for minecraft:pipeline/entity_translucent: HAND_TRANSLUCENT
[218月2026 05:36:35.898] [Render thread/WARN] [Iris/]: Found fine program match for minecraft:pipeline/entity_translucent_emissive: HAND_TRANSLUCENT
[218月2026 05:36:35.902] [Render thread/WARN] [Iris/]: Found fine program match for minecraft:pipeline/entity_cutout: HAND_CUTOUT
[218月2026 05:36:35.902] [Render thread/WARN] [Iris/]: Found fine program match for minecraft:pipeline/entity_translucent: HAND_TRANSLUCENT
[218月2026 05:36:35.902] [Render thread/WARN] [Iris/]: Found fine program match for minecraft:pipeline/entity_translucent_emissive: HAND_TRANSLUCENT
[218月2026 05:36:35.906] [Render thread/WARN] [Iris/]: Found fine program match for minecraft:pipeline/entity_cutout: HAND_CUTOUT
[218月2026 05:36:35.906] [Render thread/WARN] [Iris/]: Found fine program match for minecraft:pipeline/entity_translucent: HAND_TRANSLUCENT
[218月2026 05:36:35.906] [Render thread/WARN] [Iris/]: Found fine program match for minecraft:pipeline/entity_translucent_emissive: HAND_TRANSLUCENT
[218月2026 05:36:35.911] [Render thread/WARN] [Iris/]: Found fine program match for minecraft:pipeline/entity_cutout: HAND_CUTOUT
[218月2026 05:36:35.911] [Render thread/WARN] [Iris/]: Found fine program match for minecraft:pipeline/entity_translucent: HAND_TRANSLUCENT
[218月2026 05:36:35.911] [Render thread/WARN] [Iris/]: Found fine program match for minecraft:pipeline/entity_translucent_emissive: HAND_TRANSLUCENT
[218月2026 05:36:35.915] [Render thread/WARN] [Iris/]: Found fine program match for minecraft:pipeline/entity_cutout: HAND_CUTOUT
[218月2026 05:36:35.915] [Render thread/WARN] [Iris/]: Found fine program match for minecraft:pipeline/entity_translucent: HAND_TRANSLUCENT
[218月2026 05:36:35.915] [Render thread/WARN] [Iris/]: Found fine program match for minecraft:pipeline/entity_translucent_emissive: HAND_TRANSLUCENT
[218月2026 05:36:35.919] [Render thread/WARN] [Iris/]: Found fine program match for minecraft:pipeline/entity_cutout: HAND_CUTOUT
[218月2026 05:36:35.919] [Render thread/WARN] [Iris/]: Found fine program match for minecraft:pipeline/entity_translucent: HAND_TRANSLUCENT
[218月2026 05:36:35.919] [Render thread/WARN] [Iris/]: Found fine program match for minecraft:pipeline/entity_translucent_emissive: HAND_TRANSLUCENT
[218月2026 05:36:35.923] [Render thread/WARN] [Iris/]: Found fine program match for minecraft:pipeline/entity_cutout: HAND_CUTOUT
[218月2026 05:36:35.923] [Render thread/WARN] [Iris/]: Found fine program match for minecraft:pipeline/entity_translucent: HAND_TRANSLUCENT
[218月2026 05:36:35.923] [Render thread/WARN] [Iris/]: Found fine program match for minecraft:pipeline/entity_translucent_emissive: HAND_TRANSLUCENT
[218月2026 05:36:35.927] [Render thread/WARN] [Iris/]: Found fine program match for minecraft:pipeline/entity_cutout: HAND_CUTOUT
[218月2026 05:36:35.927] [Render thread/WARN] [Iris/]: Found fine program match for minecraft:pipeline/entity_translucent: HAND_TRANSLUCENT
[218月2026 05:36:35.927] [Render thread/WARN] [Iris/]: Found fine program match for minecraft:pipeline/entity_translucent_emissive: HAND_TRANSLUCENT
[218月2026 05:36:35.932] [Render thread/WARN] [Iris/]: Found fine program match for minecraft:pipeline/entity_cutout: HAND_CUTOUT
[218月2026 05:36:35.932] [Render thread/WARN] [Iris/]: Found fine program match for minecraft:pipeline/entity_translucent: HAND_TRANSLUCENT
[218月2026 05:36:35.932] [Render thread/WARN] [Iris/]: Found fine program match for minecraft:pipeline/entity_translucent_emissive: HAND_TRANSLUCENT
[218月2026 05:36:35.935] [Render thread/WARN] [Iris/]: Found fine program match for minecraft:pipeline/entity_cutout: HAND_CUTOUT
[218月2026 05:36:35.936] [Render thread/WARN] [Iris/]: Found fine program match for minecraft:pipeline/entity_translucent: HAND_TRANSLUCENT
[218月2026 05:36:35.936] [Render thread/WARN] [Iris/]: Found fine program match for minecraft:pipeline/entity_translucent_emissive: HAND_TRANSLUCENT
[218月2026 05:36:35.939] [Render thread/WARN] [Iris/]: Found fine program match for minecraft:pipeline/entity_cutout: HAND_CUTOUT
[218月2026 05:36:35.939] [Render thread/WARN] [Iris/]: Found fine program match for minecraft:pipeline/entity_translucent: HAND_TRANSLUCENT
[218月2026 05:36:35.939] [Render thread/WARN] [Iris/]: Found fine program match for minecraft:pipeline/entity_translucent_emissive: HAND_TRANSLUCENT
[218月2026 05:36:35.943] [Render thread/WARN] [Iris/]: Found fine program match for minecraft:pipeline/entity_cutout: HAND_CUTOUT
[218月2026 05:36:35.943] [Render thread/WARN] [Iris/]: Found fine program match for minecraft:pipeline/entity_translucent: HAND_TRANSLUCENT
[218月2026 05:36:35.943] [Render thread/WARN] [Iris/]: Found fine program match for minecraft:pipeline/entity_translucent_emissive: HAND_TRANSLUCENT
[218月2026 05:36:35.946] [Render thread/WARN] [Iris/]: Found fine program match for minecraft:pipeline/entity_cutout: HAND_CUTOUT
[218月2026 05:36:35.946] [Render thread/WARN] [Iris/]: Found fine program match for minecraft:pipeline/entity_translucent: HAND_TRANSLUCENT
[218月2026 05:36:35.946] [Render thread/WARN] [Iris/]: Found fine program match for minecraft:pipeline/entity_translucent_emissive: HAND_TRANSLUCENT
[218月2026 05:36:35.951] [Render thread/WARN] [Iris/]: Found fine program match for minecraft:pipeline/entity_cutout: HAND_CUTOUT
[218月2026 05:36:35.951] [Render thread/WARN] [Iris/]: Found fine program match for minecraft:pipeline/entity_translucent: HAND_TRANSLUCENT
[218月2026 05:36:35.951] [Render thread/WARN] [Iris/]: Found fine program match for minecraft:pipeline/entity_translucent_emissive: HAND_TRANSLUCENT
[218月2026 05:36:35.954] [Render thread/WARN] [Iris/]: Found fine program match for minecraft:pipeline/entity_cutout: HAND_CUTOUT
[218月2026 05:36:35.954] [Render thread/WARN] [Iris/]: Found fine program match for minecraft:pipeline/entity_translucent: HAND_TRANSLUCENT
[218月2026 05:36:35.954] [Render thread/WARN] [Iris/]: Found fine program match for minecraft:pipeline/entity_translucent_emissive: HAND_TRANSLUCENT
[218月2026 05:36:35.959] [Render thread/WARN] [Iris/]: Found fine program match for minecraft:pipeline/entity_cutout: HAND_CUTOUT
[218月2026 05:36:35.959] [Render thread/WARN] [Iris/]: Found fine program match for minecraft:pipeline/entity_translucent: HAND_TRANSLUCENT
[218月2026 05:36:35.959] [Render thread/WARN] [Iris/]: Found fine program match for minecraft:pipeline/entity_translucent_emissive: HAND_TRANSLUCENT
[218月2026 05:36:35.964] [Render thread/WARN] [Iris/]: Found fine program match for minecraft:pipeline/entity_cutout: HAND_CUTOUT
[218月2026 05:36:35.964] [Render thread/WARN] [Iris/]: Found fine program match for minecraft:pipeline/entity_translucent: HAND_TRANSLUCENT
[218月2026 05:36:35.964] [Render thread/WARN] [Iris/]: Found fine program match for minecraft:pipeline/entity_translucent_emissive: HAND_TRANSLUCENT
[218月2026 05:36:35.967] [Render thread/WARN] [Iris/]: Found fine program match for minecraft:pipeline/entity_cutout: HAND_CUTOUT
[218月2026 05:36:35.967] [Render thread/WARN] [Iris/]: Found fine program match for minecraft:pipeline/entity_translucent: HAND_TRANSLUCENT
[218月2026 05:36:35.967] [Render thread/WARN] [Iris/]: Found fine program match for minecraft:pipeline/entity_translucent_emissive: HAND_TRANSLUCENT
[218月2026 05:36:35.972] [Render thread/WARN] [Iris/]: Found fine program match for minecraft:pipeline/entity_cutout: HAND_CUTOUT
[218月2026 05:36:35.972] [Render thread/WARN] [Iris/]: Found fine program match for minecraft:pipeline/entity_translucent: HAND_TRANSLUCENT
[218月2026 05:36:35.972] [Render thread/WARN] [Iris/]: Found fine program match for minecraft:pipeline/entity_translucent_emissive: HAND_TRANSLUCENT
[218月2026 05:36:35.975] [Render thread/WARN] [Iris/]: Found fine program match for minecraft:pipeline/entity_cutout: HAND_CUTOUT
[218月2026 05:36:35.975] [Render thread/WARN] [Iris/]: Found fine program match for minecraft:pipeline/entity_translucent: HAND_TRANSLUCENT
[218月2026 05:36:35.975] [Render thread/WARN] [Iris/]: Found fine program match for minecraft:pipeline/entity_translucent_emissive: HAND_TRANSLUCENT
[218月2026 05:36:35.981] [Render thread/WARN] [Iris/]: Found fine program match for minecraft:pipeline/entity_cutout: HAND_CUTOUT
[218月2026 05:36:35.981] [Render thread/WARN] [Iris/]: Found fine program match for minecraft:pipeline/entity_translucent: HAND_TRANSLUCENT
[218月2026 05:36:35.981] [Render thread/WARN] [Iris/]: Found fine program match for minecraft:pipeline/entity_translucent_emissive: HAND_TRANSLUCENT
[218月2026 05:36:35.984] [Render thread/WARN] [Iris/]: Found fine program match for minecraft:pipeline/entity_cutout: HAND_CUTOUT
[218月2026 05:36:35.984] [Render thread/WARN] [Iris/]: Found fine program match for minecraft:pipeline/entity_translucent: HAND_TRANSLUCENT
[218月2026 05:36:35.984] [Render thread/WARN] [Iris/]: Found fine program match for minecraft:pipeline/entity_translucent_emissive: HAND_TRANSLUCENT
[218月2026 05:36:35.988] [Render thread/WARN] [Iris/]: Found fine program match for minecraft:pipeline/entity_cutout: HAND_CUTOUT
[218月2026 05:36:35.988] [Render thread/WARN] [Iris/]: Found fine program match for minecraft:pipeline/entity_translucent: HAND_TRANSLUCENT
[218月2026 05:36:35.988] [Render thread/WARN] [Iris/]: Found fine program match for minecraft:pipeline/entity_translucent_emissive: HAND_TRANSLUCENT
[218月2026 05:36:35.991] [Render thread/WARN] [Iris/]: Found fine program match for minecraft:pipeline/entity_cutout: HAND_CUTOUT
[218月2026 05:36:35.991] [Render thread/WARN] [Iris/]: Found fine program match for minecraft:pipeline/entity_translucent: HAND_TRANSLUCENT
[218月2026 05:36:35.991] [Render thread/WARN] [Iris/]: Found fine program match for minecraft:pipeline/entity_translucent_emissive: HAND_TRANSLUCENT
[218月2026 05:36:35.995] [Render thread/WARN] [Iris/]: Found fine program match for minecraft:pipeline/entity_cutout: HAND_CUTOUT
[218月2026 05:36:35.996] [Render thread/WARN] [Iris/]: Found fine program match for minecraft:pipeline/entity_translucent: HAND_TRANSLUCENT
[218月2026 05:36:35.996] [Render thread/WARN] [Iris/]: Found fine program match for minecraft:pipeline/entity_translucent_emissive: HAND_TRANSLUCENT
[218月2026 05:36:36.000] [Render thread/WARN] [Iris/]: Found fine program match for minecraft:pipeline/entity_cutout: HAND_CUTOUT
[218月2026 05:36:36.000] [Render thread/WARN] [Iris/]: Found fine program match for minecraft:pipeline/entity_translucent: HAND_TRANSLUCENT
[218月2026 05:36:36.000] [Render thread/WARN] [Iris/]: Found fine program match for minecraft:pipeline/entity_translucent_emissive: HAND_TRANSLUCENT
[218月2026 05:36:36.004] [Render thread/WARN] [Iris/]: Found fine program match for minecraft:pipeline/entity_cutout: HAND_CUTOUT
[218月2026 05:36:36.004] [Render thread/WARN] [Iris/]: Found fine program match for minecraft:pipeline/entity_translucent: HAND_TRANSLUCENT
[218月2026 05:36:36.004] [Render thread/WARN] [Iris/]: Found fine program match for minecraft:pipeline/entity_translucent_emissive: HAND_TRANSLUCENT
[218月2026 05:36:36.007] [Render thread/WARN] [Iris/]: Found fine program match for minecraft:pipeline/entity_cutout: HAND_CUTOUT
[218月2026 05:36:36.009] [Render thread/WARN] [Iris/]: Found fine program match for minecraft:pipeline/entity_translucent: HAND_TRANSLUCENT
[218月2026 05:36:36.009] [Render thread/WARN] [Iris/]: Found fine program match for minecraft:pipeline/entity_translucent_emissive: HAND_TRANSLUCENT
[218月2026 05:36:36.012] [Render thread/WARN] [Iris/]: Found fine program match for minecraft:pipeline/entity_cutout: HAND_CUTOUT
[218月2026 05:36:36.012] [Render thread/WARN] [Iris/]: Found fine program match for minecraft:pipeline/entity_translucent: HAND_TRANSLUCENT
[218月2026 05:36:36.012] [Render thread/WARN] [Iris/]: Found fine program match for minecraft:pipeline/entity_translucent_emissive: HAND_TRANSLUCENT
[218月2026 05:36:36.016] [Render thread/WARN] [Iris/]: Found fine program match for minecraft:pipeline/entity_cutout: HAND_CUTOUT
[218月2026 05:36:36.016] [Render thread/WARN] [Iris/]: Found fine program match for minecraft:pipeline/entity_translucent: HAND_TRANSLUCENT
[218月2026 05:36:36.016] [Render thread/WARN] [Iris/]: Found fine program match for minecraft:pipeline/entity_translucent_emissive: HAND_TRANSLUCENT
[218月2026 05:36:36.020] [Render thread/WARN] [Iris/]: Found fine program match for minecraft:pipeline/entity_cutout: HAND_CUTOUT
[218月2026 05:36:36.020] [Render thread/WARN] [Iris/]: Found fine program match for minecraft:pipeline/entity_translucent: HAND_TRANSLUCENT
[218月2026 05:36:36.020] [Render thread/WARN] [Iris/]: Found fine program match for minecraft:pipeline/entity_translucent_emissive: HAND_TRANSLUCENT
[218月2026 05:36:36.023] [Render thread/WARN] [Iris/]: Found fine program match for minecraft:pipeline/entity_cutout: HAND_CUTOUT
[218月2026 05:36:36.024] [Render thread/WARN] [Iris/]: Found fine program match for minecraft:pipeline/entity_translucent: HAND_TRANSLUCENT
[218月2026 05:36:36.024] [Render thread/WARN] [Iris/]: Found fine program match for minecraft:pipeline/entity_translucent_emissive: HAND_TRANSLUCENT
[218月2026 05:36:36.029] [Render thread/WARN] [Iris/]: Found fine program match for minecraft:pipeline/entity_cutout: HAND_CUTOUT
[218月2026 05:36:36.029] [Render thread/WARN] [Iris/]: Found fine program match for minecraft:pipeline/entity_translucent: HAND_TRANSLUCENT
[218月2026 05:36:36.029] [Render thread/WARN] [Iris/]: Found fine program match for minecraft:pipeline/entity_translucent_emissive: HAND_TRANSLUCENT
[218月2026 05:36:36.032] [Render thread/WARN] [Iris/]: Found fine program match for minecraft:pipeline/entity_cutout: HAND_CUTOUT
[218月2026 05:36:36.032] [Render thread/WARN] [Iris/]: Found fine program match for minecraft:pipeline/entity_translucent: HAND_TRANSLUCENT
[218月2026 05:36:36.032] [Render thread/WARN] [Iris/]: Found fine program match for minecraft:pipeline/entity_translucent_emissive: HAND_TRANSLUCENT
[218月2026 05:36:36.036] [Render thread/WARN] [Iris/]: Found fine program match for minecraft:pipeline/entity_cutout: HAND_CUTOUT
[218月2026 05:36:36.036] [Render thread/WARN] [Iris/]: Found fine program match for minecraft:pipeline/entity_translucent: HAND_TRANSLUCENT
[218月2026 05:36:36.037] [Render thread/WARN] [Iris/]: Found fine program match for minecraft:pipeline/entity_translucent_emissive: HAND_TRANSLUCENT
[218月2026 05:36:36.040] [Render thread/WARN] [Iris/]: Found fine program match for minecraft:pipeline/entity_cutout: HAND_CUTOUT
[218月2026 05:36:36.040] [Render thread/WARN] [Iris/]: Found fine program match for minecraft:pipeline/entity_translucent: HAND_TRANSLUCENT
[218月2026 05:36:36.040] [Render thread/WARN] [Iris/]: Found fine program match for minecraft:pipeline/entity_translucent_emissive: HAND_TRANSLUCENT
[218月2026 05:36:36.044] [Render thread/WARN] [Iris/]: Found fine program match for minecraft:pipeline/entity_cutout: HAND_CUTOUT
[218月2026 05:36:36.044] [Render thread/WARN] [Iris/]: Found fine program match for minecraft:pipeline/entity_translucent: HAND_TRANSLUCENT
[218月2026 05:36:36.044] [Render thread/WARN] [Iris/]: Found fine program match for minecraft:pipeline/entity_translucent_emissive: HAND_TRANSLUCENT
[218月2026 05:36:36.047] [Render thread/WARN] [Iris/]: Found fine program match for minecraft:pipeline/entity_cutout: HAND_CUTOUT
[218月2026 05:36:36.047] [Render thread/WARN] [Iris/]: Found fine program match for minecraft:pipeline/entity_translucent: HAND_TRANSLUCENT
[218月2026 05:36:36.047] [Render thread/WARN] [Iris/]: Found fine program match for minecraft:pipeline/entity_translucent_emissive: HAND_TRANSLUCENT
[218月2026 05:36:36.052] [Render thread/WARN] [Iris/]: Found fine program match for minecraft:pipeline/entity_cutout: HAND_CUTOUT
[218月2026 05:36:36.052] [Render thread/WARN] [Iris/]: Found fine program match for minecraft:pipeline/entity_translucent: HAND_TRANSLUCENT
[218月2026 05:36:36.052] [Render thread/WARN] [Iris/]: Found fine program match for minecraft:pipeline/entity_translucent_emissive: HAND_TRANSLUCENT
[218月2026 05:36:36.056] [Render thread/WARN] [Iris/]: Found fine program match for minecraft:pipeline/entity_cutout: HAND_CUTOUT
[218月2026 05:36:36.056] [Render thread/WARN] [Iris/]: Found fine program match for minecraft:pipeline/entity_translucent: HAND_TRANSLUCENT
[218月2026 05:36:36.056] [Render thread/WARN] [Iris/]: Found fine program match for minecraft:pipeline/entity_translucent_emissive: HAND_TRANSLUCENT
[218月2026 05:36:36.060] [Render thread/WARN] [Iris/]: Found fine program match for minecraft:pipeline/entity_cutout: HAND_CUTOUT
[218月2026 05:36:36.061] [Render thread/WARN] [Iris/]: Found fine program match for minecraft:pipeline/entity_translucent: HAND_TRANSLUCENT
[218月2026 05:36:36.061] [Render thread/WARN] [Iris/]: Found fine program match for minecraft:pipeline/entity_translucent_emissive: HAND_TRANSLUCENT
[218月2026 05:36:36.064] [Render thread/WARN] [Iris/]: Found fine program match for minecraft:pipeline/entity_cutout: HAND_CUTOUT
[218月2026 05:36:36.064] [Render thread/WARN] [Iris/]: Found fine program match for minecraft:pipeline/entity_translucent: HAND_TRANSLUCENT
[218月2026 05:36:36.064] [Render thread/WARN] [Iris/]: Found fine program match for minecraft:pipeline/entity_translucent_emissive: HAND_TRANSLUCENT
[218月2026 05:36:36.070] [Render thread/WARN] [Iris/]: Found fine program match for minecraft:pipeline/entity_cutout: HAND_CUTOUT
[218月2026 05:36:36.070] [Render thread/WARN] [Iris/]: Found fine program match for minecraft:pipeline/entity_translucent: HAND_TRANSLUCENT
[218月2026 05:36:36.070] [Render thread/WARN] [Iris/]: Found fine program match for minecraft:pipeline/entity_translucent_emissive: HAND_TRANSLUCENT
[218月2026 05:36:36.072] [Render thread/WARN] [Iris/]: Found fine program match for minecraft:pipeline/entity_cutout: HAND_CUTOUT
[218月2026 05:36:36.073] [Render thread/WARN] [Iris/]: Found fine program match for minecraft:pipeline/entity_translucent: HAND_TRANSLUCENT
[218月2026 05:36:36.073] [Render thread/WARN] [Iris/]: Found fine program match for minecraft:pipeline/entity_translucent_emissive: HAND_TRANSLUCENT
[218月2026 05:36:36.079] [Render thread/WARN] [Iris/]: Found fine program match for minecraft:pipeline/entity_cutout: HAND_CUTOUT
[218月2026 05:36:36.079] [Render thread/WARN] [Iris/]: Found fine program match for minecraft:pipeline/entity_translucent: HAND_TRANSLUCENT
[218月2026 05:36:36.079] [Render thread/WARN] [Iris/]: Found fine program match for minecraft:pipeline/entity_translucent_emissive: HAND_TRANSLUCENT
[218月2026 05:36:36.085] [Render thread/WARN] [Iris/]: Found fine program match for minecraft:pipeline/entity_cutout: HAND_CUTOUT
[218月2026 05:36:36.086] [Render thread/WARN] [Iris/]: Found fine program match for minecraft:pipeline/entity_translucent: HAND_TRANSLUCENT
[218月2026 05:36:36.086] [Render thread/WARN] [Iris/]: Found fine program match for minecraft:pipeline/entity_translucent_emissive: HAND_TRANSLUCENT
[218月2026 05:36:36.090] [Render thread/WARN] [Iris/]: Found fine program match for minecraft:pipeline/entity_cutout: HAND_CUTOUT
[218月2026 05:36:36.090] [Render thread/WARN] [Iris/]: Found fine program match for minecraft:pipeline/entity_translucent: HAND_TRANSLUCENT
[218月2026 05:36:36.090] [Render thread/WARN] [Iris/]: Found fine program match for minecraft:pipeline/entity_translucent_emissive: HAND_TRANSLUCENT
[218月2026 05:36:36.095] [Render thread/WARN] [Iris/]: Found fine program match for minecraft:pipeline/entity_cutout: HAND_CUTOUT
[218月2026 05:36:36.095] [Render thread/WARN] [Iris/]: Found fine program match for minecraft:pipeline/entity_translucent: HAND_TRANSLUCENT
[218月2026 05:36:36.095] [Render thread/WARN] [Iris/]: Found fine program match for minecraft:pipeline/entity_translucent_emissive: HAND_TRANSLUCENT
[218月2026 05:36:36.099] [Render thread/WARN] [Iris/]: Found fine program match for minecraft:pipeline/entity_cutout: HAND_CUTOUT
[218月2026 05:36:36.099] [Render thread/WARN] [Iris/]: Found fine program match for minecraft:pipeline/entity_translucent: HAND_TRANSLUCENT
[218月2026 05:36:36.099] [Render thread/WARN] [Iris/]: Found fine program match for minecraft:pipeline/entity_translucent_emissive: HAND_TRANSLUCENT
[218月2026 05:36:36.103] [Render thread/WARN] [Iris/]: Found fine program match for minecraft:pipeline/entity_cutout: HAND_CUTOUT
[218月2026 05:36:36.103] [Render thread/WARN] [Iris/]: Found fine program match for minecraft:pipeline/entity_translucent: HAND_TRANSLUCENT
[218月2026 05:36:36.103] [Render thread/WARN] [Iris/]: Found fine program match for minecraft:pipeline/entity_translucent_emissive: HAND_TRANSLUCENT
[218月2026 05:36:36.106] [Render thread/WARN] [Iris/]: Found fine program match for minecraft:pipeline/entity_cutout: HAND_CUTOUT
[218月2026 05:36:36.106] [Render thread/WARN] [Iris/]: Found fine program match for minecraft:pipeline/entity_translucent: HAND_TRANSLUCENT
[218月2026 05:36:36.106] [Render thread/WARN] [Iris/]: Found fine program match for minecraft:pipeline/entity_translucent_emissive: HAND_TRANSLUCENT
[218月2026 05:36:36.110] [Render thread/WARN] [Iris/]: Found fine program match for minecraft:pipeline/entity_cutout: HAND_CUTOUT
[218月2026 05:36:36.110] [Render thread/WARN] [Iris/]: Found fine program match for minecraft:pipeline/entity_translucent: HAND_TRANSLUCENT
[218月2026 05:36:36.110] [Render thread/WARN] [Iris/]: Found fine program match for minecraft:pipeline/entity_translucent_emissive: HAND_TRANSLUCENT
[218月2026 05:36:36.114] [Render thread/WARN] [Iris/]: Found fine program match for minecraft:pipeline/entity_cutout: HAND_CUTOUT
[218月2026 05:36:36.114] [Render thread/WARN] [Iris/]: Found fine program match for minecraft:pipeline/entity_translucent: HAND_TRANSLUCENT
[218月2026 05:36:36.114] [Render thread/WARN] [Iris/]: Found fine program match for minecraft:pipeline/entity_translucent_emissive: HAND_TRANSLUCENT
[218月2026 05:36:36.118] [Render thread/WARN] [Iris/]: Found fine program match for minecraft:pipeline/entity_cutout: HAND_CUTOUT
[218月2026 05:36:36.118] [Render thread/WARN] [Iris/]: Found fine program match for minecraft:pipeline/entity_translucent: HAND_TRANSLUCENT
[218月2026 05:36:36.118] [Render thread/WARN] [Iris/]: Found fine program match for minecraft:pipeline/entity_translucent_emissive: HAND_TRANSLUCENT
[218月2026 05:36:36.122] [Render thread/WARN] [Iris/]: Found fine program match for minecraft:pipeline/entity_cutout: HAND_CUTOUT
[218月2026 05:36:36.122] [Render thread/WARN] [Iris/]: Found fine program match for minecraft:pipeline/entity_translucent: HAND_TRANSLUCENT
[218月2026 05:36:36.122] [Render thread/WARN] [Iris/]: Found fine program match for minecraft:pipeline/entity_translucent_emissive: HAND_TRANSLUCENT
[218月2026 05:36:36.126] [Render thread/WARN] [Iris/]: Found fine program match for minecraft:pipeline/entity_cutout: HAND_CUTOUT
[218月2026 05:36:36.126] [Render thread/WARN] [Iris/]: Found fine program match for minecraft:pipeline/entity_translucent: HAND_TRANSLUCENT
[218月2026 05:36:36.126] [Render thread/WARN] [Iris/]: Found fine program match for minecraft:pipeline/entity_translucent_emissive: HAND_TRANSLUCENT
[218月2026 05:36:36.132] [Render thread/WARN] [Iris/]: Found fine program match for minecraft:pipeline/entity_cutout: HAND_CUTOUT
[218月2026 05:36:36.132] [Render thread/WARN] [Iris/]: Found fine program match for minecraft:pipeline/entity_translucent: HAND_TRANSLUCENT
[218月2026 05:36:36.132] [Render thread/WARN] [Iris/]: Found fine program match for minecraft:pipeline/entity_translucent_emissive: HAND_TRANSLUCENT
[218月2026 05:36:36.136] [Render thread/WARN] [Iris/]: Found fine program match for minecraft:pipeline/entity_cutout: HAND_CUTOUT
[218月2026 05:36:36.136] [Render thread/WARN] [Iris/]: Found fine program match for minecraft:pipeline/entity_translucent: HAND_TRANSLUCENT
[218月2026 05:36:36.136] [Render thread/WARN] [Iris/]: Found fine program match for minecraft:pipeline/entity_translucent_emissive: HAND_TRANSLUCENT
[218月2026 05:36:36.140] [Render thread/WARN] [Iris/]: Found fine program match for minecraft:pipeline/entity_cutout: HAND_CUTOUT
[218月2026 05:36:36.140] [Render thread/WARN] [Iris/]: Found fine program match for minecraft:pipeline/entity_translucent: HAND_TRANSLUCENT
[218月2026 05:36:36.140] [Render thread/WARN] [Iris/]: Found fine program match for minecraft:pipeline/entity_translucent_emissive: HAND_TRANSLUCENT
[218月2026 05:36:36.144] [Render thread/WARN] [Iris/]: Found fine program match for minecraft:pipeline/entity_cutout: HAND_CUTOUT
[218月2026 05:36:36.144] [Render thread/WARN] [Iris/]: Found fine program match for minecraft:pipeline/entity_translucent: HAND_TRANSLUCENT
[218月2026 05:36:36.144] [Render thread/WARN] [Iris/]: Found fine program match for minecraft:pipeline/entity_translucent_emissive: HAND_TRANSLUCENT
[218月2026 05:36:36.148] [Render thread/WARN] [Iris/]: Found fine program match for minecraft:pipeline/entity_cutout: HAND_CUTOUT
[218月2026 05:36:36.148] [Render thread/WARN] [Iris/]: Found fine program match for minecraft:pipeline/entity_translucent: HAND_TRANSLUCENT
[218月2026 05:36:36.148] [Render thread/WARN] [Iris/]: Found fine program match for minecraft:pipeline/entity_translucent_emissive: HAND_TRANSLUCENT
[218月2026 05:36:36.151] [Render thread/WARN] [Iris/]: Found fine program match for minecraft:pipeline/entity_cutout: HAND_CUTOUT
[218月2026 05:36:36.151] [Render thread/WARN] [Iris/]: Found fine program match for minecraft:pipeline/entity_translucent: HAND_TRANSLUCENT
[218月2026 05:36:36.152] [Render thread/WARN] [Iris/]: Found fine program match for minecraft:pipeline/entity_translucent_emissive: HAND_TRANSLUCENT
[218月2026 05:36:36.156] [Render thread/WARN] [Iris/]: Found fine program match for minecraft:pipeline/entity_cutout: HAND_CUTOUT
[218月2026 05:36:36.156] [Render thread/WARN] [Iris/]: Found fine program match for minecraft:pipeline/entity_translucent: HAND_TRANSLUCENT
[218月2026 05:36:36.156] [Render thread/WARN] [Iris/]: Found fine program match for minecraft:pipeline/entity_translucent_emissive: HAND_TRANSLUCENT
[218月2026 05:36:36.167] [Render thread/WARN] [Iris/]: Found fine program match for minecraft:pipeline/entity_cutout: HAND_CUTOUT
[218月2026 05:36:36.167] [Render thread/WARN] [Iris/]: Found fine program match for minecraft:pipeline/entity_translucent: HAND_TRANSLUCENT
[218月2026 05:36:36.167] [Render thread/WARN] [Iris/]: Found fine program match for minecraft:pipeline/entity_translucent_emissive: HAND_TRANSLUCENT
[218月2026 05:36:36.173] [Render thread/WARN] [Iris/]: Found fine program match for minecraft:pipeline/entity_cutout: HAND_CUTOUT
[218月2026 05:36:36.173] [Render thread/WARN] [Iris/]: Found fine program match for minecraft:pipeline/entity_translucent: HAND_TRANSLUCENT
[218月2026 05:36:36.173] [Render thread/WARN] [Iris/]: Found fine program match for minecraft:pipeline/entity_translucent_emissive: HAND_TRANSLUCENT
[218月2026 05:36:36.177] [Render thread/WARN] [Iris/]: Found fine program match for minecraft:pipeline/entity_cutout: HAND_CUTOUT
[218月2026 05:36:36.177] [Render thread/WARN] [Iris/]: Found fine program match for minecraft:pipeline/entity_translucent: HAND_TRANSLUCENT
[218月2026 05:36:36.177] [Render thread/WARN] [Iris/]: Found fine program match for minecraft:pipeline/entity_translucent_emissive: HAND_TRANSLUCENT
[218月2026 05:36:36.181] [Render thread/WARN] [Iris/]: Found fine program match for minecraft:pipeline/entity_cutout: HAND_CUTOUT
[218月2026 05:36:36.181] [Render thread/WARN] [Iris/]: Found fine program match for minecraft:pipeline/entity_translucent: HAND_TRANSLUCENT
[218月2026 05:36:36.181] [Render thread/WARN] [Iris/]: Found fine program match for minecraft:pipeline/entity_translucent_emissive: HAND_TRANSLUCENT
[218月2026 05:36:36.184] [Render thread/WARN] [Iris/]: Found fine program match for minecraft:pipeline/entity_cutout: HAND_CUTOUT
[218月2026 05:36:36.184] [Render thread/WARN] [Iris/]: Found fine program match for minecraft:pipeline/entity_translucent: HAND_TRANSLUCENT
[218月2026 05:36:36.184] [Render thread/WARN] [Iris/]: Found fine program match for minecraft:pipeline/entity_translucent_emissive: HAND_TRANSLUCENT
[218月2026 05:36:36.189] [Render thread/WARN] [Iris/]: Found fine program match for minecraft:pipeline/entity_cutout: HAND_CUTOUT
[218月2026 05:36:36.189] [Render thread/WARN] [Iris/]: Found fine program match for minecraft:pipeline/entity_translucent: HAND_TRANSLUCENT
[218月2026 05:36:36.189] [Render thread/WARN] [Iris/]: Found fine program match for minecraft:pipeline/entity_translucent_emissive: HAND_TRANSLUCENT
[218月2026 05:36:36.192] [Render thread/WARN] [Iris/]: Found fine program match for minecraft:pipeline/entity_cutout: HAND_CUTOUT
[218月2026 05:36:36.192] [Render thread/WARN] [Iris/]: Found fine program match for minecraft:pipeline/entity_translucent: HAND_TRANSLUCENT
[218月2026 05:36:36.192] [Render thread/WARN] [Iris/]: Found fine program match for minecraft:pipeline/entity_translucent_emissive: HAND_TRANSLUCENT
[218月2026 05:36:36.197] [Render thread/WARN] [Iris/]: Found fine program match for minecraft:pipeline/entity_cutout: HAND_CUTOUT
[218月2026 05:36:36.197] [Render thread/WARN] [Iris/]: Found fine program match for minecraft:pipeline/entity_translucent: HAND_TRANSLUCENT
[218月2026 05:36:36.197] [Render thread/WARN] [Iris/]: Found fine program match for minecraft:pipeline/entity_translucent_emissive: HAND_TRANSLUCENT
[218月2026 05:36:36.200] [Render thread/WARN] [Iris/]: Found fine program match for minecraft:pipeline/entity_cutout: HAND_CUTOUT
[218月2026 05:36:36.200] [Render thread/WARN] [Iris/]: Found fine program match for minecraft:pipeline/entity_translucent: HAND_TRANSLUCENT
[218月2026 05:36:36.200] [Render thread/WARN] [Iris/]: Found fine program match for minecraft:pipeline/entity_translucent_emissive: HAND_TRANSLUCENT
[218月2026 05:36:36.204] [Render thread/WARN] [Iris/]: Found fine program match for minecraft:pipeline/entity_cutout: HAND_CUTOUT
[218月2026 05:36:36.204] [Render thread/WARN] [Iris/]: Found fine program match for minecraft:pipeline/entity_translucent: HAND_TRANSLUCENT
[218月2026 05:36:36.204] [Render thread/WARN] [Iris/]: Found fine program match for minecraft:pipeline/entity_translucent_emissive: HAND_TRANSLUCENT
[218月2026 05:36:36.209] [Render thread/WARN] [Iris/]: Found fine program match for minecraft:pipeline/entity_cutout: HAND_CUTOUT
[218月2026 05:36:36.209] [Render thread/WARN] [Iris/]: Found fine program match for minecraft:pipeline/entity_translucent: HAND_TRANSLUCENT
[218月2026 05:36:36.209] [Render thread/WARN] [Iris/]: Found fine program match for minecraft:pipeline/entity_translucent_emissive: HAND_TRANSLUCENT
[218月2026 05:36:36.213] [Render thread/WARN] [Iris/]: Found fine program match for minecraft:pipeline/entity_cutout: HAND_CUTOUT
[218月2026 05:36:36.213] [Render thread/WARN] [Iris/]: Found fine program match for minecraft:pipeline/entity_translucent: HAND_TRANSLUCENT
[218月2026 05:36:36.213] [Render thread/WARN] [Iris/]: Found fine program match for minecraft:pipeline/entity_translucent_emissive: HAND_TRANSLUCENT
[218月2026 05:36:36.217] [Render thread/WARN] [Iris/]: Found fine program match for minecraft:pipeline/entity_cutout: HAND_CUTOUT
[218月2026 05:36:36.217] [Render thread/WARN] [Iris/]: Found fine program match for minecraft:pipeline/entity_translucent: HAND_TRANSLUCENT
[218月2026 05:36:36.217] [Render thread/WARN] [Iris/]: Found fine program match for minecraft:pipeline/entity_translucent_emissive: HAND_TRANSLUCENT
[218月2026 05:36:36.220] [Render thread/WARN] [Iris/]: Found fine program match for minecraft:pipeline/entity_cutout: HAND_CUTOUT
[218月2026 05:36:36.220] [Render thread/WARN] [Iris/]: Found fine program match for minecraft:pipeline/entity_translucent: HAND_TRANSLUCENT
[218月2026 05:36:36.220] [Render thread/WARN] [Iris/]: Found fine program match for minecraft:pipeline/entity_translucent_emissive: HAND_TRANSLUCENT
[218月2026 05:36:36.224] [Render thread/WARN] [Iris/]: Found fine program match for minecraft:pipeline/entity_cutout: HAND_CUTOUT
[218月2026 05:36:36.224] [Render thread/WARN] [Iris/]: Found fine program match for minecraft:pipeline/entity_translucent: HAND_TRANSLUCENT
[218月2026 05:36:36.224] [Render thread/WARN] [Iris/]: Found fine program match for minecraft:pipeline/entity_translucent_emissive: HAND_TRANSLUCENT
[218月2026 05:36:36.231] [Render thread/WARN] [Iris/]: Found fine program match for minecraft:pipeline/entity_cutout: HAND_CUTOUT
[218月2026 05:36:36.231] [Render thread/WARN] [Iris/]: Found fine program match for minecraft:pipeline/entity_translucent: HAND_TRANSLUCENT
[218月2026 05:36:36.231] [Render thread/WARN] [Iris/]: Found fine program match for minecraft:pipeline/entity_translucent_emissive: HAND_TRANSLUCENT
[218月2026 05:36:36.234] [Render thread/WARN] [Iris/]: Found fine program match for minecraft:pipeline/entity_cutout: HAND_CUTOUT
[218月2026 05:36:36.234] [Render thread/WARN] [Iris/]: Found fine program match for minecraft:pipeline/entity_translucent: HAND_TRANSLUCENT
[218月2026 05:36:36.234] [Render thread/WARN] [Iris/]: Found fine program match for minecraft:pipeline/entity_translucent_emissive: HAND_TRANSLUCENT
[218月2026 05:36:36.238] [Render thread/WARN] [Iris/]: Found fine program match for minecraft:pipeline/entity_cutout: HAND_CUTOUT
[218月2026 05:36:36.238] [Render thread/WARN] [Iris/]: Found fine program match for minecraft:pipeline/entity_translucent: HAND_TRANSLUCENT
[218月2026 05:36:36.238] [Render thread/WARN] [Iris/]: Found fine program match for minecraft:pipeline/entity_translucent_emissive: HAND_TRANSLUCENT
[218月2026 05:36:36.241] [Render thread/WARN] [Iris/]: Found fine program match for minecraft:pipeline/entity_cutout: HAND_CUTOUT
[218月2026 05:36:36.241] [Render thread/WARN] [Iris/]: Found fine program match for minecraft:pipeline/entity_translucent: HAND_TRANSLUCENT
[218月2026 05:36:36.241] [Render thread/WARN] [Iris/]: Found fine program match for minecraft:pipeline/entity_translucent_emissive: HAND_TRANSLUCENT
[218月2026 05:36:36.245] [Render thread/WARN] [Iris/]: Found fine program match for minecraft:pipeline/entity_cutout: HAND_CUTOUT
[218月2026 05:36:36.245] [Render thread/WARN] [Iris/]: Found fine program match for minecraft:pipeline/entity_translucent: HAND_TRANSLUCENT
[218月2026 05:36:36.245] [Render thread/WARN] [Iris/]: Found fine program match for minecraft:pipeline/entity_translucent_emissive: HAND_TRANSLUCENT
[218月2026 05:36:36.250] [Render thread/WARN] [Iris/]: Found fine program match for minecraft:pipeline/entity_cutout: HAND_CUTOUT
[218月2026 05:36:36.250] [Render thread/WARN] [Iris/]: Found fine program match for minecraft:pipeline/entity_translucent: HAND_TRANSLUCENT
[218月2026 05:36:36.250] [Render thread/WARN] [Iris/]: Found fine program match for minecraft:pipeline/entity_translucent_emissive: HAND_TRANSLUCENT
[218月2026 05:36:36.253] [Render thread/WARN] [Iris/]: Found fine program match for minecraft:pipeline/entity_cutout: HAND_CUTOUT
[218月2026 05:36:36.253] [Render thread/WARN] [Iris/]: Found fine program match for minecraft:pipeline/entity_translucent: HAND_TRANSLUCENT
[218月2026 05:36:36.253] [Render thread/WARN] [Iris/]: Found fine program match for minecraft:pipeline/entity_translucent_emissive: HAND_TRANSLUCENT
[218月2026 05:36:36.257] [Render thread/WARN] [Iris/]: Found fine program match for minecraft:pipeline/entity_cutout: HAND_CUTOUT
[218月2026 05:36:36.257] [Render thread/WARN] [Iris/]: Found fine program match for minecraft:pipeline/entity_translucent: HAND_TRANSLUCENT
[218月2026 05:36:36.257] [Render thread/WARN] [Iris/]: Found fine program match for minecraft:pipeline/entity_translucent_emissive: HAND_TRANSLUCENT
[218月2026 05:36:36.261] [Render thread/WARN] [Iris/]: Found fine program match for minecraft:pipeline/entity_cutout: HAND_CUTOUT
[218月2026 05:36:36.262] [Render thread/WARN] [Iris/]: Found fine program match for minecraft:pipeline/entity_translucent: HAND_TRANSLUCENT
[218月2026 05:36:36.262] [Render thread/WARN] [Iris/]: Found fine program match for minecraft:pipeline/entity_translucent_emissive: HAND_TRANSLUCENT
[218月2026 05:36:36.265] [Render thread/WARN] [Iris/]: Found fine program match for minecraft:pipeline/entity_cutout: HAND_CUTOUT
[218月2026 05:36:36.265] [Render thread/WARN] [Iris/]: Found fine program match for minecraft:pipeline/entity_translucent: HAND_TRANSLUCENT
[218月2026 05:36:36.265] [Render thread/WARN] [Iris/]: Found fine program match for minecraft:pipeline/entity_translucent_emissive: HAND_TRANSLUCENT
[218月2026 05:36:36.269] [Render thread/WARN] [Iris/]: Found fine program match for minecraft:pipeline/entity_cutout: HAND_CUTOUT
[218月2026 05:36:36.269] [Render thread/WARN] [Iris/]: Found fine program match for minecraft:pipeline/entity_translucent: HAND_TRANSLUCENT
[218月2026 05:36:36.269] [Render thread/WARN] [Iris/]: Found fine program match for minecraft:pipeline/entity_translucent_emissive: HAND_TRANSLUCENT
[218月2026 05:36:36.273] [Render thread/WARN] [Iris/]: Found fine program match for minecraft:pipeline/entity_cutout: HAND_CUTOUT
[218月2026 05:36:36.273] [Render thread/WARN] [Iris/]: Found fine program match for minecraft:pipeline/entity_translucent: HAND_TRANSLUCENT
[218月2026 05:36:36.273] [Render thread/WARN] [Iris/]: Found fine program match for minecraft:pipeline/entity_translucent_emissive: HAND_TRANSLUCENT
[218月2026 05:36:36.278] [Render thread/WARN] [Iris/]: Found fine program match for minecraft:pipeline/entity_cutout: HAND_CUTOUT
[218月2026 05:36:36.278] [Render thread/WARN] [Iris/]: Found fine program match for minecraft:pipeline/entity_translucent: HAND_TRANSLUCENT
[218月2026 05:36:36.278] [Render thread/WARN] [Iris/]: Found fine program match for minecraft:pipeline/entity_translucent_emissive: HAND_TRANSLUCENT
[218月2026 05:36:36.283] [Render thread/WARN] [Iris/]: Found fine program match for minecraft:pipeline/entity_cutout: HAND_CUTOUT
[218月2026 05:36:36.283] [Render thread/WARN] [Iris/]: Found fine program match for minecraft:pipeline/entity_translucent: HAND_TRANSLUCENT
[218月2026 05:36:36.283] [Render thread/WARN] [Iris/]: Found fine program match for minecraft:pipeline/entity_translucent_emissive: HAND_TRANSLUCENT
[218月2026 05:36:36.285] [Render thread/WARN] [Iris/]: Found fine program match for minecraft:pipeline/entity_cutout: HAND_CUTOUT
[218月2026 05:36:36.285] [Render thread/WARN] [Iris/]: Found fine program match for minecraft:pipeline/entity_translucent: HAND_TRANSLUCENT
[218月2026 05:36:36.285] [Render thread/WARN] [Iris/]: Found fine program match for minecraft:pipeline/entity_translucent_emissive: HAND_TRANSLUCENT
[218月2026 05:36:36.290] [Render thread/WARN] [Iris/]: Found fine program match for minecraft:pipeline/entity_cutout: HAND_CUTOUT
[218月2026 05:36:36.290] [Render thread/WARN] [Iris/]: Found fine program match for minecraft:pipeline/entity_translucent: HAND_TRANSLUCENT
[218月2026 05:36:36.290] [Render thread/WARN] [Iris/]: Found fine program match for minecraft:pipeline/entity_translucent_emissive: HAND_TRANSLUCENT
[218月2026 05:36:36.293] [Render thread/WARN] [Iris/]: Found fine program match for minecraft:pipeline/entity_cutout: HAND_CUTOUT
[218月2026 05:36:36.294] [Render thread/WARN] [Iris/]: Found fine program match for minecraft:pipeline/entity_translucent: HAND_TRANSLUCENT
[218月2026 05:36:36.294] [Render thread/WARN] [Iris/]: Found fine program match for minecraft:pipeline/entity_translucent_emissive: HAND_TRANSLUCENT
[218月2026 05:36:36.297] [Render thread/WARN] [Iris/]: Found fine program match for minecraft:pipeline/entity_cutout: HAND_CUTOUT
[218月2026 05:36:36.297] [Render thread/WARN] [Iris/]: Found fine program match for minecraft:pipeline/entity_translucent: HAND_TRANSLUCENT
[218月2026 05:36:36.297] [Render thread/WARN] [Iris/]: Found fine program match for minecraft:pipeline/entity_translucent_emissive: HAND_TRANSLUCENT
[218月2026 05:36:36.302] [Render thread/WARN] [Iris/]: Found fine program match for minecraft:pipeline/entity_cutout: HAND_CUTOUT
[218月2026 05:36:36.302] [Render thread/WARN] [Iris/]: Found fine program match for minecraft:pipeline/entity_translucent: HAND_TRANSLUCENT
[218月2026 05:36:36.302] [Render thread/WARN] [Iris/]: Found fine program match for minecraft:pipeline/entity_translucent_emissive: HAND_TRANSLUCENT
[218月2026 05:36:36.306] [Render thread/WARN] [Iris/]: Found fine program match for minecraft:pipeline/entity_cutout: HAND_CUTOUT
[218月2026 05:36:36.306] [Render thread/WARN] [Iris/]: Found fine program match for minecraft:pipeline/entity_translucent: HAND_TRANSLUCENT
[218月2026 05:36:36.306] [Render thread/WARN] [Iris/]: Found fine program match for minecraft:pipeline/entity_translucent_emissive: HAND_TRANSLUCENT
[218月2026 05:36:36.309] [Render thread/WARN] [Iris/]: Found fine program match for minecraft:pipeline/entity_cutout: HAND_CUTOUT
[218月2026 05:36:36.309] [Render thread/WARN] [Iris/]: Found fine program match for minecraft:pipeline/entity_translucent: HAND_TRANSLUCENT
[218月2026 05:36:36.309] [Render thread/WARN] [Iris/]: Found fine program match for minecraft:pipeline/entity_translucent_emissive: HAND_TRANSLUCENT
[218月2026 05:36:36.313] [Render thread/WARN] [Iris/]: Found fine program match for minecraft:pipeline/entity_cutout: HAND_CUTOUT
[218月2026 05:36:36.313] [Render thread/WARN] [Iris/]: Found fine program match for minecraft:pipeline/entity_translucent: HAND_TRANSLUCENT
[218月2026 05:36:36.313] [Render thread/WARN] [Iris/]: Found fine program match for minecraft:pipeline/entity_translucent_emissive: HAND_TRANSLUCENT
[218月2026 05:36:36.317] [Render thread/WARN] [Iris/]: Found fine program match for minecraft:pipeline/entity_cutout: HAND_CUTOUT
[218月2026 05:36:36.317] [Render thread/WARN] [Iris/]: Found fine program match for minecraft:pipeline/entity_translucent: HAND_TRANSLUCENT
[218月2026 05:36:36.317] [Render thread/WARN] [Iris/]: Found fine program match for minecraft:pipeline/entity_translucent_emissive: HAND_TRANSLUCENT
[218月2026 05:36:36.322] [Render thread/WARN] [Iris/]: Found fine program match for minecraft:pipeline/entity_cutout: HAND_CUTOUT
[218月2026 05:36:36.322] [Render thread/WARN] [Iris/]: Found fine program match for minecraft:pipeline/entity_translucent: HAND_TRANSLUCENT
[218月2026 05:36:36.322] [Render thread/WARN] [Iris/]: Found fine program match for minecraft:pipeline/entity_translucent_emissive: HAND_TRANSLUCENT
[218月2026 05:36:36.326] [Render thread/WARN] [Iris/]: Found fine program match for minecraft:pipeline/entity_cutout: HAND_CUTOUT
[218月2026 05:36:36.326] [Render thread/WARN] [Iris/]: Found fine program match for minecraft:pipeline/entity_translucent: HAND_TRANSLUCENT
[218月2026 05:36:36.326] [Render thread/WARN] [Iris/]: Found fine program match for minecraft:pipeline/entity_translucent_emissive: HAND_TRANSLUCENT
[218月2026 05:36:36.332] [Render thread/WARN] [Iris/]: Found fine program match for minecraft:pipeline/entity_cutout: HAND_CUTOUT
[218月2026 05:36:36.332] [Render thread/WARN] [Iris/]: Found fine program match for minecraft:pipeline/entity_translucent: HAND_TRANSLUCENT
[218月2026 05:36:36.333] [Render thread/WARN] [Iris/]: Found fine program match for minecraft:pipeline/entity_translucent_emissive: HAND_TRANSLUCENT
[218月2026 05:36:36.336] [Render thread/WARN] [Iris/]: Found fine program match for minecraft:pipeline/entity_cutout: HAND_CUTOUT
[218月2026 05:36:36.336] [Render thread/WARN] [Iris/]: Found fine program match for minecraft:pipeline/entity_translucent: HAND_TRANSLUCENT
[218月2026 05:36:36.336] [Render thread/WARN] [Iris/]: Found fine program match for minecraft:pipeline/entity_translucent_emissive: HAND_TRANSLUCENT
[218月2026 05:36:36.342] [Render thread/WARN] [Iris/]: Found fine program match for minecraft:pipeline/entity_cutout: HAND_CUTOUT
[218月2026 05:36:36.342] [Render thread/WARN] [Iris/]: Found fine program match for minecraft:pipeline/entity_translucent: HAND_TRANSLUCENT
[218月2026 05:36:36.342] [Render thread/WARN] [Iris/]: Found fine program match for minecraft:pipeline/entity_translucent_emissive: HAND_TRANSLUCENT
[218月2026 05:36:36.345] [Render thread/WARN] [Iris/]: Found fine program match for minecraft:pipeline/entity_cutout: HAND_CUTOUT
[218月2026 05:36:36.345] [Render thread/WARN] [Iris/]: Found fine program match for minecraft:pipeline/entity_translucent: HAND_TRANSLUCENT
[218月2026 05:36:36.345] [Render thread/WARN] [Iris/]: Found fine program match for minecraft:pipeline/entity_translucent_emissive: HAND_TRANSLUCENT
[218月2026 05:36:36.348] [Render thread/WARN] [Iris/]: Found fine program match for minecraft:pipeline/entity_cutout: HAND_CUTOUT
[218月2026 05:36:36.349] [Render thread/WARN] [Iris/]: Found fine program match for minecraft:pipeline/entity_translucent: HAND_TRANSLUCENT
[218月2026 05:36:36.349] [Render thread/WARN] [Iris/]: Found fine program match for minecraft:pipeline/entity_translucent_emissive: HAND_TRANSLUCENT
[218月2026 05:36:36.354] [Render thread/WARN] [Iris/]: Found fine program match for minecraft:pipeline/entity_cutout: HAND_CUTOUT
[218月2026 05:36:36.354] [Render thread/WARN] [Iris/]: Found fine program match for minecraft:pipeline/entity_translucent: HAND_TRANSLUCENT
[218月2026 05:36:36.354] [Render thread/WARN] [Iris/]: Found fine program match for minecraft:pipeline/entity_translucent_emissive: HAND_TRANSLUCENT
[218月2026 05:36:36.357] [Render thread/WARN] [Iris/]: Found fine program match for minecraft:pipeline/entity_cutout: HAND_CUTOUT
[218月2026 05:36:36.357] [Render thread/WARN] [Iris/]: Found fine program match for minecraft:pipeline/entity_translucent: HAND_TRANSLUCENT
[218月2026 05:36:36.357] [Render thread/WARN] [Iris/]: Found fine program match for minecraft:pipeline/entity_translucent_emissive: HAND_TRANSLUCENT
[218月2026 05:36:36.361] [Render thread/WARN] [Iris/]: Found fine program match for minecraft:pipeline/entity_cutout: HAND_CUTOUT
[218月2026 05:36:36.361] [Render thread/WARN] [Iris/]: Found fine program match for minecraft:pipeline/entity_translucent: HAND_TRANSLUCENT
[218月2026 05:36:36.361] [Render thread/WARN] [Iris/]: Found fine program match for minecraft:pipeline/entity_translucent_emissive: HAND_TRANSLUCENT
[218月2026 05:36:36.365] [Render thread/WARN] [Iris/]: Found fine program match for minecraft:pipeline/entity_cutout: HAND_CUTOUT
[218月2026 05:36:36.365] [Render thread/WARN] [Iris/]: Found fine program match for minecraft:pipeline/entity_translucent: HAND_TRANSLUCENT
[218月2026 05:36:36.365] [Render thread/WARN] [Iris/]: Found fine program match for minecraft:pipeline/entity_translucent_emissive: HAND_TRANSLUCENT
[218月2026 05:36:36.369] [Render thread/WARN] [Iris/]: Found fine program match for minecraft:pipeline/entity_cutout: HAND_CUTOUT
[218月2026 05:36:36.369] [Render thread/WARN] [Iris/]: Found fine program match for minecraft:pipeline/entity_translucent: HAND_TRANSLUCENT
[218月2026 05:36:36.369] [Render thread/WARN] [Iris/]: Found fine program match for minecraft:pipeline/entity_translucent_emissive: HAND_TRANSLUCENT
[218月2026 05:36:36.374] [Render thread/WARN] [Iris/]: Found fine program match for minecraft:pipeline/entity_cutout: HAND_CUTOUT
[218月2026 05:36:36.374] [Render thread/WARN] [Iris/]: Found fine program match for minecraft:pipeline/entity_translucent: HAND_TRANSLUCENT
[218月2026 05:36:36.374] [Render thread/WARN] [Iris/]: Found fine program match for minecraft:pipeline/entity_translucent_emissive: HAND_TRANSLUCENT
[218月2026 05:36:36.377] [Render thread/WARN] [Iris/]: Found fine program match for minecraft:pipeline/entity_cutout: HAND_CUTOUT
[218月2026 05:36:36.377] [Render thread/WARN] [Iris/]: Found fine program match for minecraft:pipeline/entity_translucent: HAND_TRANSLUCENT
[218月2026 05:36:36.377] [Render thread/WARN] [Iris/]: Found fine program match for minecraft:pipeline/entity_translucent_emissive: HAND_TRANSLUCENT
[218月2026 05:36:36.382] [Render thread/WARN] [Iris/]: Found fine program match for minecraft:pipeline/entity_cutout: HAND_CUTOUT
[218月2026 05:36:36.382] [Render thread/WARN] [Iris/]: Found fine program match for minecraft:pipeline/entity_translucent: HAND_TRANSLUCENT
[218月2026 05:36:36.382] [Render thread/WARN] [Iris/]: Found fine program match for minecraft:pipeline/entity_translucent_emissive: HAND_TRANSLUCENT
[218月2026 05:36:36.385] [Render thread/WARN] [Iris/]: Found fine program match for minecraft:pipeline/entity_cutout: HAND_CUTOUT
[218月2026 05:36:36.385] [Render thread/WARN] [Iris/]: Found fine program match for minecraft:pipeline/entity_translucent: HAND_TRANSLUCENT
[218月2026 05:36:36.385] [Render thread/WARN] [Iris/]: Found fine program match for minecraft:pipeline/entity_translucent_emissive: HAND_TRANSLUCENT
[218月2026 05:36:36.390] [Render thread/WARN] [Iris/]: Found fine program match for minecraft:pipeline/entity_cutout: HAND_CUTOUT
[218月2026 05:36:36.390] [Render thread/WARN] [Iris/]: Found fine program match for minecraft:pipeline/entity_translucent: HAND_TRANSLUCENT
[218月2026 05:36:36.390] [Render thread/WARN] [Iris/]: Found fine program match for minecraft:pipeline/entity_translucent_emissive: HAND_TRANSLUCENT
[218月2026 05:36:36.393] [Render thread/WARN] [Iris/]: Found fine program match for minecraft:pipeline/entity_cutout: HAND_CUTOUT
[218月2026 05:36:36.393] [Render thread/WARN] [Iris/]: Found fine program match for minecraft:pipeline/entity_translucent: HAND_TRANSLUCENT
[218月2026 05:36:36.393] [Render thread/WARN] [Iris/]: Found fine program match for minecraft:pipeline/entity_translucent_emissive: HAND_TRANSLUCENT
[218月2026 05:36:36.397] [Render thread/WARN] [Iris/]: Found fine program match for minecraft:pipeline/entity_cutout: HAND_CUTOUT
[218月2026 05:36:36.397] [Render thread/WARN] [Iris/]: Found fine program match for minecraft:pipeline/entity_translucent: HAND_TRANSLUCENT
[218月2026 05:36:36.397] [Render thread/WARN] [Iris/]: Found fine program match for minecraft:pipeline/entity_translucent_emissive: HAND_TRANSLUCENT
[218月2026 05:36:36.401] [Render thread/WARN] [Iris/]: Found fine program match for minecraft:pipeline/entity_cutout: HAND_CUTOUT
[218月2026 05:36:36.401] [Render thread/WARN] [Iris/]: Found fine program match for minecraft:pipeline/entity_translucent: HAND_TRANSLUCENT
[218月2026 05:36:36.401] [Render thread/WARN] [Iris/]: Found fine program match for minecraft:pipeline/entity_translucent_emissive: HAND_TRANSLUCENT
[218月2026 05:36:36.405] [Render thread/WARN] [Iris/]: Found fine program match for minecraft:pipeline/entity_cutout: HAND_CUTOUT
[218月2026 05:36:36.405] [Render thread/WARN] [Iris/]: Found fine program match for minecraft:pipeline/entity_translucent: HAND_TRANSLUCENT
[218月2026 05:36:36.405] [Render thread/WARN] [Iris/]: Found fine program match for minecraft:pipeline/entity_translucent_emissive: HAND_TRANSLUCENT
[218月2026 05:36:36.409] [Render thread/WARN] [Iris/]: Found fine program match for minecraft:pipeline/entity_cutout: HAND_CUTOUT
[218月2026 05:36:36.409] [Render thread/WARN] [Iris/]: Found fine program match for minecraft:pipeline/entity_translucent: HAND_TRANSLUCENT
[218月2026 05:36:36.409] [Render thread/WARN] [Iris/]: Found fine program match for minecraft:pipeline/entity_translucent_emissive: HAND_TRANSLUCENT
[218月2026 05:36:36.413] [Render thread/WARN] [Iris/]: Found fine program match for minecraft:pipeline/entity_cutout: HAND_CUTOUT
[218月2026 05:36:36.413] [Render thread/WARN] [Iris/]: Found fine program match for minecraft:pipeline/entity_translucent: HAND_TRANSLUCENT
[218月2026 05:36:36.413] [Render thread/WARN] [Iris/]: Found fine program match for minecraft:pipeline/entity_translucent_emissive: HAND_TRANSLUCENT
[218月2026 05:36:36.418] [Render thread/WARN] [Iris/]: Found fine program match for minecraft:pipeline/entity_cutout: HAND_CUTOUT
[218月2026 05:36:36.418] [Render thread/WARN] [Iris/]: Found fine program match for minecraft:pipeline/entity_translucent: HAND_TRANSLUCENT
[218月2026 05:36:36.418] [Render thread/WARN] [Iris/]: Found fine program match for minecraft:pipeline/entity_translucent_emissive: HAND_TRANSLUCENT
[218月2026 05:36:36.421] [Render thread/WARN] [Iris/]: Found fine program match for minecraft:pipeline/entity_cutout: HAND_CUTOUT
[218月2026 05:36:36.421] [Render thread/WARN] [Iris/]: Found fine program match for minecraft:pipeline/entity_translucent: HAND_TRANSLUCENT
[218月2026 05:36:36.421] [Render thread/WARN] [Iris/]: Found fine program match for minecraft:pipeline/entity_translucent_emissive: HAND_TRANSLUCENT
[218月2026 05:36:36.425] [Render thread/WARN] [Iris/]: Found fine program match for minecraft:pipeline/entity_cutout: HAND_CUTOUT
[218月2026 05:36:36.425] [Render thread/WARN] [Iris/]: Found fine program match for minecraft:pipeline/entity_translucent: HAND_TRANSLUCENT
[218月2026 05:36:36.425] [Render thread/WARN] [Iris/]: Found fine program match for minecraft:pipeline/entity_translucent_emissive: HAND_TRANSLUCENT
[218月2026 05:36:36.432] [Render thread/WARN] [Iris/]: Found fine program match for minecraft:pipeline/entity_cutout: HAND_CUTOUT
[218月2026 05:36:36.432] [Render thread/WARN] [Iris/]: Found fine program match for minecraft:pipeline/entity_translucent: HAND_TRANSLUCENT
[218月2026 05:36:36.432] [Render thread/WARN] [Iris/]: Found fine program match for minecraft:pipeline/entity_translucent_emissive: HAND_TRANSLUCENT
[218月2026 05:36:36.436] [Render thread/WARN] [Iris/]: Found fine program match for minecraft:pipeline/entity_cutout: HAND_CUTOUT
[218月2026 05:36:36.436] [Render thread/WARN] [Iris/]: Found fine program match for minecraft:pipeline/entity_translucent: HAND_TRANSLUCENT
[218月2026 05:36:36.436] [Render thread/WARN] [Iris/]: Found fine program match for minecraft:pipeline/entity_translucent_emissive: HAND_TRANSLUCENT
[218月2026 05:36:36.441] [Render thread/WARN] [Iris/]: Found fine program match for minecraft:pipeline/entity_cutout: HAND_CUTOUT
[218月2026 05:36:36.441] [Render thread/WARN] [Iris/]: Found fine program match for minecraft:pipeline/entity_translucent: HAND_TRANSLUCENT
[218月2026 05:36:36.441] [Render thread/WARN] [Iris/]: Found fine program match for minecraft:pipeline/entity_translucent_emissive: HAND_TRANSLUCENT
[218月2026 05:36:36.444] [Render thread/WARN] [Iris/]: Found fine program match for minecraft:pipeline/entity_cutout: HAND_CUTOUT
[218月2026 05:36:36.444] [Render thread/WARN] [Iris/]: Found fine program match for minecraft:pipeline/entity_translucent: HAND_TRANSLUCENT
[218月2026 05:36:36.444] [Render thread/WARN] [Iris/]: Found fine program match for minecraft:pipeline/entity_translucent_emissive: HAND_TRANSLUCENT
[218月2026 05:36:36.448] [Render thread/WARN] [Iris/]: Found fine program match for minecraft:pipeline/entity_cutout: HAND_CUTOUT
[218月2026 05:36:36.448] [Render thread/WARN] [Iris/]: Found fine program match for minecraft:pipeline/entity_translucent: HAND_TRANSLUCENT
[218月2026 05:36:36.448] [Render thread/WARN] [Iris/]: Found fine program match for minecraft:pipeline/entity_translucent_emissive: HAND_TRANSLUCENT
[218月2026 05:36:36.452] [Render thread/WARN] [Iris/]: Found fine program match for minecraft:pipeline/entity_cutout: HAND_CUTOUT
[218月2026 05:36:36.452] [Render thread/WARN] [Iris/]: Found fine program match for minecraft:pipeline/entity_translucent: HAND_TRANSLUCENT
[218月2026 05:36:36.452] [Render thread/WARN] [Iris/]: Found fine program match for minecraft:pipeline/entity_translucent_emissive: HAND_TRANSLUCENT
[218月2026 05:36:36.456] [Render thread/WARN] [Iris/]: Found fine program match for minecraft:pipeline/entity_cutout: HAND_CUTOUT
[218月2026 05:36:36.456] [Render thread/WARN] [Iris/]: Found fine program match for minecraft:pipeline/entity_translucent: HAND_TRANSLUCENT
[218月2026 05:36:36.457] [Render thread/WARN] [Iris/]: Found fine program match for minecraft:pipeline/entity_translucent_emissive: HAND_TRANSLUCENT
[218月2026 05:36:36.460] [Render thread/WARN] [Iris/]: Found fine program match for minecraft:pipeline/entity_cutout: HAND_CUTOUT
[218月2026 05:36:36.460] [Render thread/WARN] [Iris/]: Found fine program match for minecraft:pipeline/entity_translucent: HAND_TRANSLUCENT
[218月2026 05:36:36.460] [Render thread/WARN] [Iris/]: Found fine program match for minecraft:pipeline/entity_translucent_emissive: HAND_TRANSLUCENT
[218月2026 05:36:36.464] [Render thread/WARN] [Iris/]: Found fine program match for minecraft:pipeline/entity_cutout: HAND_CUTOUT
[218月2026 05:36:36.464] [Render thread/WARN] [Iris/]: Found fine program match for minecraft:pipeline/entity_translucent: HAND_TRANSLUCENT
[218月2026 05:36:36.464] [Render thread/WARN] [Iris/]: Found fine program match for minecraft:pipeline/entity_translucent_emissive: HAND_TRANSLUCENT
[218月2026 05:36:36.470] [Render thread/WARN] [Iris/]: Found fine program match for minecraft:pipeline/entity_cutout: HAND_CUTOUT
[218月2026 05:36:36.470] [Render thread/WARN] [Iris/]: Found fine program match for minecraft:pipeline/entity_translucent: HAND_TRANSLUCENT
[218月2026 05:36:36.470] [Render thread/WARN] [Iris/]: Found fine program match for minecraft:pipeline/entity_translucent_emissive: HAND_TRANSLUCENT
[218月2026 05:36:36.473] [Render thread/WARN] [Iris/]: Found fine program match for minecraft:pipeline/entity_cutout: HAND_CUTOUT
[218月2026 05:36:36.474] [Render thread/WARN] [Iris/]: Found fine program match for minecraft:pipeline/entity_translucent: HAND_TRANSLUCENT
[218月2026 05:36:36.474] [Render thread/WARN] [Iris/]: Found fine program match for minecraft:pipeline/entity_translucent_emissive: HAND_TRANSLUCENT
[218月2026 05:36:36.479] [Render thread/WARN] [Iris/]: Found fine program match for minecraft:pipeline/entity_cutout: HAND_CUTOUT
[218月2026 05:36:36.479] [Render thread/WARN] [Iris/]: Found fine program match for minecraft:pipeline/entity_translucent: HAND_TRANSLUCENT
[218月2026 05:36:36.479] [Render thread/WARN] [Iris/]: Found fine program match for minecraft:pipeline/entity_translucent_emissive: HAND_TRANSLUCENT
[218月2026 05:36:36.484] [Render thread/WARN] [Iris/]: Found fine program match for minecraft:pipeline/entity_cutout: HAND_CUTOUT
[218月2026 05:36:36.484] [Render thread/WARN] [Iris/]: Found fine program match for minecraft:pipeline/entity_translucent: HAND_TRANSLUCENT
[218月2026 05:36:36.484] [Render thread/WARN] [Iris/]: Found fine program match for minecraft:pipeline/entity_translucent_emissive: HAND_TRANSLUCENT
[218月2026 05:36:36.487] [Render thread/WARN] [Iris/]: Found fine program match for minecraft:pipeline/entity_cutout: HAND_CUTOUT
[218月2026 05:36:36.487] [Render thread/WARN] [Iris/]: Found fine program match for minecraft:pipeline/entity_translucent: HAND_TRANSLUCENT
[218月2026 05:36:36.487] [Render thread/WARN] [Iris/]: Found fine program match for minecraft:pipeline/entity_translucent_emissive: HAND_TRANSLUCENT
[218月2026 05:36:36.492] [Render thread/WARN] [Iris/]: Found fine program match for minecraft:pipeline/entity_cutout: HAND_CUTOUT
[218月2026 05:36:36.492] [Render thread/WARN] [Iris/]: Found fine program match for minecraft:pipeline/entity_translucent: HAND_TRANSLUCENT
[218月2026 05:36:36.492] [Render thread/WARN] [Iris/]: Found fine program match for minecraft:pipeline/entity_translucent_emissive: HAND_TRANSLUCENT
[218月2026 05:36:36.496] [Render thread/WARN] [Iris/]: Found fine program match for minecraft:pipeline/entity_cutout: HAND_CUTOUT
[218月2026 05:36:36.496] [Render thread/WARN] [Iris/]: Found fine program match for minecraft:pipeline/entity_translucent: HAND_TRANSLUCENT
[218月2026 05:36:36.496] [Render thread/WARN] [Iris/]: Found fine program match for minecraft:pipeline/entity_translucent_emissive: HAND_TRANSLUCENT
[218月2026 05:36:36.499] [Render thread/WARN] [Iris/]: Found fine program match for minecraft:pipeline/entity_cutout: HAND_CUTOUT
[218月2026 05:36:36.499] [Render thread/WARN] [Iris/]: Found fine program match for minecraft:pipeline/entity_translucent: HAND_TRANSLUCENT
[218月2026 05:36:36.499] [Render thread/WARN] [Iris/]: Found fine program match for minecraft:pipeline/entity_translucent_emissive: HAND_TRANSLUCENT
[218月2026 05:36:36.503] [Render thread/WARN] [Iris/]: Found fine program match for minecraft:pipeline/entity_cutout: HAND_CUTOUT
[218月2026 05:36:36.503] [Render thread/WARN] [Iris/]: Found fine program match for minecraft:pipeline/entity_translucent: HAND_TRANSLUCENT
[218月2026 05:36:36.503] [Render thread/WARN] [Iris/]: Found fine program match for minecraft:pipeline/entity_translucent_emissive: HAND_TRANSLUCENT
[218月2026 05:36:36.507] [Render thread/WARN] [Iris/]: Found fine program match for minecraft:pipeline/entity_cutout: HAND_CUTOUT
[218月2026 05:36:36.508] [Render thread/WARN] [Iris/]: Found fine program match for minecraft:pipeline/entity_translucent: HAND_TRANSLUCENT
[218月2026 05:36:36.508] [Render thread/WARN] [Iris/]: Found fine program match for minecraft:pipeline/entity_translucent_emissive: HAND_TRANSLUCENT
[218月2026 05:36:36.512] [Render thread/WARN] [Iris/]: Found fine program match for minecraft:pipeline/entity_cutout: HAND_CUTOUT
[218月2026 05:36:36.512] [Render thread/WARN] [Iris/]: Found fine program match for minecraft:pipeline/entity_translucent: HAND_TRANSLUCENT
[218月2026 05:36:36.512] [Render thread/WARN] [Iris/]: Found fine program match for minecraft:pipeline/entity_translucent_emissive: HAND_TRANSLUCENT
[218月2026 05:36:36.516] [Render thread/WARN] [Iris/]: Found fine program match for minecraft:pipeline/entity_cutout: HAND_CUTOUT
[218月2026 05:36:36.516] [Render thread/WARN] [Iris/]: Found fine program match for minecraft:pipeline/entity_translucent: HAND_TRANSLUCENT
[218月2026 05:36:36.516] [Render thread/WARN] [Iris/]: Found fine program match for minecraft:pipeline/entity_translucent_emissive: HAND_TRANSLUCENT
[218月2026 05:36:36.520] [Render thread/WARN] [Iris/]: Found fine program match for minecraft:pipeline/entity_cutout: HAND_CUTOUT
[218月2026 05:36:36.520] [Render thread/WARN] [Iris/]: Found fine program match for minecraft:pipeline/entity_translucent: HAND_TRANSLUCENT
[218月2026 05:36:36.520] [Render thread/WARN] [Iris/]: Found fine program match for minecraft:pipeline/entity_translucent_emissive: HAND_TRANSLUCENT
[218月2026 05:36:36.523] [Render thread/WARN] [Iris/]: Found fine program match for minecraft:pipeline/entity_cutout: HAND_CUTOUT
[218月2026 05:36:36.523] [Render thread/WARN] [Iris/]: Found fine program match for minecraft:pipeline/entity_translucent: HAND_TRANSLUCENT
[218月2026 05:36:36.523] [Render thread/WARN] [Iris/]: Found fine program match for minecraft:pipeline/entity_translucent_emissive: HAND_TRANSLUCENT
[218月2026 05:36:36.527] [Render thread/WARN] [Iris/]: Found fine program match for minecraft:pipeline/entity_cutout: HAND_CUTOUT
[218月2026 05:36:36.527] [Render thread/WARN] [Iris/]: Found fine program match for minecraft:pipeline/entity_translucent: HAND_TRANSLUCENT
[218月2026 05:36:36.527] [Render thread/WARN] [Iris/]: Found fine program match for minecraft:pipeline/entity_translucent_emissive: HAND_TRANSLUCENT
[218月2026 05:36:36.532] [Render thread/WARN] [Iris/]: Found fine program match for minecraft:pipeline/entity_cutout: HAND_CUTOUT
[218月2026 05:36:36.533] [Render thread/WARN] [Iris/]: Found fine program match for minecraft:pipeline/entity_translucent: HAND_TRANSLUCENT
[218月2026 05:36:36.533] [Render thread/WARN] [Iris/]: Found fine program match for minecraft:pipeline/entity_translucent_emissive: HAND_TRANSLUCENT
[218月2026 05:36:36.535] [Render thread/WARN] [Iris/]: Found fine program match for minecraft:pipeline/entity_cutout: HAND_CUTOUT
[218月2026 05:36:36.535] [Render thread/WARN] [Iris/]: Found fine program match for minecraft:pipeline/entity_translucent: HAND_TRANSLUCENT
[218月2026 05:36:36.535] [Render thread/WARN] [Iris/]: Found fine program match for minecraft:pipeline/entity_translucent_emissive: HAND_TRANSLUCENT
[218月2026 05:36:36.540] [Render thread/WARN] [Iris/]: Found fine program match for minecraft:pipeline/entity_cutout: HAND_CUTOUT
[218月2026 05:36:36.540] [Render thread/WARN] [Iris/]: Found fine program match for minecraft:pipeline/entity_translucent: HAND_TRANSLUCENT
[218月2026 05:36:36.540] [Render thread/WARN] [Iris/]: Found fine program match for minecraft:pipeline/entity_translucent_emissive: HAND_TRANSLUCENT
[218月2026 05:36:36.544] [Render thread/WARN] [Iris/]: Found fine program match for minecraft:pipeline/entity_cutout: HAND_CUTOUT
[218月2026 05:36:36.544] [Render thread/WARN] [Iris/]: Found fine program match for minecraft:pipeline/entity_translucent: HAND_TRANSLUCENT
[218月2026 05:36:36.544] [Render thread/WARN] [Iris/]: Found fine program match for minecraft:pipeline/entity_translucent_emissive: HAND_TRANSLUCENT
[218月2026 05:36:36.547] [Render thread/WARN] [Iris/]: Found fine program match for minecraft:pipeline/entity_cutout: HAND_CUTOUT
[218月2026 05:36:36.547] [Render thread/WARN] [Iris/]: Found fine program match for minecraft:pipeline/entity_translucent: HAND_TRANSLUCENT
[218月2026 05:36:36.547] [Render thread/WARN] [Iris/]: Found fine program match for minecraft:pipeline/entity_translucent_emissive: HAND_TRANSLUCENT
[218月2026 05:36:36.552] [Render thread/WARN] [Iris/]: Found fine program match for minecraft:pipeline/entity_cutout: HAND_CUTOUT
[218月2026 05:36:36.552] [Render thread/WARN] [Iris/]: Found fine program match for minecraft:pipeline/entity_translucent: HAND_TRANSLUCENT
[218月2026 05:36:36.552] [Render thread/WARN] [Iris/]: Found fine program match for minecraft:pipeline/entity_translucent_emissive: HAND_TRANSLUCENT
[218月2026 05:36:36.556] [Render thread/WARN] [Iris/]: Found fine program match for minecraft:pipeline/entity_cutout: HAND_CUTOUT
[218月2026 05:36:36.556] [Render thread/WARN] [Iris/]: Found fine program match for minecraft:pipeline/entity_translucent: HAND_TRANSLUCENT
[218月2026 05:36:36.556] [Render thread/WARN] [Iris/]: Found fine program match for minecraft:pipeline/entity_translucent_emissive: HAND_TRANSLUCENT
[218月2026 05:36:36.560] [Render thread/WARN] [Iris/]: Found fine program match for minecraft:pipeline/entity_cutout: HAND_CUTOUT
[218月2026 05:36:36.560] [Render thread/WARN] [Iris/]: Found fine program match for minecraft:pipeline/entity_translucent: HAND_TRANSLUCENT
[218月2026 05:36:36.560] [Render thread/WARN] [Iris/]: Found fine program match for minecraft:pipeline/entity_translucent_emissive: HAND_TRANSLUCENT
[218月2026 05:36:36.564] [Render thread/WARN] [Iris/]: Found fine program match for minecraft:pipeline/entity_cutout: HAND_CUTOUT
[218月2026 05:36:36.564] [Render thread/WARN] [Iris/]: Found fine program match for minecraft:pipeline/entity_translucent: HAND_TRANSLUCENT
[218月2026 05:36:36.564] [Render thread/WARN] [Iris/]: Found fine program match for minecraft:pipeline/entity_translucent_emissive: HAND_TRANSLUCENT
[218月2026 05:36:36.568] [Render thread/WARN] [Iris/]: Found fine program match for minecraft:pipeline/entity_cutout: HAND_CUTOUT
[218月2026 05:36:36.568] [Render thread/WARN] [Iris/]: Found fine program match for minecraft:pipeline/entity_translucent: HAND_TRANSLUCENT
[218月2026 05:36:36.568] [Render thread/WARN] [Iris/]: Found fine program match for minecraft:pipeline/entity_translucent_emissive: HAND_TRANSLUCENT
[218月2026 05:36:36.572] [Render thread/WARN] [Iris/]: Found fine program match for minecraft:pipeline/entity_cutout: HAND_CUTOUT
[218月2026 05:36:36.572] [Render thread/WARN] [Iris/]: Found fine program match for minecraft:pipeline/entity_translucent: HAND_TRANSLUCENT
[218月2026 05:36:36.572] [Render thread/WARN] [Iris/]: Found fine program match for minecraft:pipeline/entity_translucent_emissive: HAND_TRANSLUCENT
[218月2026 05:36:36.576] [Render thread/WARN] [Iris/]: Found fine program match for minecraft:pipeline/entity_cutout: HAND_CUTOUT
[218月2026 05:36:36.576] [Render thread/WARN] [Iris/]: Found fine program match for minecraft:pipeline/entity_translucent: HAND_TRANSLUCENT
[218月2026 05:36:36.576] [Render thread/WARN] [Iris/]: Found fine program match for minecraft:pipeline/entity_translucent_emissive: HAND_TRANSLUCENT
[218月2026 05:36:36.582] [Render thread/WARN] [Iris/]: Found fine program match for minecraft:pipeline/entity_cutout: HAND_CUTOUT
[218月2026 05:36:36.582] [Render thread/WARN] [Iris/]: Found fine program match for minecraft:pipeline/entity_translucent: HAND_TRANSLUCENT
[218月2026 05:36:36.582] [Render thread/WARN] [Iris/]: Found fine program match for minecraft:pipeline/entity_translucent_emissive: HAND_TRANSLUCENT
[218月2026 05:36:36.585] [Render thread/WARN] [Iris/]: Found fine program match for minecraft:pipeline/entity_cutout: HAND_CUTOUT
[218月2026 05:36:36.585] [Render thread/WARN] [Iris/]: Found fine program match for minecraft:pipeline/entity_translucent: HAND_TRANSLUCENT
[218月2026 05:36:36.585] [Render thread/WARN] [Iris/]: Found fine program match for minecraft:pipeline/entity_translucent_emissive: HAND_TRANSLUCENT
[218月2026 05:36:36.588] [Render thread/WARN] [Iris/]: Found fine program match for minecraft:pipeline/entity_cutout: HAND_CUTOUT
[218月2026 05:36:36.589] [Render thread/WARN] [Iris/]: Found fine program match for minecraft:pipeline/entity_translucent: HAND_TRANSLUCENT
[218月2026 05:36:36.589] [Render thread/WARN] [Iris/]: Found fine program match for minecraft:pipeline/entity_translucent_emissive: HAND_TRANSLUCENT
[218月2026 05:36:36.592] [Render thread/WARN] [Iris/]: Found fine program match for minecraft:pipeline/entity_cutout: HAND_CUTOUT
[218月2026 05:36:36.592] [Render thread/WARN] [Iris/]: Found fine program match for minecraft:pipeline/entity_translucent: HAND_TRANSLUCENT
[218月2026 05:36:36.592] [Render thread/WARN] [Iris/]: Found fine program match for minecraft:pipeline/entity_translucent_emissive: HAND_TRANSLUCENT
[218月2026 05:36:36.596] [Render thread/WARN] [Iris/]: Found fine program match for minecraft:pipeline/entity_cutout: HAND_CUTOUT
[218月2026 05:36:36.596] [Render thread/WARN] [Iris/]: Found fine program match for minecraft:pipeline/entity_translucent: HAND_TRANSLUCENT
[218月2026 05:36:36.596] [Render thread/WARN] [Iris/]: Found fine program match for minecraft:pipeline/entity_translucent_emissive: HAND_TRANSLUCENT
[218月2026 05:36:36.600] [Render thread/WARN] [Iris/]: Found fine program match for minecraft:pipeline/entity_cutout: HAND_CUTOUT
[218月2026 05:36:36.600] [Render thread/WARN] [Iris/]: Found fine program match for minecraft:pipeline/entity_translucent: HAND_TRANSLUCENT
[218月2026 05:36:36.600] [Render thread/WARN] [Iris/]: Found fine program match for minecraft:pipeline/entity_translucent_emissive: HAND_TRANSLUCENT
[218月2026 05:36:36.604] [Render thread/WARN] [Iris/]: Found fine program match for minecraft:pipeline/entity_cutout: HAND_CUTOUT
[218月2026 05:36:36.605] [Render thread/WARN] [Iris/]: Found fine program match for minecraft:pipeline/entity_translucent: HAND_TRANSLUCENT
[218月2026 05:36:36.605] [Render thread/WARN] [Iris/]: Found fine program match for minecraft:pipeline/entity_translucent_emissive: HAND_TRANSLUCENT
[218月2026 05:36:36.609] [Render thread/WARN] [Iris/]: Found fine program match for minecraft:pipeline/entity_cutout: HAND_CUTOUT
[218月2026 05:36:36.609] [Render thread/WARN] [Iris/]: Found fine program match for minecraft:pipeline/entity_translucent: HAND_TRANSLUCENT
[218月2026 05:36:36.609] [Render thread/WARN] [Iris/]: Found fine program match for minecraft:pipeline/entity_translucent_emissive: HAND_TRANSLUCENT
[218月2026 05:36:36.612] [Render thread/WARN] [Iris/]: Found fine program match for minecraft:pipeline/entity_cutout: HAND_CUTOUT
[218月2026 05:36:36.613] [Render thread/WARN] [Iris/]: Found fine program match for minecraft:pipeline/entity_translucent: HAND_TRANSLUCENT
[218月2026 05:36:36.613] [Render thread/WARN] [Iris/]: Found fine program match for minecraft:pipeline/entity_translucent_emissive: HAND_TRANSLUCENT
[218月2026 05:36:36.617] [Render thread/WARN] [Iris/]: Found fine program match for minecraft:pipeline/entity_cutout: HAND_CUTOUT
[218月2026 05:36:36.617] [Render thread/WARN] [Iris/]: Found fine program match for minecraft:pipeline/entity_translucent: HAND_TRANSLUCENT
[218月2026 05:36:36.617] [Render thread/WARN] [Iris/]: Found fine program match for minecraft:pipeline/entity_translucent_emissive: HAND_TRANSLUCENT
[218月2026 05:36:36.620] [Render thread/WARN] [Iris/]: Found fine program match for minecraft:pipeline/entity_cutout: HAND_CUTOUT
[218月2026 05:36:36.620] [Render thread/WARN] [Iris/]: Found fine program match for minecraft:pipeline/entity_translucent: HAND_TRANSLUCENT
[218月2026 05:36:36.620] [Render thread/WARN] [Iris/]: Found fine program match for minecraft:pipeline/entity_translucent_emissive: HAND_TRANSLUCENT
[218月2026 05:36:36.624] [Render thread/WARN] [Iris/]: Found fine program match for minecraft:pipeline/entity_cutout: HAND_CUTOUT
[218月2026 05:36:36.624] [Render thread/WARN] [Iris/]: Found fine program match for minecraft:pipeline/entity_translucent: HAND_TRANSLUCENT
[218月2026 05:36:36.624] [Render thread/WARN] [Iris/]: Found fine program match for minecraft:pipeline/entity_translucent_emissive: HAND_TRANSLUCENT
[218月2026 05:36:36.631] [Render thread/WARN] [Iris/]: Found fine program match for minecraft:pipeline/entity_cutout: HAND_CUTOUT
[218月2026 05:36:36.631] [Render thread/WARN] [Iris/]: Found fine program match for minecraft:pipeline/entity_translucent: HAND_TRANSLUCENT
[218月2026 05:36:36.631] [Render thread/WARN] [Iris/]: Found fine program match for minecraft:pipeline/entity_translucent_emissive: HAND_TRANSLUCENT
[218月2026 05:36:36.633] [Render thread/WARN] [Iris/]: Found fine program match for minecraft:pipeline/entity_cutout: HAND_CUTOUT
[218月2026 05:36:36.633] [Render thread/WARN] [Iris/]: Found fine program match for minecraft:pipeline/entity_translucent: HAND_TRANSLUCENT
[218月2026 05:36:36.633] [Render thread/WARN] [Iris/]: Found fine program match for minecraft:pipeline/entity_translucent_emissive: HAND_TRANSLUCENT
[218月2026 05:36:36.637] [Render thread/WARN] [Iris/]: Found fine program match for minecraft:pipeline/entity_cutout: HAND_CUTOUT
[218月2026 05:36:36.637] [Render thread/WARN] [Iris/]: Found fine program match for minecraft:pipeline/entity_translucent: HAND_TRANSLUCENT
[218月2026 05:36:36.637] [Render thread/WARN] [Iris/]: Found fine program match for minecraft:pipeline/entity_translucent_emissive: HAND_TRANSLUCENT
[218月2026 05:36:36.640] [Render thread/WARN] [Iris/]: Found fine program match for minecraft:pipeline/entity_cutout: HAND_CUTOUT
[218月2026 05:36:36.640] [Render thread/WARN] [Iris/]: Found fine program match for minecraft:pipeline/entity_translucent: HAND_TRANSLUCENT
[218月2026 05:36:36.641] [Render thread/WARN] [Iris/]: Found fine program match for minecraft:pipeline/entity_translucent_emissive: HAND_TRANSLUCENT
[218月2026 05:36:36.645] [Render thread/WARN] [Iris/]: Found fine program match for minecraft:pipeline/entity_cutout: HAND_CUTOUT
[218月2026 05:36:36.645] [Render thread/WARN] [Iris/]: Found fine program match for minecraft:pipeline/entity_translucent: HAND_TRANSLUCENT
[218月2026 05:36:36.645] [Render thread/WARN] [Iris/]: Found fine program match for minecraft:pipeline/entity_translucent_emissive: HAND_TRANSLUCENT
[218月2026 05:36:36.649] [Render thread/WARN] [Iris/]: Found fine program match for minecraft:pipeline/entity_cutout: HAND_CUTOUT
[218月2026 05:36:36.649] [Render thread/WARN] [Iris/]: Found fine program match for minecraft:pipeline/entity_translucent: HAND_TRANSLUCENT
[218月2026 05:36:36.649] [Render thread/WARN] [Iris/]: Found fine program match for minecraft:pipeline/entity_translucent_emissive: HAND_TRANSLUCENT
[218月2026 05:36:36.653] [Render thread/WARN] [Iris/]: Found fine program match for minecraft:pipeline/entity_cutout: HAND_CUTOUT
[218月2026 05:36:36.653] [Render thread/WARN] [Iris/]: Found fine program match for minecraft:pipeline/entity_translucent: HAND_TRANSLUCENT
[218月2026 05:36:36.653] [Render thread/WARN] [Iris/]: Found fine program match for minecraft:pipeline/entity_translucent_emissive: HAND_TRANSLUCENT
[218月2026 05:36:36.657] [Render thread/WARN] [Iris/]: Found fine program match for minecraft:pipeline/entity_cutout: HAND_CUTOUT
[218月2026 05:36:36.657] [Render thread/WARN] [Iris/]: Found fine program match for minecraft:pipeline/entity_translucent: HAND_TRANSLUCENT
[218月2026 05:36:36.657] [Render thread/WARN] [Iris/]: Found fine program match for minecraft:pipeline/entity_translucent_emissive: HAND_TRANSLUCENT
[218月2026 05:36:36.661] [Render thread/WARN] [Iris/]: Found fine program match for minecraft:pipeline/entity_cutout: HAND_CUTOUT
[218月2026 05:36:36.661] [Render thread/WARN] [Iris/]: Found fine program match for minecraft:pipeline/entity_translucent: HAND_TRANSLUCENT
[218月2026 05:36:36.661] [Render thread/WARN] [Iris/]: Found fine program match for minecraft:pipeline/entity_translucent_emissive: HAND_TRANSLUCENT
[218月2026 05:36:36.665] [Render thread/WARN] [Iris/]: Found fine program match for minecraft:pipeline/entity_cutout: HAND_CUTOUT
[218月2026 05:36:36.665] [Render thread/WARN] [Iris/]: Found fine program match for minecraft:pipeline/entity_translucent: HAND_TRANSLUCENT
[218月2026 05:36:36.665] [Render thread/WARN] [Iris/]: Found fine program match for minecraft:pipeline/entity_translucent_emissive: HAND_TRANSLUCENT
[218月2026 05:36:36.669] [Render thread/WARN] [Iris/]: Found fine program match for minecraft:pipeline/entity_cutout: HAND_CUTOUT
[218月2026 05:36:36.669] [Render thread/WARN] [Iris/]: Found fine program match for minecraft:pipeline/entity_translucent: HAND_TRANSLUCENT
[218月2026 05:36:36.669] [Render thread/WARN] [Iris/]: Found fine program match for minecraft:pipeline/entity_translucent_emissive: HAND_TRANSLUCENT
[218月2026 05:36:36.672] [Render thread/WARN] [Iris/]: Found fine program match for minecraft:pipeline/entity_cutout: HAND_CUTOUT
[218月2026 05:36:36.672] [Render thread/WARN] [Iris/]: Found fine program match for minecraft:pipeline/entity_translucent: HAND_TRANSLUCENT
[218月2026 05:36:36.672] [Render thread/WARN] [Iris/]: Found fine program match for minecraft:pipeline/entity_translucent_emissive: HAND_TRANSLUCENT
[218月2026 05:36:36.676] [Render thread/WARN] [Iris/]: Found fine program match for minecraft:pipeline/entity_cutout: HAND_CUTOUT
[218月2026 05:36:36.676] [Render thread/WARN] [Iris/]: Found fine program match for minecraft:pipeline/entity_translucent: HAND_TRANSLUCENT
[218月2026 05:36:36.676] [Render thread/WARN] [Iris/]: Found fine program match for minecraft:pipeline/entity_translucent_emissive: HAND_TRANSLUCENT
[218月2026 05:36:36.682] [Render thread/WARN] [Iris/]: Found fine program match for minecraft:pipeline/entity_cutout: HAND_CUTOUT
[218月2026 05:36:36.682] [Render thread/WARN] [Iris/]: Found fine program match for minecraft:pipeline/entity_translucent: HAND_TRANSLUCENT
[218月2026 05:36:36.682] [Render thread/WARN] [Iris/]: Found fine program match for minecraft:pipeline/entity_translucent_emissive: HAND_TRANSLUCENT
[218月2026 05:36:36.685] [Render thread/WARN] [Iris/]: Found fine program match for minecraft:pipeline/entity_cutout: HAND_CUTOUT
[218月2026 05:36:36.685] [Render thread/WARN] [Iris/]: Found fine program match for minecraft:pipeline/entity_translucent: HAND_TRANSLUCENT
[218月2026 05:36:36.685] [Render thread/WARN] [Iris/]: Found fine program match for minecraft:pipeline/entity_translucent_emissive: HAND_TRANSLUCENT
[218月2026 05:36:36.689] [Render thread/WARN] [Iris/]: Found fine program match for minecraft:pipeline/entity_cutout: HAND_CUTOUT
[218月2026 05:36:36.689] [Render thread/WARN] [Iris/]: Found fine program match for minecraft:pipeline/entity_translucent: HAND_TRANSLUCENT
[218月2026 05:36:36.689] [Render thread/WARN] [Iris/]: Found fine program match for minecraft:pipeline/entity_translucent_emissive: HAND_TRANSLUCENT
[218月2026 05:36:36.692] [Render thread/WARN] [Iris/]: Found fine program match for minecraft:pipeline/entity_cutout: HAND_CUTOUT
[218月2026 05:36:36.692] [Render thread/WARN] [Iris/]: Found fine program match for minecraft:pipeline/entity_translucent: HAND_TRANSLUCENT
[218月2026 05:36:36.692] [Render thread/WARN] [Iris/]: Found fine program match for minecraft:pipeline/entity_translucent_emissive: HAND_TRANSLUCENT
[218月2026 05:36:36.696] [Render thread/WARN] [Iris/]: Found fine program match for minecraft:pipeline/entity_cutout: HAND_CUTOUT
[218月2026 05:36:36.696] [Render thread/WARN] [Iris/]: Found fine program match for minecraft:pipeline/entity_translucent: HAND_TRANSLUCENT
[218月2026 05:36:36.696] [Render thread/WARN] [Iris/]: Found fine program match for minecraft:pipeline/entity_translucent_emissive: HAND_TRANSLUCENT
[218月2026 05:36:36.701] [Render thread/WARN] [Iris/]: Found fine program match for minecraft:pipeline/entity_cutout: HAND_CUTOUT
[218月2026 05:36:36.701] [Render thread/WARN] [Iris/]: Found fine program match for minecraft:pipeline/entity_translucent: HAND_TRANSLUCENT
[218月2026 05:36:36.701] [Render thread/WARN] [Iris/]: Found fine program match for minecraft:pipeline/entity_translucent_emissive: HAND_TRANSLUCENT
[218月2026 05:36:36.705] [Render thread/WARN] [Iris/]: Found fine program match for minecraft:pipeline/entity_cutout: HAND_CUTOUT
[218月2026 05:36:36.705] [Render thread/WARN] [Iris/]: Found fine program match for minecraft:pipeline/entity_translucent: HAND_TRANSLUCENT
[218月2026 05:36:36.705] [Render thread/WARN] [Iris/]: Found fine program match for minecraft:pipeline/entity_translucent_emissive: HAND_TRANSLUCENT
[218月2026 05:36:36.709] [Render thread/WARN] [Iris/]: Found fine program match for minecraft:pipeline/entity_cutout: HAND_CUTOUT
[218月2026 05:36:36.709] [Render thread/WARN] [Iris/]: Found fine program match for minecraft:pipeline/entity_translucent: HAND_TRANSLUCENT
[218月2026 05:36:36.709] [Render thread/WARN] [Iris/]: Found fine program match for minecraft:pipeline/entity_translucent_emissive: HAND_TRANSLUCENT
[218月2026 05:36:36.713] [Render thread/WARN] [Iris/]: Found fine program match for minecraft:pipeline/entity_cutout: HAND_CUTOUT
[218月2026 05:36:36.713] [Render thread/WARN] [Iris/]: Found fine program match for minecraft:pipeline/entity_translucent: HAND_TRANSLUCENT
[218月2026 05:36:36.713] [Render thread/WARN] [Iris/]: Found fine program match for minecraft:pipeline/entity_translucent_emissive: HAND_TRANSLUCENT
[218月2026 05:36:36.717] [Render thread/WARN] [Iris/]: Found fine program match for minecraft:pipeline/entity_cutout: HAND_CUTOUT
[218月2026 05:36:36.717] [Render thread/WARN] [Iris/]: Found fine program match for minecraft:pipeline/entity_translucent: HAND_TRANSLUCENT
[218月2026 05:36:36.717] [Render thread/WARN] [Iris/]: Found fine program match for minecraft:pipeline/entity_translucent_emissive: HAND_TRANSLUCENT
[218月2026 05:36:36.720] [Render thread/WARN] [Iris/]: Found fine program match for minecraft:pipeline/entity_cutout: HAND_CUTOUT
[218月2026 05:36:36.720] [Render thread/WARN] [Iris/]: Found fine program match for minecraft:pipeline/entity_translucent: HAND_TRANSLUCENT
[218月2026 05:36:36.720] [Render thread/WARN] [Iris/]: Found fine program match for minecraft:pipeline/entity_translucent_emissive: HAND_TRANSLUCENT
[218月2026 05:36:36.724] [Render thread/WARN] [Iris/]: Found fine program match for minecraft:pipeline/entity_cutout: HAND_CUTOUT
[218月2026 05:36:36.724] [Render thread/WARN] [Iris/]: Found fine program match for minecraft:pipeline/entity_translucent: HAND_TRANSLUCENT
[218月2026 05:36:36.724] [Render thread/WARN] [Iris/]: Found fine program match for minecraft:pipeline/entity_translucent_emissive: HAND_TRANSLUCENT
[218月2026 05:36:36.730] [Render thread/WARN] [Iris/]: Found fine program match for minecraft:pipeline/entity_cutout: HAND_CUTOUT
[218月2026 05:36:36.730] [Render thread/WARN] [Iris/]: Found fine program match for minecraft:pipeline/entity_translucent: HAND_TRANSLUCENT
[218月2026 05:36:36.730] [Render thread/WARN] [Iris/]: Found fine program match for minecraft:pipeline/entity_translucent_emissive: HAND_TRANSLUCENT
[218月2026 05:36:36.733] [Render thread/WARN] [Iris/]: Found fine program match for minecraft:pipeline/entity_cutout: HAND_CUTOUT
[218月2026 05:36:36.733] [Render thread/WARN] [Iris/]: Found fine program match for minecraft:pipeline/entity_translucent: HAND_TRANSLUCENT
[218月2026 05:36:36.733] [Render thread/WARN] [Iris/]: Found fine program match for minecraft:pipeline/entity_translucent_emissive: HAND_TRANSLUCENT
[218月2026 05:36:36.737] [Render thread/WARN] [Iris/]: Found fine program match for minecraft:pipeline/entity_cutout: HAND_CUTOUT
[218月2026 05:36:36.737] [Render thread/WARN] [Iris/]: Found fine program match for minecraft:pipeline/entity_translucent: HAND_TRANSLUCENT
[218月2026 05:36:36.737] [Render thread/WARN] [Iris/]: Found fine program match for minecraft:pipeline/entity_translucent_emissive: HAND_TRANSLUCENT
[218月2026 05:36:36.741] [Render thread/WARN] [Iris/]: Found fine program match for minecraft:pipeline/entity_cutout: HAND_CUTOUT
[218月2026 05:36:36.741] [Render thread/WARN] [Iris/]: Found fine program match for minecraft:pipeline/entity_translucent: HAND_TRANSLUCENT
[218月2026 05:36:36.741] [Render thread/WARN] [Iris/]: Found fine program match for minecraft:pipeline/entity_translucent_emissive: HAND_TRANSLUCENT
[218月2026 05:36:36.745] [Render thread/WARN] [Iris/]: Found fine program match for minecraft:pipeline/entity_cutout: HAND_CUTOUT
[218月2026 05:36:36.745] [Render thread/WARN] [Iris/]: Found fine program match for minecraft:pipeline/entity_translucent: HAND_TRANSLUCENT
[218月2026 05:36:36.746] [Render thread/WARN] [Iris/]: Found fine program match for minecraft:pipeline/entity_translucent_emissive: HAND_TRANSLUCENT
[218月2026 05:36:36.749] [Render thread/WARN] [Iris/]: Found fine program match for minecraft:pipeline/entity_cutout: HAND_CUTOUT
[218月2026 05:36:36.749] [Render thread/WARN] [Iris/]: Found fine program match for minecraft:pipeline/entity_translucent: HAND_TRANSLUCENT
[218月2026 05:36:36.749] [Render thread/WARN] [Iris/]: Found fine program match for minecraft:pipeline/entity_translucent_emissive: HAND_TRANSLUCENT
[218月2026 05:36:36.753] [Render thread/WARN] [Iris/]: Found fine program match for minecraft:pipeline/entity_cutout: HAND_CUTOUT
[218月2026 05:36:36.753] [Render thread/WARN] [Iris/]: Found fine program match for minecraft:pipeline/entity_translucent: HAND_TRANSLUCENT
[218月2026 05:36:36.753] [Render thread/WARN] [Iris/]: Found fine program match for minecraft:pipeline/entity_translucent_emissive: HAND_TRANSLUCENT
[218月2026 05:36:36.757] [Render thread/WARN] [Iris/]: Found fine program match for minecraft:pipeline/entity_cutout: HAND_CUTOUT
[218月2026 05:36:36.757] [Render thread/WARN] [Iris/]: Found fine program match for minecraft:pipeline/entity_translucent: HAND_TRANSLUCENT
[218月2026 05:36:36.757] [Render thread/WARN] [Iris/]: Found fine program match for minecraft:pipeline/entity_translucent_emissive: HAND_TRANSLUCENT
[218月2026 05:36:36.761] [Render thread/WARN] [Iris/]: Found fine program match for minecraft:pipeline/entity_cutout: HAND_CUTOUT
[218月2026 05:36:36.761] [Render thread/WARN] [Iris/]: Found fine program match for minecraft:pipeline/entity_translucent: HAND_TRANSLUCENT
[218月2026 05:36:36.761] [Render thread/WARN] [Iris/]: Found fine program match for minecraft:pipeline/entity_translucent_emissive: HAND_TRANSLUCENT
[218月2026 05:36:36.765] [Render thread/WARN] [Iris/]: Found fine program match for minecraft:pipeline/entity_cutout: HAND_CUTOUT
[218月2026 05:36:36.765] [Render thread/WARN] [Iris/]: Found fine program match for minecraft:pipeline/entity_translucent: HAND_TRANSLUCENT
[218月2026 05:36:36.765] [Render thread/WARN] [Iris/]: Found fine program match for minecraft:pipeline/entity_translucent_emissive: HAND_TRANSLUCENT
[218月2026 05:36:36.769] [Render thread/WARN] [Iris/]: Found fine program match for minecraft:pipeline/entity_cutout: HAND_CUTOUT
[218月2026 05:36:36.769] [Render thread/WARN] [Iris/]: Found fine program match for minecraft:pipeline/entity_translucent: HAND_TRANSLUCENT
[218月2026 05:36:36.769] [Render thread/WARN] [Iris/]: Found fine program match for minecraft:pipeline/entity_translucent_emissive: HAND_TRANSLUCENT
[218月2026 05:36:36.773] [Render thread/WARN] [Iris/]: Found fine program match for minecraft:pipeline/entity_cutout: HAND_CUTOUT
[218月2026 05:36:36.773] [Render thread/WARN] [Iris/]: Found fine program match for minecraft:pipeline/entity_translucent: HAND_TRANSLUCENT
[218月2026 05:36:36.773] [Render thread/WARN] [Iris/]: Found fine program match for minecraft:pipeline/entity_translucent_emissive: HAND_TRANSLUCENT
[218月2026 05:36:36.779] [Render thread/WARN] [Iris/]: Found fine program match for minecraft:pipeline/entity_cutout: HAND_CUTOUT
[218月2026 05:36:36.779] [Render thread/WARN] [Iris/]: Found fine program match for minecraft:pipeline/entity_translucent: HAND_TRANSLUCENT
[218月2026 05:36:36.779] [Render thread/WARN] [Iris/]: Found fine program match for minecraft:pipeline/entity_translucent_emissive: HAND_TRANSLUCENT
[218月2026 05:36:36.782] [Render thread/WARN] [Iris/]: Found fine program match for minecraft:pipeline/entity_cutout: HAND_CUTOUT
[218月2026 05:36:36.782] [Render thread/WARN] [Iris/]: Found fine program match for minecraft:pipeline/entity_translucent: HAND_TRANSLUCENT
[218月2026 05:36:36.782] [Render thread/WARN] [Iris/]: Found fine program match for minecraft:pipeline/entity_translucent_emissive: HAND_TRANSLUCENT
[218月2026 05:36:36.786] [Render thread/WARN] [Iris/]: Found fine program match for minecraft:pipeline/entity_cutout: HAND_CUTOUT
[218月2026 05:36:36.786] [Render thread/WARN] [Iris/]: Found fine program match for minecraft:pipeline/entity_translucent: HAND_TRANSLUCENT
[218月2026 05:36:36.786] [Render thread/WARN] [Iris/]: Found fine program match for minecraft:pipeline/entity_translucent_emissive: HAND_TRANSLUCENT
[218月2026 05:36:36.790] [Render thread/WARN] [Iris/]: Found fine program match for minecraft:pipeline/entity_cutout: HAND_CUTOUT
[218月2026 05:36:36.790] [Render thread/WARN] [Iris/]: Found fine program match for minecraft:pipeline/entity_translucent: HAND_TRANSLUCENT
[218月2026 05:36:36.790] [Render thread/WARN] [Iris/]: Found fine program match for minecraft:pipeline/entity_translucent_emissive: HAND_TRANSLUCENT
[218月2026 05:36:36.794] [Render thread/WARN] [Iris/]: Found fine program match for minecraft:pipeline/entity_cutout: HAND_CUTOUT
[218月2026 05:36:36.794] [Render thread/WARN] [Iris/]: Found fine program match for minecraft:pipeline/entity_translucent: HAND_TRANSLUCENT
[218月2026 05:36:36.794] [Render thread/WARN] [Iris/]: Found fine program match for minecraft:pipeline/entity_translucent_emissive: HAND_TRANSLUCENT
[218月2026 05:36:36.797] [Render thread/WARN] [Iris/]: Found fine program match for minecraft:pipeline/entity_cutout: HAND_CUTOUT
[218月2026 05:36:36.797] [Render thread/WARN] [Iris/]: Found fine program match for minecraft:pipeline/entity_translucent: HAND_TRANSLUCENT
[218月2026 05:36:36.797] [Render thread/WARN] [Iris/]: Found fine program match for minecraft:pipeline/entity_translucent_emissive: HAND_TRANSLUCENT
[218月2026 05:36:36.802] [Render thread/WARN] [Iris/]: Found fine program match for minecraft:pipeline/entity_cutout: HAND_CUTOUT
[218月2026 05:36:36.802] [Render thread/WARN] [Iris/]: Found fine program match for minecraft:pipeline/entity_translucent: HAND_TRANSLUCENT
[218月2026 05:36:36.802] [Render thread/WARN] [Iris/]: Found fine program match for minecraft:pipeline/entity_translucent_emissive: HAND_TRANSLUCENT
[218月2026 05:36:36.806] [Render thread/WARN] [Iris/]: Found fine program match for minecraft:pipeline/entity_cutout: HAND_CUTOUT
[218月2026 05:36:36.806] [Render thread/WARN] [Iris/]: Found fine program match for minecraft:pipeline/entity_translucent: HAND_TRANSLUCENT
[218月2026 05:36:36.806] [Render thread/WARN] [Iris/]: Found fine program match for minecraft:pipeline/entity_translucent_emissive: HAND_TRANSLUCENT
[218月2026 05:36:36.810] [Render thread/WARN] [Iris/]: Found fine program match for minecraft:pipeline/entity_cutout: HAND_CUTOUT
[218月2026 05:36:36.810] [Render thread/WARN] [Iris/]: Found fine program match for minecraft:pipeline/entity_translucent: HAND_TRANSLUCENT
[218月2026 05:36:36.810] [Render thread/WARN] [Iris/]: Found fine program match for minecraft:pipeline/entity_translucent_emissive: HAND_TRANSLUCENT
[218月2026 05:36:36.814] [Render thread/WARN] [Iris/]: Found fine program match for minecraft:pipeline/entity_cutout: HAND_CUTOUT
[218月2026 05:36:36.814] [Render thread/WARN] [Iris/]: Found fine program match for minecraft:pipeline/entity_translucent: HAND_TRANSLUCENT
[218月2026 05:36:36.814] [Render thread/WARN] [Iris/]: Found fine program match for minecraft:pipeline/entity_translucent_emissive: HAND_TRANSLUCENT
[218月2026 05:36:36.817] [Render thread/WARN] [Iris/]: Found fine program match for minecraft:pipeline/entity_cutout: HAND_CUTOUT
[218月2026 05:36:36.817] [Render thread/WARN] [Iris/]: Found fine program match for minecraft:pipeline/entity_translucent: HAND_TRANSLUCENT
[218月2026 05:36:36.817] [Render thread/WARN] [Iris/]: Found fine program match for minecraft:pipeline/entity_translucent_emissive: HAND_TRANSLUCENT
[218月2026 05:36:36.822] [Render thread/WARN] [Iris/]: Found fine program match for minecraft:pipeline/entity_cutout: HAND_CUTOUT
[218月2026 05:36:36.822] [Render thread/WARN] [Iris/]: Found fine program match for minecraft:pipeline/entity_translucent: HAND_TRANSLUCENT
[218月2026 05:36:36.822] [Render thread/WARN] [Iris/]: Found fine program match for minecraft:pipeline/entity_translucent_emissive: HAND_TRANSLUCENT
[218月2026 05:36:36.827] [Render thread/WARN] [Iris/]: Found fine program match for minecraft:pipeline/entity_cutout: HAND_CUTOUT
[218月2026 05:36:36.827] [Render thread/WARN] [Iris/]: Found fine program match for minecraft:pipeline/entity_translucent: HAND_TRANSLUCENT
[218月2026 05:36:36.827] [Render thread/WARN] [Iris/]: Found fine program match for minecraft:pipeline/entity_translucent_emissive: HAND_TRANSLUCENT
[218月2026 05:36:36.832] [Render thread/INFO] [Iris/]: Destroying pipeline minecraft:overworld
[218月2026 05:36:36.970] [Render thread/INFO] [Iris/]: Profile: Custom (+2 options changed by user)
[218月2026 05:36:37.351] [Render thread/INFO] [Iris/]: Using shaderpack: ComplementaryUnbound_r5.8.1.zip
[218月2026 05:36:37.351] [Render thread/INFO] [Iris/]: Creating pipeline for dimension minecraft:overworld
[218月2026 05:36:38.373] [Render thread/INFO] [com.tacz.guns.GunMod/]: [TACZ Scope] Injected dormant depth-restore and ocular-mask branches into Iris hand shaders.
[218月2026 05:36:38.970] [Render thread/INFO] [ChunkBuilder/]: Stopping worker threads
[218月2026 05:36:38.979] [Render thread/INFO] [ChunkBuilder/]: Started 10 worker threads
[218月2026 05:36:38.986] [Render thread/INFO] [net.minecraft.client.gui.components.ChatComponent/]: [System] [CHAT] 光影包已切换到 ComplementaryUnbound_r5.8.1.zip！
[218月2026 05:36:38.995] [Render thread/WARN] [Iris/]: Error while parsing the block ID map entry for "block.10104":
[218月2026 05:36:38.995] [Render thread/WARN] [Iris/]: - The block minecraft:stone_slab has no property with the name variant, ignoring!
[218月2026 05:36:39.007] [Render thread/INFO] [ChunkBuilder/]: Stopping worker threads
[218月2026 05:36:39.012] [Render thread/INFO] [ChunkBuilder/]: Started 10 worker threads
[218月2026 05:36:39.035] [Render thread/WARN] [Iris/]: Found perfect program match for minecraft:pipeline/entity_cutout: HAND_CUTOUT
[218月2026 05:36:39.035] [Render thread/WARN] [Iris/]: Found perfect program match for minecraft:pipeline/entity_translucent: HAND_TRANSLUCENT
[218月2026 05:36:39.035] [Render thread/WARN] [Iris/]: Found perfect program match for minecraft:pipeline/entity_translucent_emissive: HAND_TRANSLUCENT
[218月2026 05:36:39.134] [Render thread/INFO] [Iris/]: Created: 4096x2048x4 minecraft:textures/atlas/blocks_n.png-atlas
[218月2026 05:36:39.137] [Render thread/INFO] [Iris/]: Created: 4096x2048x4 minecraft:textures/atlas/blocks_s.png-atlas
[218月2026 05:36:39.147] [Render thread/WARN] [Iris/]: Found perfect program match for minecraft:pipeline/entity_cutout: HAND_CUTOUT
[218月2026 05:36:39.147] [Render thread/WARN] [Iris/]: Found perfect program match for minecraft:pipeline/entity_translucent: HAND_TRANSLUCENT
[218月2026 05:36:39.147] [Render thread/WARN] [Iris/]: Found perfect program match for minecraft:pipeline/entity_translucent_emissive: HAND_TRANSLUCENT
[218月2026 05:36:39.167] [Render thread/WARN] [Iris/]: Found perfect program match for minecraft:pipeline/entity_cutout: HAND_CUTOUT
[218月2026 05:36:39.167] [Render thread/WARN] [Iris/]: Found perfect program match for minecraft:pipeline/entity_translucent: HAND_TRANSLUCENT
[218月2026 05:36:39.168] [Render thread/WARN] [Iris/]: Found perfect program match for minecraft:pipeline/entity_translucent_emissive: HAND_TRANSLUCENT
[218月2026 05:36:39.186] [Render thread/WARN] [Iris/]: Found perfect program match for minecraft:pipeline/entity_cutout: HAND_CUTOUT
[218月2026 05:36:39.186] [Render thread/WARN] [Iris/]: Found perfect program match for minecraft:pipeline/entity_translucent: HAND_TRANSLUCENT
[218月2026 05:36:39.186] [Render thread/WARN] [Iris/]: Found perfect program match for minecraft:pipeline/entity_translucent_emissive: HAND_TRANSLUCENT
[218月2026 05:36:39.198] [Render thread/WARN] [Iris/]: Found perfect program match for minecraft:pipeline/entity_cutout: HAND_CUTOUT
[218月2026 05:36:39.198] [Render thread/WARN] [Iris/]: Found perfect program match for minecraft:pipeline/entity_translucent: HAND_TRANSLUCENT
[218月2026 05:36:39.198] [Render thread/WARN] [Iris/]: Found perfect program match for minecraft:pipeline/entity_translucent_emissive: HAND_TRANSLUCENT
[218月2026 05:36:39.221] [Render thread/INFO] [Iris/]: Created: 1024x512x0 minecraft:textures/atlas/items_n.png-atlas
[218月2026 05:36:39.222] [Render thread/INFO] [Iris/]: Created: 1024x512x0 minecraft:textures/atlas/items_s.png-atlas
[218月2026 05:36:39.228] [Render thread/WARN] [Iris/]: Found perfect program match for minecraft:pipeline/entity_cutout: HAND_CUTOUT
[218月2026 05:36:39.228] [Render thread/WARN] [Iris/]: Found perfect program match for minecraft:pipeline/entity_translucent: HAND_TRANSLUCENT
[218月2026 05:36:39.228] [Render thread/WARN] [Iris/]: Found perfect program match for minecraft:pipeline/entity_translucent_emissive: HAND_TRANSLUCENT
[218月2026 05:36:39.243] [Render thread/WARN] [Iris/]: Found perfect program match for minecraft:pipeline/entity_cutout: HAND_CUTOUT
[218月2026 05:36:39.243] [Render thread/WARN] [Iris/]: Found perfect program match for minecraft:pipeline/entity_translucent: HAND_TRANSLUCENT
[218月2026 05:36:39.243] [Render thread/WARN] [Iris/]: Found perfect program match for minecraft:pipeline/entity_translucent_emissive: HAND_TRANSLUCENT
[218月2026 05:36:39.254] [Render thread/WARN] [Iris/]: Found perfect program match for minecraft:pipeline/entity_cutout: HAND_CUTOUT
[218月2026 05:36:39.254] [Render thread/WARN] [Iris/]: Found perfect program match for minecraft:pipeline/entity_translucent: HAND_TRANSLUCENT
[218月2026 05:36:39.254] [Render thread/WARN] [Iris/]: Found perfect program match for minecraft:pipeline/entity_translucent_emissive: HAND_TRANSLUCENT
[218月2026 05:36:39.266] [Render thread/WARN] [Iris/]: Found perfect program match for minecraft:pipeline/entity_cutout: HAND_CUTOUT
[218月2026 05:36:39.266] [Render thread/WARN] [Iris/]: Found perfect program match for minecraft:pipeline/entity_translucent: HAND_TRANSLUCENT
[218月2026 05:36:39.266] [Render thread/WARN] [Iris/]: Found perfect program match for minecraft:pipeline/entity_translucent_emissive: HAND_TRANSLUCENT
[218月2026 05:36:39.278] [Render thread/WARN] [Iris/]: Found perfect program match for minecraft:pipeline/entity_cutout: HAND_CUTOUT
[218月2026 05:36:39.278] [Render thread/WARN] [Iris/]: Found perfect program match for minecraft:pipeline/entity_translucent: HAND_TRANSLUCENT
[218月2026 05:36:39.278] [Render thread/WARN] [Iris/]: Found perfect program match for minecraft:pipeline/entity_translucent_emissive: HAND_TRANSLUCENT
[218月2026 05:36:39.291] [Render thread/WARN] [Iris/]: Found perfect program match for minecraft:pipeline/entity_cutout: HAND_CUTOUT
[218月2026 05:36:39.291] [Render thread/WARN] [Iris/]: Found perfect program match for minecraft:pipeline/entity_translucent: HAND_TRANSLUCENT
[218月2026 05:36:39.291] [Render thread/WARN] [Iris/]: Found perfect program match for minecraft:pipeline/entity_translucent_emissive: HAND_TRANSLUCENT
[218月2026 05:36:39.302] [Render thread/WARN] [Iris/]: Found perfect program match for minecraft:pipeline/entity_cutout: HAND_CUTOUT
[218月2026 05:36:39.302] [Render thread/WARN] [Iris/]: Found perfect program match for minecraft:pipeline/entity_translucent: HAND_TRANSLUCENT
[218月2026 05:36:39.302] [Render thread/WARN] [Iris/]: Found perfect program match for minecraft:pipeline/entity_translucent_emissive: HAND_TRANSLUCENT
[218月2026 05:36:39.314] [Render thread/WARN] [Iris/]: Found perfect program match for minecraft:pipeline/entity_cutout: HAND_CUTOUT
[218月2026 05:36:39.314] [Render thread/WARN] [Iris/]: Found perfect program match for minecraft:pipeline/entity_translucent: HAND_TRANSLUCENT
[218月2026 05:36:39.314] [Render thread/WARN] [Iris/]: Found perfect program match for minecraft:pipeline/entity_translucent_emissive: HAND_TRANSLUCENT
[218月2026 05:36:39.325] [Render thread/WARN] [Iris/]: Found perfect program match for minecraft:pipeline/entity_cutout: HAND_CUTOUT
[218月2026 05:36:39.325] [Render thread/WARN] [Iris/]: Found perfect program match for minecraft:pipeline/entity_translucent: HAND_TRANSLUCENT
[218月2026 05:36:39.325] [Render thread/WARN] [Iris/]: Found perfect program match for minecraft:pipeline/entity_translucent_emissive: HAND_TRANSLUCENT
[218月2026 05:36:39.339] [Render thread/WARN] [Iris/]: Found perfect program match for minecraft:pipeline/entity_cutout: HAND_CUTOUT
[218月2026 05:36:39.339] [Render thread/WARN] [Iris/]: Found perfect program match for minecraft:pipeline/entity_translucent: HAND_TRANSLUCENT
[218月2026 05:36:39.339] [Render thread/WARN] [Iris/]: Found perfect program match for minecraft:pipeline/entity_translucent_emissive: HAND_TRANSLUCENT
[218月2026 05:36:39.350] [Render thread/WARN] [Iris/]: Found perfect program match for minecraft:pipeline/entity_cutout: HAND_CUTOUT
[218月2026 05:36:39.350] [Render thread/WARN] [Iris/]: Found perfect program match for minecraft:pipeline/entity_translucent: HAND_TRANSLUCENT
[218月2026 05:36:39.350] [Render thread/WARN] [Iris/]: Found perfect program match for minecraft:pipeline/entity_translucent_emissive: HAND_TRANSLUCENT
[218月2026 05:36:39.362] [Render thread/WARN] [Iris/]: Found perfect program match for minecraft:pipeline/entity_cutout: HAND_CUTOUT
[218月2026 05:36:39.362] [Render thread/WARN] [Iris/]: Found perfect program match for minecraft:pipeline/entity_translucent: HAND_TRANSLUCENT
[218月2026 05:36:39.362] [Render thread/WARN] [Iris/]: Found perfect program match for minecraft:pipeline/entity_translucent_emissive: HAND_TRANSLUCENT
[218月2026 05:36:39.372] [Render thread/WARN] [Iris/]: Found perfect program match for minecraft:pipeline/entity_cutout: HAND_CUTOUT
[218月2026 05:36:39.373] [Render thread/WARN] [Iris/]: Found perfect program match for minecraft:pipeline/entity_translucent: HAND_TRANSLUCENT
[218月2026 05:36:39.373] [Render thread/WARN] [Iris/]: Found perfect program match for minecraft:pipeline/entity_translucent_emissive: HAND_TRANSLUCENT
[218月2026 05:36:39.387] [Render thread/WARN] [Iris/]: Found perfect program match for minecraft:pipeline/entity_cutout: HAND_CUTOUT
[218月2026 05:36:39.387] [Render thread/WARN] [Iris/]: Found perfect program match for minecraft:pipeline/entity_translucent: HAND_TRANSLUCENT
[218月2026 05:36:39.387] [Render thread/WARN] [Iris/]: Found perfect program match for minecraft:pipeline/entity_translucent_emissive: HAND_TRANSLUCENT
[218月2026 05:36:39.399] [Render thread/WARN] [Iris/]: Found perfect program match for minecraft:pipeline/entity_cutout: HAND_CUTOUT
[218月2026 05:36:39.399] [Render thread/WARN] [Iris/]: Found perfect program match for minecraft:pipeline/entity_translucent: HAND_TRANSLUCENT
[218月2026 05:36:39.399] [Render thread/WARN] [Iris/]: Found perfect program match for minecraft:pipeline/entity_translucent_emissive: HAND_TRANSLUCENT
[218月2026 05:36:39.410] [Render thread/WARN] [Iris/]: Found perfect program match for minecraft:pipeline/entity_cutout: HAND_CUTOUT
[218月2026 05:36:39.410] [Render thread/WARN] [Iris/]: Found perfect program match for minecraft:pipeline/entity_translucent: HAND_TRANSLUCENT
[218月2026 05:36:39.410] [Render thread/WARN] [Iris/]: Found perfect program match for minecraft:pipeline/entity_translucent_emissive: HAND_TRANSLUCENT
[218月2026 05:36:39.420] [Render thread/WARN] [Iris/]: Found perfect program match for minecraft:pipeline/entity_cutout: HAND_CUTOUT
[218月2026 05:36:39.420] [Render thread/WARN] [Iris/]: Found perfect program match for minecraft:pipeline/entity_translucent: HAND_TRANSLUCENT
[218月2026 05:36:39.421] [Render thread/WARN] [Iris/]: Found perfect program match for minecraft:pipeline/entity_translucent_emissive: HAND_TRANSLUCENT
[218月2026 05:36:39.432] [Render thread/WARN] [Iris/]: Found perfect program match for minecraft:pipeline/entity_cutout: HAND_CUTOUT
[218月2026 05:36:39.432] [Render thread/WARN] [Iris/]: Found perfect program match for minecraft:pipeline/entity_translucent: HAND_TRANSLUCENT
[218月2026 05:36:39.432] [Render thread/WARN] [Iris/]: Found perfect program match for minecraft:pipeline/entity_translucent_emissive: HAND_TRANSLUCENT
[218月2026 05:36:39.441] [Render thread/WARN] [Iris/]: Found perfect program match for minecraft:pipeline/entity_cutout: HAND_CUTOUT
[218月2026 05:36:39.441] [Render thread/WARN] [Iris/]: Found perfect program match for minecraft:pipeline/entity_translucent: HAND_TRANSLUCENT
[218月2026 05:36:39.442] [Render thread/WARN] [Iris/]: Found perfect program match for minecraft:pipeline/entity_translucent_emissive: HAND_TRANSLUCENT
[218月2026 05:36:39.451] [Render thread/WARN] [Iris/]: Found perfect program match for minecraft:pipeline/entity_cutout: HAND_CUTOUT
[218月2026 05:36:39.452] [Render thread/WARN] [Iris/]: Found perfect program match for minecraft:pipeline/entity_translucent: HAND_TRANSLUCENT
[218月2026 05:36:39.452] [Render thread/WARN] [Iris/]: Found perfect program match for minecraft:pipeline/entity_translucent_emissive: HAND_TRANSLUCENT
[218月2026 05:36:39.462] [Render thread/WARN] [Iris/]: Found perfect program match for minecraft:pipeline/entity_cutout: HAND_CUTOUT
[218月2026 05:36:39.462] [Render thread/WARN] [Iris/]: Found perfect program match for minecraft:pipeline/entity_translucent: HAND_TRANSLUCENT
[218月2026 05:36:39.462] [Render thread/WARN] [Iris/]: Found perfect program match for minecraft:pipeline/entity_translucent_emissive: HAND_TRANSLUCENT
[218月2026 05:36:39.472] [Render thread/WARN] [Iris/]: Found perfect program match for minecraft:pipeline/entity_cutout: HAND_CUTOUT
[218月2026 05:36:39.473] [Render thread/WARN] [Iris/]: Found perfect program match for minecraft:pipeline/entity_translucent: HAND_TRANSLUCENT
[218月2026 05:36:39.473] [Render thread/WARN] [Iris/]: Found perfect program match for minecraft:pipeline/entity_translucent_emissive: HAND_TRANSLUCENT
[218月2026 05:36:39.482] [Render thread/WARN] [Iris/]: Found perfect program match for minecraft:pipeline/entity_cutout: HAND_CUTOUT
[218月2026 05:36:39.482] [Render thread/WARN] [Iris/]: Found perfect program match for minecraft:pipeline/entity_translucent: HAND_TRANSLUCENT
[218月2026 05:36:39.482] [Render thread/WARN] [Iris/]: Found perfect program match for minecraft:pipeline/entity_translucent_emissive: HAND_TRANSLUCENT
[218月2026 05:36:39.492] [Render thread/WARN] [Iris/]: Found perfect program match for minecraft:pipeline/entity_cutout: HAND_CUTOUT
[218月2026 05:36:39.492] [Render thread/WARN] [Iris/]: Found perfect program match for minecraft:pipeline/entity_translucent: HAND_TRANSLUCENT
[218月2026 05:36:39.492] [Render thread/WARN] [Iris/]: Found perfect program match for minecraft:pipeline/entity_translucent_emissive: HAND_TRANSLUCENT
[218月2026 05:36:39.501] [Render thread/WARN] [Iris/]: Found perfect program match for minecraft:pipeline/entity_cutout: HAND_CUTOUT
[218月2026 05:36:39.501] [Render thread/WARN] [Iris/]: Found perfect program match for minecraft:pipeline/entity_translucent: HAND_TRANSLUCENT
[218月2026 05:36:39.501] [Render thread/WARN] [Iris/]: Found perfect program match for minecraft:pipeline/entity_translucent_emissive: HAND_TRANSLUCENT
[218月2026 05:36:39.510] [Render thread/WARN] [Iris/]: Found perfect program match for minecraft:pipeline/entity_cutout: HAND_CUTOUT
[218月2026 05:36:39.510] [Render thread/WARN] [Iris/]: Found perfect program match for minecraft:pipeline/entity_translucent: HAND_TRANSLUCENT
[218月2026 05:36:39.510] [Render thread/WARN] [Iris/]: Found perfect program match for minecraft:pipeline/entity_translucent_emissive: HAND_TRANSLUCENT
[218月2026 05:36:39.519] [Render thread/WARN] [Iris/]: Found perfect program match for minecraft:pipeline/entity_cutout: HAND_CUTOUT
[218月2026 05:36:39.519] [Render thread/WARN] [Iris/]: Found perfect program match for minecraft:pipeline/entity_translucent: HAND_TRANSLUCENT
[218月2026 05:36:39.519] [Render thread/WARN] [Iris/]: Found perfect program match for minecraft:pipeline/entity_translucent_emissive: HAND_TRANSLUCENT
[218月2026 05:36:39.526] [Render thread/WARN] [Iris/]: Found perfect program match for minecraft:pipeline/entity_cutout: HAND_CUTOUT
[218月2026 05:36:39.526] [Render thread/WARN] [Iris/]: Found perfect program match for minecraft:pipeline/entity_translucent: HAND_TRANSLUCENT
[218月2026 05:36:39.526] [Render thread/WARN] [Iris/]: Found perfect program match for minecraft:pipeline/entity_translucent_emissive: HAND_TRANSLUCENT
[218月2026 05:36:39.534] [Render thread/WARN] [Iris/]: Found perfect program match for minecraft:pipeline/entity_cutout: HAND_CUTOUT
[218月2026 05:36:39.534] [Render thread/WARN] [Iris/]: Found perfect program match for minecraft:pipeline/entity_translucent: HAND_TRANSLUCENT
[218月2026 05:36:39.534] [Render thread/WARN] [Iris/]: Found perfect program match for minecraft:pipeline/entity_translucent_emissive: HAND_TRANSLUCENT
[218月2026 05:36:39.544] [Render thread/WARN] [Iris/]: Found perfect program match for minecraft:pipeline/entity_cutout: HAND_CUTOUT
[218月2026 05:36:39.544] [Render thread/WARN] [Iris/]: Found perfect program match for minecraft:pipeline/entity_translucent: HAND_TRANSLUCENT
[218月2026 05:36:39.544] [Render thread/WARN] [Iris/]: Found perfect program match for minecraft:pipeline/entity_translucent_emissive: HAND_TRANSLUCENT
[218月2026 05:36:39.549] [Render thread/WARN] [Iris/]: Found perfect program match for minecraft:pipeline/entity_cutout: HAND_CUTOUT
[218月2026 05:36:39.549] [Render thread/WARN] [Iris/]: Found perfect program match for minecraft:pipeline/entity_translucent: HAND_TRANSLUCENT
[218月2026 05:36:39.549] [Render thread/WARN] [Iris/]: Found perfect program match for minecraft:pipeline/entity_translucent_emissive: HAND_TRANSLUCENT
[218月2026 05:36:39.554] [Render thread/WARN] [Iris/]: Found perfect program match for minecraft:pipeline/entity_cutout: HAND_CUTOUT
[218月2026 05:36:39.554] [Render thread/WARN] [Iris/]: Found perfect program match for minecraft:pipeline/entity_translucent: HAND_TRANSLUCENT
[218月2026 05:36:39.554] [Render thread/WARN] [Iris/]: Found perfect program match for minecraft:pipeline/entity_translucent_emissive: HAND_TRANSLUCENT
[218月2026 05:36:39.560] [Render thread/WARN] [Iris/]: Found perfect program match for minecraft:pipeline/entity_cutout: HAND_CUTOUT
[218月2026 05:36:39.560] [Render thread/WARN] [Iris/]: Found perfect program match for minecraft:pipeline/entity_translucent: HAND_TRANSLUCENT
[218月2026 05:36:39.560] [Render thread/WARN] [Iris/]: Found perfect program match for minecraft:pipeline/entity_translucent_emissive: HAND_TRANSLUCENT
[218月2026 05:36:39.565] [Render thread/WARN] [Iris/]: Found perfect program match for minecraft:pipeline/entity_cutout: HAND_CUTOUT
[218月2026 05:36:39.565] [Render thread/WARN] [Iris/]: Found perfect program match for minecraft:pipeline/entity_translucent: HAND_TRANSLUCENT
[218月2026 05:36:39.565] [Render thread/WARN] [Iris/]: Found perfect program match for minecraft:pipeline/entity_translucent_emissive: HAND_TRANSLUCENT
[218月2026 05:36:39.570] [Render thread/WARN] [Iris/]: Found perfect program match for minecraft:pipeline/entity_cutout: HAND_CUTOUT
[218月2026 05:36:39.571] [Render thread/WARN] [Iris/]: Found perfect program match for minecraft:pipeline/entity_translucent: HAND_TRANSLUCENT
[218月2026 05:36:39.571] [Render thread/WARN] [Iris/]: Found perfect program match for minecraft:pipeline/entity_translucent_emissive: HAND_TRANSLUCENT
[218月2026 05:36:39.587] [Render thread/WARN] [Iris/]: Found perfect program match for minecraft:pipeline/entity_cutout: HAND_CUTOUT
[218月2026 05:36:39.588] [Render thread/WARN] [Iris/]: Found perfect program match for minecraft:pipeline/entity_translucent: HAND_TRANSLUCENT
[218月2026 05:36:39.588] [Render thread/WARN] [Iris/]: Found perfect program match for minecraft:pipeline/entity_translucent_emissive: HAND_TRANSLUCENT
[218月2026 05:36:39.601] [Render thread/WARN] [Iris/]: Found perfect program match for minecraft:pipeline/entity_cutout: HAND_CUTOUT
[218月2026 05:36:39.601] [Render thread/WARN] [Iris/]: Found perfect program match for minecraft:pipeline/entity_translucent: HAND_TRANSLUCENT
[218月2026 05:36:39.601] [Render thread/WARN] [Iris/]: Found perfect program match for minecraft:pipeline/entity_translucent_emissive: HAND_TRANSLUCENT
[218月2026 05:36:39.611] [Render thread/WARN] [Iris/]: Found perfect program match for minecraft:pipeline/entity_cutout: HAND_CUTOUT
[218月2026 05:36:39.611] [Render thread/WARN] [Iris/]: Found perfect program match for minecraft:pipeline/entity_translucent: HAND_TRANSLUCENT
[218月2026 05:36:39.611] [Render thread/WARN] [Iris/]: Found perfect program match for minecraft:pipeline/entity_translucent_emissive: HAND_TRANSLUCENT
[218月2026 05:36:39.619] [Render thread/WARN] [Iris/]: Found perfect program match for minecraft:pipeline/entity_cutout: HAND_CUTOUT
[218月2026 05:36:39.619] [Render thread/WARN] [Iris/]: Found perfect program match for minecraft:pipeline/entity_translucent: HAND_TRANSLUCENT
[218月2026 05:36:39.619] [Render thread/WARN] [Iris/]: Found perfect program match for minecraft:pipeline/entity_translucent_emissive: HAND_TRANSLUCENT
[218月2026 05:36:39.627] [Render thread/WARN] [Iris/]: Found perfect program match for minecraft:pipeline/entity_cutout: HAND_CUTOUT
[218月2026 05:36:39.627] [Render thread/WARN] [Iris/]: Found perfect program match for minecraft:pipeline/entity_translucent: HAND_TRANSLUCENT
[218月2026 05:36:39.627] [Render thread/WARN] [Iris/]: Found perfect program match for minecraft:pipeline/entity_translucent_emissive: HAND_TRANSLUCENT
[218月2026 05:36:39.636] [Render thread/WARN] [Iris/]: Found perfect program match for minecraft:pipeline/entity_cutout: HAND_CUTOUT
[218月2026 05:36:39.637] [Render thread/WARN] [Iris/]: Found perfect program match for minecraft:pipeline/entity_translucent: HAND_TRANSLUCENT
[218月2026 05:36:39.637] [Render thread/WARN] [Iris/]: Found perfect program match for minecraft:pipeline/entity_translucent_emissive: HAND_TRANSLUCENT
[218月2026 05:36:39.647] [Render thread/WARN] [Iris/]: Found perfect program match for minecraft:pipeline/entity_cutout: HAND_CUTOUT
[218月2026 05:36:39.647] [Render thread/WARN] [Iris/]: Found perfect program match for minecraft:pipeline/entity_translucent: HAND_TRANSLUCENT
[218月2026 05:36:39.647] [Render thread/WARN] [Iris/]: Found perfect program match for minecraft:pipeline/entity_translucent_emissive: HAND_TRANSLUCENT
[218月2026 05:36:39.656] [Render thread/WARN] [Iris/]: Found perfect program match for minecraft:pipeline/entity_cutout: HAND_CUTOUT
[218月2026 05:36:39.656] [Render thread/WARN] [Iris/]: Found perfect program match for minecraft:pipeline/entity_translucent: HAND_TRANSLUCENT
[218月2026 05:36:39.656] [Render thread/WARN] [Iris/]: Found perfect program match for minecraft:pipeline/entity_translucent_emissive: HAND_TRANSLUCENT
[218月2026 05:36:39.665] [Render thread/WARN] [Iris/]: Found perfect program match for minecraft:pipeline/entity_cutout: HAND_CUTOUT
[218月2026 05:36:39.665] [Render thread/WARN] [Iris/]: Found perfect program match for minecraft:pipeline/entity_translucent: HAND_TRANSLUCENT
[218月2026 05:36:39.666] [Render thread/WARN] [Iris/]: Found perfect program match for minecraft:pipeline/entity_translucent_emissive: HAND_TRANSLUCENT
[218月2026 05:36:39.674] [Render thread/WARN] [Iris/]: Found perfect program match for minecraft:pipeline/entity_cutout: HAND_CUTOUT
[218月2026 05:36:39.674] [Render thread/WARN] [Iris/]: Found perfect program match for minecraft:pipeline/entity_translucent: HAND_TRANSLUCENT
[218月2026 05:36:39.674] [Render thread/WARN] [Iris/]: Found perfect program match for minecraft:pipeline/entity_translucent_emissive: HAND_TRANSLUCENT
[218月2026 05:36:39.685] [Render thread/WARN] [Iris/]: Found perfect program match for minecraft:pipeline/entity_cutout: HAND_CUTOUT
[218月2026 05:36:39.685] [Render thread/WARN] [Iris/]: Found perfect program match for minecraft:pipeline/entity_translucent: HAND_TRANSLUCENT
[218月2026 05:36:39.685] [Render thread/WARN] [Iris/]: Found perfect program match for minecraft:pipeline/entity_translucent_emissive: HAND_TRANSLUCENT
[218月2026 05:36:39.693] [Render thread/WARN] [Iris/]: Found perfect program match for minecraft:pipeline/entity_cutout: HAND_CUTOUT
[218月2026 05:36:39.693] [Render thread/WARN] [Iris/]: Found perfect program match for minecraft:pipeline/entity_translucent: HAND_TRANSLUCENT
[218月2026 05:36:39.693] [Render thread/WARN] [Iris/]: Found perfect program match for minecraft:pipeline/entity_translucent_emissive: HAND_TRANSLUCENT
[218月2026 05:36:39.700] [Render thread/WARN] [Iris/]: Found perfect program match for minecraft:pipeline/entity_cutout: HAND_CUTOUT
[218月2026 05:36:39.700] [Render thread/WARN] [Iris/]: Found perfect program match for minecraft:pipeline/entity_translucent: HAND_TRANSLUCENT
[218月2026 05:36:39.701] [Render thread/WARN] [Iris/]: Found perfect program match for minecraft:pipeline/entity_translucent_emissive: HAND_TRANSLUCENT
[218月2026 05:36:39.706] [Render thread/WARN] [Iris/]: Found perfect program match for minecraft:pipeline/entity_cutout: HAND_CUTOUT
[218月2026 05:36:39.707] [Render thread/WARN] [Iris/]: Found perfect program match for minecraft:pipeline/entity_translucent: HAND_TRANSLUCENT
[218月2026 05:36:39.707] [Render thread/WARN] [Iris/]: Found perfect program match for minecraft:pipeline/entity_translucent_emissive: HAND_TRANSLUCENT
[218月2026 05:36:39.713] [Render thread/WARN] [Iris/]: Found perfect program match for minecraft:pipeline/entity_cutout: HAND_CUTOUT
[218月2026 05:36:39.714] [Render thread/WARN] [Iris/]: Found perfect program match for minecraft:pipeline/entity_translucent: HAND_TRANSLUCENT
[218月2026 05:36:39.714] [Render thread/WARN] [Iris/]: Found perfect program match for minecraft:pipeline/entity_translucent_emissive: HAND_TRANSLUCENT
[218月2026 05:36:39.722] [Render thread/WARN] [Iris/]: Found perfect program match for minecraft:pipeline/entity_cutout: HAND_CUTOUT
[218月2026 05:36:39.722] [Render thread/WARN] [Iris/]: Found perfect program match for minecraft:pipeline/entity_translucent: HAND_TRANSLUCENT
[218月2026 05:36:39.722] [Render thread/WARN] [Iris/]: Found perfect program match for minecraft:pipeline/entity_translucent_emissive: HAND_TRANSLUCENT
[218月2026 05:36:39.727] [Render thread/WARN] [Iris/]: Found perfect program match for minecraft:pipeline/entity_cutout: HAND_CUTOUT
[218月2026 05:36:39.729] [Render thread/WARN] [Iris/]: Found perfect program match for minecraft:pipeline/entity_translucent: HAND_TRANSLUCENT
[218月2026 05:36:39.729] [Render thread/WARN] [Iris/]: Found perfect program match for minecraft:pipeline/entity_translucent_emissive: HAND_TRANSLUCENT
[218月2026 05:36:39.737] [Render thread/WARN] [Iris/]: Found perfect program match for minecraft:pipeline/entity_cutout: HAND_CUTOUT
[218月2026 05:36:39.737] [Render thread/WARN] [Iris/]: Found perfect program match for minecraft:pipeline/entity_translucent: HAND_TRANSLUCENT
[218月2026 05:36:39.737] [Render thread/WARN] [Iris/]: Found perfect program match for minecraft:pipeline/entity_translucent_emissive: HAND_TRANSLUCENT
[218月2026 05:36:39.744] [Render thread/WARN] [Iris/]: Found perfect program match for minecraft:pipeline/entity_cutout: HAND_CUTOUT
[218月2026 05:36:39.744] [Render thread/WARN] [Iris/]: Found perfect program match for minecraft:pipeline/entity_translucent: HAND_TRANSLUCENT
[218月2026 05:36:39.744] [Render thread/WARN] [Iris/]: Found perfect program match for minecraft:pipeline/entity_translucent_emissive: HAND_TRANSLUCENT
[218月2026 05:36:39.749] [Render thread/WARN] [Iris/]: Found perfect program match for minecraft:pipeline/entity_cutout: HAND_CUTOUT
[218月2026 05:36:39.750] [Render thread/WARN] [Iris/]: Found perfect program match for minecraft:pipeline/entity_translucent: HAND_TRANSLUCENT
[218月2026 05:36:39.750] [Render thread/WARN] [Iris/]: Found perfect program match for minecraft:pipeline/entity_translucent_emissive: HAND_TRANSLUCENT
[218月2026 05:36:39.754] [Render thread/WARN] [Iris/]: Found perfect program match for minecraft:pipeline/entity_cutout: HAND_CUTOUT
[218月2026 05:36:39.754] [Render thread/WARN] [Iris/]: Found perfect program match for minecraft:pipeline/entity_translucent: HAND_TRANSLUCENT
[218月2026 05:36:39.754] [Render thread/WARN] [Iris/]: Found perfect program match for minecraft:pipeline/entity_translucent_emissive: HAND_TRANSLUCENT
[218月2026 05:36:39.760] [Render thread/WARN] [Iris/]: Found perfect program match for minecraft:pipeline/entity_cutout: HAND_CUTOUT
[218月2026 05:36:39.760] [Render thread/WARN] [Iris/]: Found perfect program match for minecraft:pipeline/entity_translucent: HAND_TRANSLUCENT
[218月2026 05:36:39.760] [Render thread/WARN] [Iris/]: Found perfect program match for minecraft:pipeline/entity_translucent_emissive: HAND_TRANSLUCENT
[218月2026 05:36:39.765] [Render thread/WARN] [Iris/]: Found perfect program match for minecraft:pipeline/entity_cutout: HAND_CUTOUT
[218月2026 05:36:39.766] [Render thread/WARN] [Iris/]: Found perfect program match for minecraft:pipeline/entity_translucent: HAND_TRANSLUCENT
[218月2026 05:36:39.766] [Render thread/WARN] [Iris/]: Found perfect program match for minecraft:pipeline/entity_translucent_emissive: HAND_TRANSLUCENT
[218月2026 05:36:39.771] [Render thread/WARN] [Iris/]: Found perfect program match for minecraft:pipeline/entity_cutout: HAND_CUTOUT
[218月2026 05:36:39.771] [Render thread/WARN] [Iris/]: Found perfect program match for minecraft:pipeline/entity_translucent: HAND_TRANSLUCENT
[218月2026 05:36:39.771] [Render thread/WARN] [Iris/]: Found perfect program match for minecraft:pipeline/entity_translucent_emissive: HAND_TRANSLUCENT
[218月2026 05:36:39.776] [Render thread/WARN] [Iris/]: Found perfect program match for minecraft:pipeline/entity_cutout: HAND_CUTOUT
[218月2026 05:36:39.777] [Render thread/WARN] [Iris/]: Found perfect program match for minecraft:pipeline/entity_translucent: HAND_TRANSLUCENT
[218月2026 05:36:39.777] [Render thread/WARN] [Iris/]: Found perfect program match for minecraft:pipeline/entity_translucent_emissive: HAND_TRANSLUCENT
[218月2026 05:36:39.784] [Render thread/WARN] [Iris/]: Found perfect program match for minecraft:pipeline/entity_cutout: HAND_CUTOUT
[218月2026 05:36:39.784] [Render thread/WARN] [Iris/]: Found perfect program match for minecraft:pipeline/entity_translucent: HAND_TRANSLUCENT
[218月2026 05:36:39.784] [Render thread/WARN] [Iris/]: Found perfect program match for minecraft:pipeline/entity_translucent_emissive: HAND_TRANSLUCENT
[218月2026 05:36:39.791] [Render thread/WARN] [Iris/]: Found perfect program match for minecraft:pipeline/entity_cutout: HAND_CUTOUT
[218月2026 05:36:39.791] [Render thread/WARN] [Iris/]: Found perfect program match for minecraft:pipeline/entity_translucent: HAND_TRANSLUCENT
[218月2026 05:36:39.791] [Render thread/WARN] [Iris/]: Found perfect program match for minecraft:pipeline/entity_translucent_emissive: HAND_TRANSLUCENT
[218月2026 05:36:39.809] [Render thread/WARN] [Iris/]: Found perfect program match for minecraft:pipeline/entity_cutout: HAND_CUTOUT
[218月2026 05:36:39.809] [Render thread/WARN] [Iris/]: Found perfect program match for minecraft:pipeline/entity_translucent: HAND_TRANSLUCENT
[218月2026 05:36:39.809] [Render thread/WARN] [Iris/]: Found perfect program match for minecraft:pipeline/entity_translucent_emissive: HAND_TRANSLUCENT
[218月2026 05:36:39.817] [Render thread/WARN] [Iris/]: Found perfect program match for minecraft:pipeline/entity_cutout: HAND_CUTOUT
[218月2026 05:36:39.817] [Render thread/WARN] [Iris/]: Found perfect program match for minecraft:pipeline/entity_translucent: HAND_TRANSLUCENT
[218月2026 05:36:39.817] [Render thread/WARN] [Iris/]: Found perfect program match for minecraft:pipeline/entity_translucent_emissive: HAND_TRANSLUCENT
[218月2026 05:36:39.822] [Render thread/WARN] [Iris/]: Found perfect program match for minecraft:pipeline/entity_cutout: HAND_CUTOUT
[218月2026 05:36:39.822] [Render thread/WARN] [Iris/]: Found perfect program match for minecraft:pipeline/entity_translucent: HAND_TRANSLUCENT
[218月2026 05:36:39.822] [Render thread/WARN] [Iris/]: Found perfect program match for minecraft:pipeline/entity_translucent_emissive: HAND_TRANSLUCENT
[218月2026 05:36:39.827] [Render thread/WARN] [Iris/]: Found perfect program match for minecraft:pipeline/entity_cutout: HAND_CUTOUT
[218月2026 05:36:39.827] [Render thread/WARN] [Iris/]: Found perfect program match for minecraft:pipeline/entity_translucent: HAND_TRANSLUCENT
[218月2026 05:36:39.827] [Render thread/WARN] [Iris/]: Found perfect program match for minecraft:pipeline/entity_translucent_emissive: HAND_TRANSLUCENT
[218月2026 05:36:39.834] [Render thread/WARN] [Iris/]: Found perfect program match for minecraft:pipeline/entity_cutout: HAND_CUTOUT
[218月2026 05:36:39.834] [Render thread/WARN] [Iris/]: Found perfect program match for minecraft:pipeline/entity_translucent: HAND_TRANSLUCENT
[218月2026 05:36:39.834] [Render thread/WARN] [Iris/]: Found perfect program match for minecraft:pipeline/entity_translucent_emissive: HAND_TRANSLUCENT
[218月2026 05:36:39.840] [Render thread/WARN] [Iris/]: Found perfect program match for minecraft:pipeline/entity_cutout: HAND_CUTOUT
[218月2026 05:36:39.840] [Render thread/WARN] [Iris/]: Found perfect program match for minecraft:pipeline/entity_translucent: HAND_TRANSLUCENT
[218月2026 05:36:39.840] [Render thread/WARN] [Iris/]: Found perfect program match for minecraft:pipeline/entity_translucent_emissive: HAND_TRANSLUCENT
[218月2026 05:36:39.846] [Render thread/WARN] [Iris/]: Found perfect program match for minecraft:pipeline/entity_cutout: HAND_CUTOUT
[218月2026 05:36:39.846] [Render thread/WARN] [Iris/]: Found perfect program match for minecraft:pipeline/entity_translucent: HAND_TRANSLUCENT
[218月2026 05:36:39.846] [Render thread/WARN] [Iris/]: Found perfect program match for minecraft:pipeline/entity_translucent_emissive: HAND_TRANSLUCENT
[218月2026 05:36:39.850] [Render thread/WARN] [Iris/]: Found perfect program match for minecraft:pipeline/entity_cutout: HAND_CUTOUT
[218月2026 05:36:39.850] [Render thread/WARN] [Iris/]: Found perfect program match for minecraft:pipeline/entity_translucent: HAND_TRANSLUCENT
[218月2026 05:36:39.850] [Render thread/WARN] [Iris/]: Found perfect program match for minecraft:pipeline/entity_translucent_emissive: HAND_TRANSLUCENT
[218月2026 05:36:39.855] [Render thread/WARN] [Iris/]: Found perfect program match for minecraft:pipeline/entity_cutout: HAND_CUTOUT
[218月2026 05:36:39.855] [Render thread/WARN] [Iris/]: Found perfect program match for minecraft:pipeline/entity_translucent: HAND_TRANSLUCENT
[218月2026 05:36:39.855] [Render thread/WARN] [Iris/]: Found perfect program match for minecraft:pipeline/entity_translucent_emissive: HAND_TRANSLUCENT
[218月2026 05:36:39.859] [Render thread/WARN] [Iris/]: Found perfect program match for minecraft:pipeline/entity_cutout: HAND_CUTOUT
[218月2026 05:36:39.859] [Render thread/WARN] [Iris/]: Found perfect program match for minecraft:pipeline/entity_translucent: HAND_TRANSLUCENT
[218月2026 05:36:39.859] [Render thread/WARN] [Iris/]: Found perfect program match for minecraft:pipeline/entity_translucent_emissive: HAND_TRANSLUCENT
[218月2026 05:36:39.865] [Render thread/WARN] [Iris/]: Found perfect program match for minecraft:pipeline/entity_cutout: HAND_CUTOUT
[218月2026 05:36:39.865] [Render thread/WARN] [Iris/]: Found perfect program match for minecraft:pipeline/entity_translucent: HAND_TRANSLUCENT
[218月2026 05:36:39.865] [Render thread/WARN] [Iris/]: Found perfect program match for minecraft:pipeline/entity_translucent_emissive: HAND_TRANSLUCENT
[218月2026 05:36:39.870] [Render thread/WARN] [Iris/]: Found perfect program match for minecraft:pipeline/entity_cutout: HAND_CUTOUT
[218月2026 05:36:39.870] [Render thread/WARN] [Iris/]: Found perfect program match for minecraft:pipeline/entity_translucent: HAND_TRANSLUCENT
[218月2026 05:36:39.870] [Render thread/WARN] [Iris/]: Found perfect program match for minecraft:pipeline/entity_translucent_emissive: HAND_TRANSLUCENT
[218月2026 05:36:39.875] [Render thread/WARN] [Iris/]: Found perfect program match for minecraft:pipeline/entity_cutout: HAND_CUTOUT
[218月2026 05:36:39.875] [Render thread/WARN] [Iris/]: Found perfect program match for minecraft:pipeline/entity_translucent: HAND_TRANSLUCENT
[218月2026 05:36:39.875] [Render thread/WARN] [Iris/]: Found perfect program match for minecraft:pipeline/entity_translucent_emissive: HAND_TRANSLUCENT
[218月2026 05:36:39.881] [Render thread/WARN] [Iris/]: Found perfect program match for minecraft:pipeline/entity_cutout: HAND_CUTOUT
[218月2026 05:36:39.881] [Render thread/WARN] [Iris/]: Found perfect program match for minecraft:pipeline/entity_translucent: HAND_TRANSLUCENT
[218月2026 05:36:39.881] [Render thread/WARN] [Iris/]: Found perfect program match for minecraft:pipeline/entity_translucent_emissive: HAND_TRANSLUCENT
[218月2026 05:36:39.886] [Render thread/WARN] [Iris/]: Found perfect program match for minecraft:pipeline/entity_cutout: HAND_CUTOUT
[218月2026 05:36:39.886] [Render thread/WARN] [Iris/]: Found perfect program match for minecraft:pipeline/entity_translucent: HAND_TRANSLUCENT
[218月2026 05:36:39.886] [Render thread/WARN] [Iris/]: Found perfect program match for minecraft:pipeline/entity_translucent_emissive: HAND_TRANSLUCENT
[218月2026 05:36:39.891] [Render thread/WARN] [Iris/]: Found perfect program match for minecraft:pipeline/entity_cutout: HAND_CUTOUT
[218月2026 05:36:39.891] [Render thread/WARN] [Iris/]: Found perfect program match for minecraft:pipeline/entity_translucent: HAND_TRANSLUCENT
[218月2026 05:36:39.891] [Render thread/WARN] [Iris/]: Found perfect program match for minecraft:pipeline/entity_translucent_emissive: HAND_TRANSLUCENT
[218月2026 05:36:39.895] [Render thread/WARN] [Iris/]: Found perfect program match for minecraft:pipeline/entity_cutout: HAND_CUTOUT
[218月2026 05:36:39.895] [Render thread/WARN] [Iris/]: Found perfect program match for minecraft:pipeline/entity_translucent: HAND_TRANSLUCENT
[218月2026 05:36:39.895] [Render thread/WARN] [Iris/]: Found perfect program match for minecraft:pipeline/entity_translucent_emissive: HAND_TRANSLUCENT
[218月2026 05:36:39.899] [Render thread/WARN] [Iris/]: Found perfect program match for minecraft:pipeline/entity_cutout: HAND_CUTOUT
[218月2026 05:36:39.899] [Render thread/WARN] [Iris/]: Found perfect program match for minecraft:pipeline/entity_translucent: HAND_TRANSLUCENT
[218月2026 05:36:39.899] [Render thread/WARN] [Iris/]: Found perfect program match for minecraft:pipeline/entity_translucent_emissive: HAND_TRANSLUCENT
[218月2026 05:36:39.903] [Render thread/WARN] [Iris/]: Found perfect program match for minecraft:pipeline/entity_cutout: HAND_CUTOUT
[218月2026 05:36:39.903] [Render thread/WARN] [Iris/]: Found perfect program match for minecraft:pipeline/entity_translucent: HAND_TRANSLUCENT
[218月2026 05:36:39.903] [Render thread/WARN] [Iris/]: Found perfect program match for minecraft:pipeline/entity_translucent_emissive: HAND_TRANSLUCENT
[218月2026 05:36:39.908] [Render thread/WARN] [Iris/]: Found perfect program match for minecraft:pipeline/entity_cutout: HAND_CUTOUT
[218月2026 05:36:39.908] [Render thread/WARN] [Iris/]: Found perfect program match for minecraft:pipeline/entity_translucent: HAND_TRANSLUCENT
[218月2026 05:36:39.908] [Render thread/WARN] [Iris/]: Found perfect program match for minecraft:pipeline/entity_translucent_emissive: HAND_TRANSLUCENT
[218月2026 05:36:39.912] [Render thread/WARN] [Iris/]: Found perfect program match for minecraft:pipeline/entity_cutout: HAND_CUTOUT
[218月2026 05:36:39.912] [Render thread/WARN] [Iris/]: Found perfect program match for minecraft:pipeline/entity_translucent: HAND_TRANSLUCENT
[218月2026 05:36:39.912] [Render thread/WARN] [Iris/]: Found perfect program match for minecraft:pipeline/entity_translucent_emissive: HAND_TRANSLUCENT
[218月2026 05:36:39.916] [Render thread/WARN] [Iris/]: Found perfect program match for minecraft:pipeline/entity_cutout: HAND_CUTOUT
[218月2026 05:36:39.916] [Render thread/WARN] [Iris/]: Found perfect program match for minecraft:pipeline/entity_translucent: HAND_TRANSLUCENT
[218月2026 05:36:39.916] [Render thread/WARN] [Iris/]: Found perfect program match for minecraft:pipeline/entity_translucent_emissive: HAND_TRANSLUCENT
[218月2026 05:36:39.921] [Render thread/WARN] [Iris/]: Found perfect program match for minecraft:pipeline/entity_cutout: HAND_CUTOUT
[218月2026 05:36:39.921] [Render thread/WARN] [Iris/]: Found perfect program match for minecraft:pipeline/entity_translucent: HAND_TRANSLUCENT
[218月2026 05:36:39.921] [Render thread/WARN] [Iris/]: Found perfect program match for minecraft:pipeline/entity_translucent_emissive: HAND_TRANSLUCENT
[218月2026 05:36:39.925] [Render thread/WARN] [Iris/]: Found perfect program match for minecraft:pipeline/entity_cutout: HAND_CUTOUT
[218月2026 05:36:39.925] [Render thread/WARN] [Iris/]: Found perfect program match for minecraft:pipeline/entity_translucent: HAND_TRANSLUCENT
[218月2026 05:36:39.925] [Render thread/WARN] [Iris/]: Found perfect program match for minecraft:pipeline/entity_translucent_emissive: HAND_TRANSLUCENT
[218月2026 05:36:39.930] [Render thread/WARN] [Iris/]: Found perfect program match for minecraft:pipeline/entity_cutout: HAND_CUTOUT
[218月2026 05:36:39.930] [Render thread/WARN] [Iris/]: Found perfect program match for minecraft:pipeline/entity_translucent: HAND_TRANSLUCENT
[218月2026 05:36:39.930] [Render thread/WARN] [Iris/]: Found perfect program match for minecraft:pipeline/entity_translucent_emissive: HAND_TRANSLUCENT
[218月2026 05:36:39.936] [Render thread/WARN] [Iris/]: Found perfect program match for minecraft:pipeline/entity_cutout: HAND_CUTOUT
[218月2026 05:36:39.937] [Render thread/WARN] [Iris/]: Found perfect program match for minecraft:pipeline/entity_translucent: HAND_TRANSLUCENT
[218月2026 05:36:39.937] [Render thread/WARN] [Iris/]: Found perfect program match for minecraft:pipeline/entity_translucent_emissive: HAND_TRANSLUCENT
[218月2026 05:36:39.941] [Render thread/WARN] [Iris/]: Found perfect program match for minecraft:pipeline/entity_cutout: HAND_CUTOUT
[218月2026 05:36:39.941] [Render thread/WARN] [Iris/]: Found perfect program match for minecraft:pipeline/entity_translucent: HAND_TRANSLUCENT
[218月2026 05:36:39.941] [Render thread/WARN] [Iris/]: Found perfect program match for minecraft:pipeline/entity_translucent_emissive: HAND_TRANSLUCENT
[218月2026 05:36:39.946] [Render thread/WARN] [Iris/]: Found perfect program match for minecraft:pipeline/entity_cutout: HAND_CUTOUT
[218月2026 05:36:39.946] [Render thread/WARN] [Iris/]: Found perfect program match for minecraft:pipeline/entity_translucent: HAND_TRANSLUCENT
[218月2026 05:36:39.946] [Render thread/WARN] [Iris/]: Found perfect program match for minecraft:pipeline/entity_translucent_emissive: HAND_TRANSLUCENT
[218月2026 05:36:39.949] [Render thread/WARN] [Iris/]: Found perfect program match for minecraft:pipeline/entity_cutout: HAND_CUTOUT
[218月2026 05:36:39.949] [Render thread/WARN] [Iris/]: Found perfect program match for minecraft:pipeline/entity_translucent: HAND_TRANSLUCENT
[218月2026 05:36:39.949] [Render thread/WARN] [Iris/]: Found perfect program match for minecraft:pipeline/entity_translucent_emissive: HAND_TRANSLUCENT
[218月2026 05:36:39.954] [Render thread/WARN] [Iris/]: Found perfect program match for minecraft:pipeline/entity_cutout: HAND_CUTOUT
[218月2026 05:36:39.954] [Render thread/WARN] [Iris/]: Found perfect program match for minecraft:pipeline/entity_translucent: HAND_TRANSLUCENT
[218月2026 05:36:39.954] [Render thread/WARN] [Iris/]: Found perfect program match for minecraft:pipeline/entity_translucent_emissive: HAND_TRANSLUCENT
[218月2026 05:36:39.960] [Render thread/WARN] [Iris/]: Found perfect program match for minecraft:pipeline/entity_cutout: HAND_CUTOUT
[218月2026 05:36:39.960] [Render thread/WARN] [Iris/]: Found perfect program match for minecraft:pipeline/entity_translucent: HAND_TRANSLUCENT
[218月2026 05:36:39.960] [Render thread/WARN] [Iris/]: Found perfect program match for minecraft:pipeline/entity_translucent_emissive: HAND_TRANSLUCENT
[218月2026 05:36:39.964] [Render thread/WARN] [Iris/]: Found perfect program match for minecraft:pipeline/entity_cutout: HAND_CUTOUT
[218月2026 05:36:39.964] [Render thread/WARN] [Iris/]: Found perfect program match for minecraft:pipeline/entity_translucent: HAND_TRANSLUCENT
[218月2026 05:36:39.964] [Render thread/WARN] [Iris/]: Found perfect program match for minecraft:pipeline/entity_translucent_emissive: HAND_TRANSLUCENT
[218月2026 05:36:39.970] [Render thread/WARN] [Iris/]: Found perfect program match for minecraft:pipeline/entity_cutout: HAND_CUTOUT
[218月2026 05:36:39.970] [Render thread/WARN] [Iris/]: Found perfect program match for minecraft:pipeline/entity_translucent: HAND_TRANSLUCENT
[218月2026 05:36:39.970] [Render thread/WARN] [Iris/]: Found perfect program match for minecraft:pipeline/entity_translucent_emissive: HAND_TRANSLUCENT
[218月2026 05:36:39.976] [Render thread/WARN] [Iris/]: Found perfect program match for minecraft:pipeline/entity_cutout: HAND_CUTOUT
[218月2026 05:36:39.976] [Render thread/WARN] [Iris/]: Found perfect program match for minecraft:pipeline/entity_translucent: HAND_TRANSLUCENT
[218月2026 05:36:39.976] [Render thread/WARN] [Iris/]: Found perfect program match for minecraft:pipeline/entity_translucent_emissive: HAND_TRANSLUCENT
[218月2026 05:36:39.982] [Render thread/WARN] [Iris/]: Found perfect program match for minecraft:pipeline/entity_cutout: HAND_CUTOUT
[218月2026 05:36:39.982] [Render thread/WARN] [Iris/]: Found perfect program match for minecraft:pipeline/entity_translucent: HAND_TRANSLUCENT
[218月2026 05:36:39.982] [Render thread/WARN] [Iris/]: Found perfect program match for minecraft:pipeline/entity_translucent_emissive: HAND_TRANSLUCENT
[218月2026 05:36:39.989] [Render thread/WARN] [Iris/]: Found perfect program match for minecraft:pipeline/entity_cutout: HAND_CUTOUT
[218月2026 05:36:39.989] [Render thread/WARN] [Iris/]: Found perfect program match for minecraft:pipeline/entity_translucent: HAND_TRANSLUCENT
[218月2026 05:36:39.989] [Render thread/WARN] [Iris/]: Found perfect program match for minecraft:pipeline/entity_translucent_emissive: HAND_TRANSLUCENT
[218月2026 05:36:39.993] [Render thread/WARN] [Iris/]: Found perfect program match for minecraft:pipeline/entity_cutout: HAND_CUTOUT
[218月2026 05:36:39.993] [Render thread/WARN] [Iris/]: Found perfect program match for minecraft:pipeline/entity_translucent: HAND_TRANSLUCENT
[218月2026 05:36:39.993] [Render thread/WARN] [Iris/]: Found perfect program match for minecraft:pipeline/entity_translucent_emissive: HAND_TRANSLUCENT
[218月2026 05:36:39.998] [Render thread/WARN] [Iris/]: Found perfect program match for minecraft:pipeline/entity_cutout: HAND_CUTOUT
[218月2026 05:36:39.998] [Render thread/WARN] [Iris/]: Found perfect program match for minecraft:pipeline/entity_translucent: HAND_TRANSLUCENT
[218月2026 05:36:39.998] [Render thread/WARN] [Iris/]: Found perfect program match for minecraft:pipeline/entity_translucent_emissive: HAND_TRANSLUCENT
[218月2026 05:36:40.004] [Render thread/WARN] [Iris/]: Found perfect program match for minecraft:pipeline/entity_cutout: HAND_CUTOUT
[218月2026 05:36:40.004] [Render thread/WARN] [Iris/]: Found perfect program match for minecraft:pipeline/entity_translucent: HAND_TRANSLUCENT
[218月2026 05:36:40.004] [Render thread/WARN] [Iris/]: Found perfect program match for minecraft:pipeline/entity_translucent_emissive: HAND_TRANSLUCENT
[218月2026 05:36:40.009] [Render thread/WARN] [Iris/]: Found perfect program match for minecraft:pipeline/entity_cutout: HAND_CUTOUT
[218月2026 05:36:40.010] [Render thread/WARN] [Iris/]: Found perfect program match for minecraft:pipeline/entity_translucent: HAND_TRANSLUCENT
[218月2026 05:36:40.010] [Render thread/WARN] [Iris/]: Found perfect program match for minecraft:pipeline/entity_translucent_emissive: HAND_TRANSLUCENT
[218月2026 05:36:40.014] [Render thread/WARN] [Iris/]: Found perfect program match for minecraft:pipeline/entity_cutout: HAND_CUTOUT
[218月2026 05:36:40.014] [Render thread/WARN] [Iris/]: Found perfect program match for minecraft:pipeline/entity_translucent: HAND_TRANSLUCENT
[218月2026 05:36:40.014] [Render thread/WARN] [Iris/]: Found perfect program match for minecraft:pipeline/entity_translucent_emissive: HAND_TRANSLUCENT
[218月2026 05:36:40.021] [Render thread/WARN] [Iris/]: Found perfect program match for minecraft:pipeline/entity_cutout: HAND_CUTOUT
[218月2026 05:36:40.021] [Render thread/WARN] [Iris/]: Found perfect program match for minecraft:pipeline/entity_translucent: HAND_TRANSLUCENT
[218月2026 05:36:40.021] [Render thread/WARN] [Iris/]: Found perfect program match for minecraft:pipeline/entity_translucent_emissive: HAND_TRANSLUCENT
[218月2026 05:36:40.027] [Render thread/WARN] [Iris/]: Found perfect program match for minecraft:pipeline/entity_cutout: HAND_CUTOUT
[218月2026 05:36:40.027] [Render thread/WARN] [Iris/]: Found perfect program match for minecraft:pipeline/entity_translucent: HAND_TRANSLUCENT
[218月2026 05:36:40.027] [Render thread/WARN] [Iris/]: Found perfect program match for minecraft:pipeline/entity_translucent_emissive: HAND_TRANSLUCENT
[218月2026 05:36:40.034] [Render thread/WARN] [Iris/]: Found perfect program match for minecraft:pipeline/entity_cutout: HAND_CUTOUT
[218月2026 05:36:40.034] [Render thread/WARN] [Iris/]: Found perfect program match for minecraft:pipeline/entity_translucent: HAND_TRANSLUCENT
[218月2026 05:36:40.034] [Render thread/WARN] [Iris/]: Found perfect program match for minecraft:pipeline/entity_translucent_emissive: HAND_TRANSLUCENT
[218月2026 05:36:40.041] [Render thread/WARN] [Iris/]: Found perfect program match for minecraft:pipeline/entity_cutout: HAND_CUTOUT
[218月2026 05:36:40.042] [Render thread/WARN] [Iris/]: Found perfect program match for minecraft:pipeline/entity_translucent: HAND_TRANSLUCENT
[218月2026 05:36:40.042] [Render thread/WARN] [Iris/]: Found perfect program match for minecraft:pipeline/entity_translucent_emissive: HAND_TRANSLUCENT
[218月2026 05:36:40.047] [Render thread/WARN] [Iris/]: Found perfect program match for minecraft:pipeline/entity_cutout: HAND_CUTOUT
[218月2026 05:36:40.047] [Render thread/WARN] [Iris/]: Found perfect program match for minecraft:pipeline/entity_translucent: HAND_TRANSLUCENT
[218月2026 05:36:40.047] [Render thread/WARN] [Iris/]: Found perfect program match for minecraft:pipeline/entity_translucent_emissive: HAND_TRANSLUCENT
[218月2026 05:36:40.053] [Render thread/WARN] [Iris/]: Found perfect program match for minecraft:pipeline/entity_cutout: HAND_CUTOUT
[218月2026 05:36:40.053] [Render thread/WARN] [Iris/]: Found perfect program match for minecraft:pipeline/entity_translucent: HAND_TRANSLUCENT
[218月2026 05:36:40.053] [Render thread/WARN] [Iris/]: Found perfect program match for minecraft:pipeline/entity_translucent_emissive: HAND_TRANSLUCENT
[218月2026 05:36:40.059] [Render thread/WARN] [Iris/]: Found perfect program match for minecraft:pipeline/entity_cutout: HAND_CUTOUT
[218月2026 05:36:40.059] [Render thread/WARN] [Iris/]: Found perfect program match for minecraft:pipeline/entity_translucent: HAND_TRANSLUCENT
[218月2026 05:36:40.059] [Render thread/WARN] [Iris/]: Found perfect program match for minecraft:pipeline/entity_translucent_emissive: HAND_TRANSLUCENT
[218月2026 05:36:40.064] [Render thread/WARN] [Iris/]: Found perfect program match for minecraft:pipeline/entity_cutout: HAND_CUTOUT
[218月2026 05:36:40.064] [Render thread/WARN] [Iris/]: Found perfect program match for minecraft:pipeline/entity_translucent: HAND_TRANSLUCENT
[218月2026 05:36:40.064] [Render thread/WARN] [Iris/]: Found perfect program match for minecraft:pipeline/entity_translucent_emissive: HAND_TRANSLUCENT
[218月2026 05:36:40.071] [Render thread/WARN] [Iris/]: Found perfect program match for minecraft:pipeline/entity_cutout: HAND_CUTOUT
[218月2026 05:36:40.071] [Render thread/WARN] [Iris/]: Found perfect program match for minecraft:pipeline/entity_translucent: HAND_TRANSLUCENT
[218月2026 05:36:40.071] [Render thread/WARN] [Iris/]: Found perfect program match for minecraft:pipeline/entity_translucent_emissive: HAND_TRANSLUCENT
[218月2026 05:36:40.076] [Render thread/WARN] [Iris/]: Found perfect program match for minecraft:pipeline/entity_cutout: HAND_CUTOUT
[218月2026 05:36:40.077] [Render thread/WARN] [Iris/]: Found perfect program match for minecraft:pipeline/entity_translucent: HAND_TRANSLUCENT
[218月2026 05:36:40.077] [Render thread/WARN] [Iris/]: Found perfect program match for minecraft:pipeline/entity_translucent_emissive: HAND_TRANSLUCENT
[218月2026 05:36:40.083] [Render thread/WARN] [Iris/]: Found perfect program match for minecraft:pipeline/entity_cutout: HAND_CUTOUT
[218月2026 05:36:40.084] [Render thread/WARN] [Iris/]: Found perfect program match for minecraft:pipeline/entity_translucent: HAND_TRANSLUCENT
[218月2026 05:36:40.084] [Render thread/WARN] [Iris/]: Found perfect program match for minecraft:pipeline/entity_translucent_emissive: HAND_TRANSLUCENT
[218月2026 05:36:40.093] [Render thread/WARN] [Iris/]: Found perfect program match for minecraft:pipeline/entity_cutout: HAND_CUTOUT
[218月2026 05:36:40.093] [Render thread/WARN] [Iris/]: Found perfect program match for minecraft:pipeline/entity_translucent: HAND_TRANSLUCENT
[218月2026 05:36:40.093] [Render thread/WARN] [Iris/]: Found perfect program match for minecraft:pipeline/entity_translucent_emissive: HAND_TRANSLUCENT
[218月2026 05:36:40.099] [Render thread/WARN] [Iris/]: Found perfect program match for minecraft:pipeline/entity_cutout: HAND_CUTOUT
[218月2026 05:36:40.099] [Render thread/WARN] [Iris/]: Found perfect program match for minecraft:pipeline/entity_translucent: HAND_TRANSLUCENT
[218月2026 05:36:40.099] [Render thread/WARN] [Iris/]: Found perfect program match for minecraft:pipeline/entity_translucent_emissive: HAND_TRANSLUCENT
[218月2026 05:36:40.105] [Render thread/WARN] [Iris/]: Found perfect program match for minecraft:pipeline/entity_cutout: HAND_CUTOUT
[218月2026 05:36:40.105] [Render thread/WARN] [Iris/]: Found perfect program match for minecraft:pipeline/entity_translucent: HAND_TRANSLUCENT
[218月2026 05:36:40.105] [Render thread/WARN] [Iris/]: Found perfect program match for minecraft:pipeline/entity_translucent_emissive: HAND_TRANSLUCENT
[218月2026 05:36:40.111] [Render thread/WARN] [Iris/]: Found perfect program match for minecraft:pipeline/entity_cutout: HAND_CUTOUT
[218月2026 05:36:40.111] [Render thread/WARN] [Iris/]: Found perfect program match for minecraft:pipeline/entity_translucent: HAND_TRANSLUCENT
[218月2026 05:36:40.111] [Render thread/WARN] [Iris/]: Found perfect program match for minecraft:pipeline/entity_translucent_emissive: HAND_TRANSLUCENT
[218月2026 05:36:40.117] [Render thread/WARN] [Iris/]: Found perfect program match for minecraft:pipeline/entity_cutout: HAND_CUTOUT
[218月2026 05:36:40.117] [Render thread/WARN] [Iris/]: Found perfect program match for minecraft:pipeline/entity_translucent: HAND_TRANSLUCENT
[218月2026 05:36:40.117] [Render thread/WARN] [Iris/]: Found perfect program match for minecraft:pipeline/entity_translucent_emissive: HAND_TRANSLUCENT
[218月2026 05:36:40.125] [Render thread/WARN] [Iris/]: Found perfect program match for minecraft:pipeline/entity_cutout: HAND_CUTOUT
[218月2026 05:36:40.125] [Render thread/WARN] [Iris/]: Found perfect program match for minecraft:pipeline/entity_translucent: HAND_TRANSLUCENT
[218月2026 05:36:40.125] [Render thread/WARN] [Iris/]: Found perfect program match for minecraft:pipeline/entity_translucent_emissive: HAND_TRANSLUCENT
[218月2026 05:36:40.133] [Render thread/WARN] [Iris/]: Found perfect program match for minecraft:pipeline/entity_cutout: HAND_CUTOUT
[218月2026 05:36:40.133] [Render thread/WARN] [Iris/]: Found perfect program match for minecraft:pipeline/entity_translucent: HAND_TRANSLUCENT
[218月2026 05:36:40.133] [Render thread/WARN] [Iris/]: Found perfect program match for minecraft:pipeline/entity_translucent_emissive: HAND_TRANSLUCENT
[218月2026 05:36:40.141] [Render thread/WARN] [Iris/]: Found perfect program match for minecraft:pipeline/entity_cutout: HAND_CUTOUT
[218月2026 05:36:40.141] [Render thread/WARN] [Iris/]: Found perfect program match for minecraft:pipeline/entity_translucent: HAND_TRANSLUCENT
[218月2026 05:36:40.141] [Render thread/WARN] [Iris/]: Found perfect program match for minecraft:pipeline/entity_translucent_emissive: HAND_TRANSLUCENT
[218月2026 05:36:40.148] [Render thread/WARN] [Iris/]: Found perfect program match for minecraft:pipeline/entity_cutout: HAND_CUTOUT
[218月2026 05:36:40.148] [Render thread/WARN] [Iris/]: Found perfect program match for minecraft:pipeline/entity_translucent: HAND_TRANSLUCENT
[218月2026 05:36:40.148] [Render thread/WARN] [Iris/]: Found perfect program match for minecraft:pipeline/entity_translucent_emissive: HAND_TRANSLUCENT
[218月2026 05:36:40.153] [Render thread/WARN] [Iris/]: Found perfect program match for minecraft:pipeline/entity_cutout: HAND_CUTOUT
[218月2026 05:36:40.154] [Render thread/WARN] [Iris/]: Found perfect program match for minecraft:pipeline/entity_translucent: HAND_TRANSLUCENT
[218月2026 05:36:40.154] [Render thread/WARN] [Iris/]: Found perfect program match for minecraft:pipeline/entity_translucent_emissive: HAND_TRANSLUCENT
[218月2026 05:36:40.159] [Render thread/WARN] [Iris/]: Found perfect program match for minecraft:pipeline/entity_cutout: HAND_CUTOUT
[218月2026 05:36:40.159] [Render thread/WARN] [Iris/]: Found perfect program match for minecraft:pipeline/entity_translucent: HAND_TRANSLUCENT
[218月2026 05:36:40.159] [Render thread/WARN] [Iris/]: Found perfect program match for minecraft:pipeline/entity_translucent_emissive: HAND_TRANSLUCENT
[218月2026 05:36:40.164] [Render thread/WARN] [Iris/]: Found perfect program match for minecraft:pipeline/entity_cutout: HAND_CUTOUT
[218月2026 05:36:40.164] [Render thread/WARN] [Iris/]: Found perfect program match for minecraft:pipeline/entity_translucent: HAND_TRANSLUCENT
[218月2026 05:36:40.164] [Render thread/WARN] [Iris/]: Found perfect program match for minecraft:pipeline/entity_translucent_emissive: HAND_TRANSLUCENT
[218月2026 05:36:40.171] [Render thread/WARN] [Iris/]: Found perfect program match for minecraft:pipeline/entity_cutout: HAND_CUTOUT
[218月2026 05:36:40.171] [Render thread/WARN] [Iris/]: Found perfect program match for minecraft:pipeline/entity_translucent: HAND_TRANSLUCENT
[218月2026 05:36:40.171] [Render thread/WARN] [Iris/]: Found perfect program match for minecraft:pipeline/entity_translucent_emissive: HAND_TRANSLUCENT
[218月2026 05:36:40.177] [Render thread/WARN] [Iris/]: Found perfect program match for minecraft:pipeline/entity_cutout: HAND_CUTOUT
[218月2026 05:36:40.177] [Render thread/WARN] [Iris/]: Found perfect program match for minecraft:pipeline/entity_translucent: HAND_TRANSLUCENT
[218月2026 05:36:40.177] [Render thread/WARN] [Iris/]: Found perfect program match for minecraft:pipeline/entity_translucent_emissive: HAND_TRANSLUCENT
[218月2026 05:36:40.184] [Render thread/WARN] [Iris/]: Found perfect program match for minecraft:pipeline/entity_cutout: HAND_CUTOUT
[218月2026 05:36:40.184] [Render thread/WARN] [Iris/]: Found perfect program match for minecraft:pipeline/entity_translucent: HAND_TRANSLUCENT
[218月2026 05:36:40.184] [Render thread/WARN] [Iris/]: Found perfect program match for minecraft:pipeline/entity_translucent_emissive: HAND_TRANSLUCENT
[218月2026 05:36:40.191] [Render thread/WARN] [Iris/]: Found perfect program match for minecraft:pipeline/entity_cutout: HAND_CUTOUT
[218月2026 05:36:40.191] [Render thread/WARN] [Iris/]: Found perfect program match for minecraft:pipeline/entity_translucent: HAND_TRANSLUCENT
[218月2026 05:36:40.191] [Render thread/WARN] [Iris/]: Found perfect program match for minecraft:pipeline/entity_translucent_emissive: HAND_TRANSLUCENT
[218月2026 05:36:40.197] [Render thread/WARN] [Iris/]: Found perfect program match for minecraft:pipeline/entity_cutout: HAND_CUTOUT
[218月2026 05:36:40.197] [Render thread/WARN] [Iris/]: Found perfect program match for minecraft:pipeline/entity_translucent: HAND_TRANSLUCENT
[218月2026 05:36:40.197] [Render thread/WARN] [Iris/]: Found perfect program match for minecraft:pipeline/entity_translucent_emissive: HAND_TRANSLUCENT
[218月2026 05:36:40.201] [Render thread/WARN] [Iris/]: Found perfect program match for minecraft:pipeline/entity_cutout: HAND_CUTOUT
[218月2026 05:36:40.201] [Render thread/WARN] [Iris/]: Found perfect program match for minecraft:pipeline/entity_translucent: HAND_TRANSLUCENT
[218月2026 05:36:40.201] [Render thread/WARN] [Iris/]: Found perfect program match for minecraft:pipeline/entity_translucent_emissive: HAND_TRANSLUCENT
[218月2026 05:36:40.205] [Render thread/WARN] [Iris/]: Found perfect program match for minecraft:pipeline/entity_cutout: HAND_CUTOUT
[218月2026 05:36:40.205] [Render thread/WARN] [Iris/]: Found perfect program match for minecraft:pipeline/entity_translucent: HAND_TRANSLUCENT
[218月2026 05:36:40.205] [Render thread/WARN] [Iris/]: Found perfect program match for minecraft:pipeline/entity_translucent_emissive: HAND_TRANSLUCENT
[218月2026 05:36:40.211] [Render thread/WARN] [Iris/]: Found perfect program match for minecraft:pipeline/entity_cutout: HAND_CUTOUT
[218月2026 05:36:40.211] [Render thread/WARN] [Iris/]: Found perfect program match for minecraft:pipeline/entity_translucent: HAND_TRANSLUCENT
[218月2026 05:36:40.211] [Render thread/WARN] [Iris/]: Found perfect program match for minecraft:pipeline/entity_translucent_emissive: HAND_TRANSLUCENT
[218月2026 05:36:40.215] [Render thread/WARN] [Iris/]: Found perfect program match for minecraft:pipeline/entity_cutout: HAND_CUTOUT
[218月2026 05:36:40.215] [Render thread/WARN] [Iris/]: Found perfect program match for minecraft:pipeline/entity_translucent: HAND_TRANSLUCENT
[218月2026 05:36:40.215] [Render thread/WARN] [Iris/]: Found perfect program match for minecraft:pipeline/entity_translucent_emissive: HAND_TRANSLUCENT
[218月2026 05:36:40.219] [Render thread/WARN] [Iris/]: Found perfect program match for minecraft:pipeline/entity_cutout: HAND_CUTOUT
[218月2026 05:36:40.219] [Render thread/WARN] [Iris/]: Found perfect program match for minecraft:pipeline/entity_translucent: HAND_TRANSLUCENT
[218月2026 05:36:40.219] [Render thread/WARN] [Iris/]: Found perfect program match for minecraft:pipeline/entity_translucent_emissive: HAND_TRANSLUCENT
[218月2026 05:36:40.223] [Render thread/WARN] [Iris/]: Found perfect program match for minecraft:pipeline/entity_cutout: HAND_CUTOUT
[218月2026 05:36:40.223] [Render thread/WARN] [Iris/]: Found perfect program match for minecraft:pipeline/entity_translucent: HAND_TRANSLUCENT
[218月2026 05:36:40.223] [Render thread/WARN] [Iris/]: Found perfect program match for minecraft:pipeline/entity_translucent_emissive: HAND_TRANSLUCENT
[218月2026 05:36:40.227] [Render thread/WARN] [Iris/]: Found perfect program match for minecraft:pipeline/entity_cutout: HAND_CUTOUT
[218月2026 05:36:40.227] [Render thread/WARN] [Iris/]: Found perfect program match for minecraft:pipeline/entity_translucent: HAND_TRANSLUCENT
[218月2026 05:36:40.227] [Render thread/WARN] [Iris/]: Found perfect program match for minecraft:pipeline/entity_translucent_emissive: HAND_TRANSLUCENT
[218月2026 05:36:40.233] [Render thread/WARN] [Iris/]: Found perfect program match for minecraft:pipeline/entity_cutout: HAND_CUTOUT
[218月2026 05:36:40.233] [Render thread/WARN] [Iris/]: Found perfect program match for minecraft:pipeline/entity_translucent: HAND_TRANSLUCENT
[218月2026 05:36:40.233] [Render thread/WARN] [Iris/]: Found perfect program match for minecraft:pipeline/entity_translucent_emissive: HAND_TRANSLUCENT
[218月2026 05:36:40.239] [Render thread/WARN] [Iris/]: Found perfect program match for minecraft:pipeline/entity_cutout: HAND_CUTOUT
[218月2026 05:36:40.239] [Render thread/WARN] [Iris/]: Found perfect program match for minecraft:pipeline/entity_translucent: HAND_TRANSLUCENT
[218月2026 05:36:40.239] [Render thread/WARN] [Iris/]: Found perfect program match for minecraft:pipeline/entity_translucent_emissive: HAND_TRANSLUCENT
[218月2026 05:36:40.244] [Render thread/WARN] [Iris/]: Found perfect program match for minecraft:pipeline/entity_cutout: HAND_CUTOUT
[218月2026 05:36:40.244] [Render thread/WARN] [Iris/]: Found perfect program match for minecraft:pipeline/entity_translucent: HAND_TRANSLUCENT
[218月2026 05:36:40.244] [Render thread/WARN] [Iris/]: Found perfect program match for minecraft:pipeline/entity_translucent_emissive: HAND_TRANSLUCENT
[218月2026 05:36:40.247] [Render thread/WARN] [Iris/]: Found perfect program match for minecraft:pipeline/entity_cutout: HAND_CUTOUT
[218月2026 05:36:40.247] [Render thread/WARN] [Iris/]: Found perfect program match for minecraft:pipeline/entity_translucent: HAND_TRANSLUCENT
[218月2026 05:36:40.247] [Render thread/WARN] [Iris/]: Found perfect program match for minecraft:pipeline/entity_translucent_emissive: HAND_TRANSLUCENT
[218月2026 05:36:40.252] [Render thread/WARN] [Iris/]: Found perfect program match for minecraft:pipeline/entity_cutout: HAND_CUTOUT
[218月2026 05:36:40.252] [Render thread/WARN] [Iris/]: Found perfect program match for minecraft:pipeline/entity_translucent: HAND_TRANSLUCENT
[218月2026 05:36:40.252] [Render thread/WARN] [Iris/]: Found perfect program match for minecraft:pipeline/entity_translucent_emissive: HAND_TRANSLUCENT
[218月2026 05:36:40.255] [Render thread/WARN] [Iris/]: Found perfect program match for minecraft:pipeline/entity_cutout: HAND_CUTOUT
[218月2026 05:36:40.255] [Render thread/WARN] [Iris/]: Found perfect program match for minecraft:pipeline/entity_translucent: HAND_TRANSLUCENT
[218月2026 05:36:40.255] [Render thread/WARN] [Iris/]: Found perfect program match for minecraft:pipeline/entity_translucent_emissive: HAND_TRANSLUCENT
[218月2026 05:36:40.261] [Render thread/WARN] [Iris/]: Found perfect program match for minecraft:pipeline/entity_cutout: HAND_CUTOUT
[218月2026 05:36:40.261] [Render thread/WARN] [Iris/]: Found perfect program match for minecraft:pipeline/entity_translucent: HAND_TRANSLUCENT
[218月2026 05:36:40.261] [Render thread/WARN] [Iris/]: Found perfect program match for minecraft:pipeline/entity_translucent_emissive: HAND_TRANSLUCENT
[218月2026 05:36:40.264] [Render thread/WARN] [Iris/]: Found perfect program match for minecraft:pipeline/entity_cutout: HAND_CUTOUT
[218月2026 05:36:40.265] [Render thread/WARN] [Iris/]: Found perfect program match for minecraft:pipeline/entity_translucent: HAND_TRANSLUCENT
[218月2026 05:36:40.265] [Render thread/WARN] [Iris/]: Found perfect program match for minecraft:pipeline/entity_translucent_emissive: HAND_TRANSLUCENT
[218月2026 05:36:40.269] [Render thread/WARN] [Iris/]: Found perfect program match for minecraft:pipeline/entity_cutout: HAND_CUTOUT
[218月2026 05:36:40.269] [Render thread/WARN] [Iris/]: Found perfect program match for minecraft:pipeline/entity_translucent: HAND_TRANSLUCENT
[218月2026 05:36:40.269] [Render thread/WARN] [Iris/]: Found perfect program match for minecraft:pipeline/entity_translucent_emissive: HAND_TRANSLUCENT
[218月2026 05:36:40.274] [Render thread/WARN] [Iris/]: Found perfect program match for minecraft:pipeline/entity_cutout: HAND_CUTOUT
[218月2026 05:36:40.274] [Render thread/WARN] [Iris/]: Found perfect program match for minecraft:pipeline/entity_translucent: HAND_TRANSLUCENT
[218月2026 05:36:40.274] [Render thread/WARN] [Iris/]: Found perfect program match for minecraft:pipeline/entity_translucent_emissive: HAND_TRANSLUCENT
[218月2026 05:36:40.279] [Render thread/WARN] [Iris/]: Found perfect program match for minecraft:pipeline/entity_cutout: HAND_CUTOUT
[218月2026 05:36:40.279] [Render thread/WARN] [Iris/]: Found perfect program match for minecraft:pipeline/entity_translucent: HAND_TRANSLUCENT
[218月2026 05:36:40.279] [Render thread/WARN] [Iris/]: Found perfect program match for minecraft:pipeline/entity_translucent_emissive: HAND_TRANSLUCENT
[218月2026 05:36:40.283] [Render thread/WARN] [Iris/]: Found perfect program match for minecraft:pipeline/entity_cutout: HAND_CUTOUT
[218月2026 05:36:40.283] [Render thread/WARN] [Iris/]: Found perfect program match for minecraft:pipeline/entity_translucent: HAND_TRANSLUCENT
[218月2026 05:36:40.283] [Render thread/WARN] [Iris/]: Found perfect program match for minecraft:pipeline/entity_translucent_emissive: HAND_TRANSLUCENT
[218月2026 05:36:40.287] [Render thread/WARN] [Iris/]: Found perfect program match for minecraft:pipeline/entity_cutout: HAND_CUTOUT
[218月2026 05:36:40.287] [Render thread/WARN] [Iris/]: Found perfect program match for minecraft:pipeline/entity_translucent: HAND_TRANSLUCENT
[218月2026 05:36:40.287] [Render thread/WARN] [Iris/]: Found perfect program match for minecraft:pipeline/entity_translucent_emissive: HAND_TRANSLUCENT
[218月2026 05:36:40.292] [Render thread/WARN] [Iris/]: Found perfect program match for minecraft:pipeline/entity_cutout: HAND_CUTOUT
[218月2026 05:36:40.292] [Render thread/WARN] [Iris/]: Found perfect program match for minecraft:pipeline/entity_translucent: HAND_TRANSLUCENT
[218月2026 05:36:40.292] [Render thread/WARN] [Iris/]: Found perfect program match for minecraft:pipeline/entity_translucent_emissive: HAND_TRANSLUCENT
[218月2026 05:36:40.295] [Render thread/WARN] [Iris/]: Found perfect program match for minecraft:pipeline/entity_cutout: HAND_CUTOUT
[218月2026 05:36:40.295] [Render thread/WARN] [Iris/]: Found perfect program match for minecraft:pipeline/entity_translucent: HAND_TRANSLUCENT
[218月2026 05:36:40.295] [Render thread/WARN] [Iris/]: Found perfect program match for minecraft:pipeline/entity_translucent_emissive: HAND_TRANSLUCENT
[218月2026 05:36:40.299] [Render thread/WARN] [Iris/]: Found perfect program match for minecraft:pipeline/entity_cutout: HAND_CUTOUT
[218月2026 05:36:40.299] [Render thread/WARN] [Iris/]: Found perfect program match for minecraft:pipeline/entity_translucent: HAND_TRANSLUCENT
[218月2026 05:36:40.299] [Render thread/WARN] [Iris/]: Found perfect program match for minecraft:pipeline/entity_translucent_emissive: HAND_TRANSLUCENT
[218月2026 05:36:40.303] [Render thread/WARN] [Iris/]: Found perfect program match for minecraft:pipeline/entity_cutout: HAND_CUTOUT
[218月2026 05:36:40.303] [Render thread/WARN] [Iris/]: Found perfect program match for minecraft:pipeline/entity_translucent: HAND_TRANSLUCENT
[218月2026 05:36:40.303] [Render thread/WARN] [Iris/]: Found perfect program match for minecraft:pipeline/entity_translucent_emissive: HAND_TRANSLUCENT
[218月2026 05:36:40.307] [Render thread/WARN] [Iris/]: Found perfect program match for minecraft:pipeline/entity_cutout: HAND_CUTOUT
[218月2026 05:36:40.307] [Render thread/WARN] [Iris/]: Found perfect program match for minecraft:pipeline/entity_translucent: HAND_TRANSLUCENT
[218月2026 05:36:40.307] [Render thread/WARN] [Iris/]: Found perfect program match for minecraft:pipeline/entity_translucent_emissive: HAND_TRANSLUCENT
[218月2026 05:36:40.311] [Render thread/WARN] [Iris/]: Found perfect program match for minecraft:pipeline/entity_cutout: HAND_CUTOUT
[218月2026 05:36:40.311] [Render thread/WARN] [Iris/]: Found perfect program match for minecraft:pipeline/entity_translucent: HAND_TRANSLUCENT
[218月2026 05:36:40.311] [Render thread/WARN] [Iris/]: Found perfect program match for minecraft:pipeline/entity_translucent_emissive: HAND_TRANSLUCENT
[218月2026 05:36:40.316] [Render thread/WARN] [Iris/]: Found perfect program match for minecraft:pipeline/entity_cutout: HAND_CUTOUT
[218月2026 05:36:40.316] [Render thread/WARN] [Iris/]: Found perfect program match for minecraft:pipeline/entity_translucent: HAND_TRANSLUCENT
[218月2026 05:36:40.316] [Render thread/WARN] [Iris/]: Found perfect program match for minecraft:pipeline/entity_translucent_emissive: HAND_TRANSLUCENT
[218月2026 05:36:40.320] [Render thread/WARN] [Iris/]: Found perfect program match for minecraft:pipeline/entity_cutout: HAND_CUTOUT
[218月2026 05:36:40.321] [Render thread/WARN] [Iris/]: Found perfect program match for minecraft:pipeline/entity_translucent: HAND_TRANSLUCENT
[218月2026 05:36:40.321] [Render thread/WARN] [Iris/]: Found perfect program match for minecraft:pipeline/entity_translucent_emissive: HAND_TRANSLUCENT
[218月2026 05:36:40.325] [Render thread/WARN] [Iris/]: Found perfect program match for minecraft:pipeline/entity_cutout: HAND_CUTOUT
[218月2026 05:36:40.325] [Render thread/WARN] [Iris/]: Found perfect program match for minecraft:pipeline/entity_translucent: HAND_TRANSLUCENT
[218月2026 05:36:40.325] [Render thread/WARN] [Iris/]: Found perfect program match for minecraft:pipeline/entity_translucent_emissive: HAND_TRANSLUCENT
[218月2026 05:36:40.332] [Render thread/WARN] [Iris/]: Found perfect program match for minecraft:pipeline/entity_cutout: HAND_CUTOUT
[218月2026 05:36:40.332] [Render thread/WARN] [Iris/]: Found perfect program match for minecraft:pipeline/entity_translucent: HAND_TRANSLUCENT
[218月2026 05:36:40.332] [Render thread/WARN] [Iris/]: Found perfect program match for minecraft:pipeline/entity_translucent_emissive: HAND_TRANSLUCENT
[218月2026 05:36:40.338] [Render thread/WARN] [Iris/]: Found perfect program match for minecraft:pipeline/entity_cutout: HAND_CUTOUT
[218月2026 05:36:40.338] [Render thread/WARN] [Iris/]: Found perfect program match for minecraft:pipeline/entity_translucent: HAND_TRANSLUCENT
[218月2026 05:36:40.338] [Render thread/WARN] [Iris/]: Found perfect program match for minecraft:pipeline/entity_translucent_emissive: HAND_TRANSLUCENT
[218月2026 05:36:40.342] [Render thread/WARN] [Iris/]: Found perfect program match for minecraft:pipeline/entity_cutout: HAND_CUTOUT
[218月2026 05:36:40.343] [Render thread/WARN] [Iris/]: Found perfect program match for minecraft:pipeline/entity_translucent: HAND_TRANSLUCENT
[218月2026 05:36:40.343] [Render thread/WARN] [Iris/]: Found perfect program match for minecraft:pipeline/entity_translucent_emissive: HAND_TRANSLUCENT
[218月2026 05:36:40.347] [Render thread/WARN] [Iris/]: Found perfect program match for minecraft:pipeline/entity_cutout: HAND_CUTOUT
[218月2026 05:36:40.347] [Render thread/WARN] [Iris/]: Found perfect program match for minecraft:pipeline/entity_translucent: HAND_TRANSLUCENT
[218月2026 05:36:40.347] [Render thread/WARN] [Iris/]: Found perfect program match for minecraft:pipeline/entity_translucent_emissive: HAND_TRANSLUCENT
[218月2026 05:36:40.352] [Render thread/WARN] [Iris/]: Found perfect program match for minecraft:pipeline/entity_cutout: HAND_CUTOUT
[218月2026 05:36:40.352] [Render thread/WARN] [Iris/]: Found perfect program match for minecraft:pipeline/entity_translucent: HAND_TRANSLUCENT
[218月2026 05:36:40.352] [Render thread/WARN] [Iris/]: Found perfect program match for minecraft:pipeline/entity_translucent_emissive: HAND_TRANSLUCENT
[218月2026 05:36:40.356] [Render thread/WARN] [Iris/]: Found perfect program match for minecraft:pipeline/entity_cutout: HAND_CUTOUT
[218月2026 05:36:40.356] [Render thread/WARN] [Iris/]: Found perfect program match for minecraft:pipeline/entity_translucent: HAND_TRANSLUCENT
[218月2026 05:36:40.356] [Render thread/WARN] [Iris/]: Found perfect program match for minecraft:pipeline/entity_translucent_emissive: HAND_TRANSLUCENT
[218月2026 05:36:40.379] [Render thread/WARN] [Iris/]: Found perfect program match for minecraft:pipeline/entity_cutout: HAND_CUTOUT
[218月2026 05:36:40.379] [Render thread/WARN] [Iris/]: Found perfect program match for minecraft:pipeline/entity_translucent: HAND_TRANSLUCENT
[218月2026 05:36:40.379] [Render thread/WARN] [Iris/]: Found perfect program match for minecraft:pipeline/entity_translucent_emissive: HAND_TRANSLUCENT
[218月2026 05:36:40.385] [Render thread/WARN] [Iris/]: Found perfect program match for minecraft:pipeline/entity_cutout: HAND_CUTOUT
[218月2026 05:36:40.385] [Render thread/WARN] [Iris/]: Found perfect program match for minecraft:pipeline/entity_translucent: HAND_TRANSLUCENT
[218月2026 05:36:40.385] [Render thread/WARN] [Iris/]: Found perfect program match for minecraft:pipeline/entity_translucent_emissive: HAND_TRANSLUCENT
[218月2026 05:36:40.391] [Render thread/WARN] [Iris/]: Found perfect program match for minecraft:pipeline/entity_cutout: HAND_CUTOUT
[218月2026 05:36:40.391] [Render thread/WARN] [Iris/]: Found perfect program match for minecraft:pipeline/entity_translucent: HAND_TRANSLUCENT
[218月2026 05:36:40.391] [Render thread/WARN] [Iris/]: Found perfect program match for minecraft:pipeline/entity_translucent_emissive: HAND_TRANSLUCENT
[218月2026 05:36:40.396] [Render thread/WARN] [Iris/]: Found perfect program match for minecraft:pipeline/entity_cutout: HAND_CUTOUT
[218月2026 05:36:40.396] [Render thread/WARN] [Iris/]: Found perfect program match for minecraft:pipeline/entity_translucent: HAND_TRANSLUCENT
[218月2026 05:36:40.396] [Render thread/WARN] [Iris/]: Found perfect program match for minecraft:pipeline/entity_translucent_emissive: HAND_TRANSLUCENT
[218月2026 05:36:40.399] [Render thread/WARN] [Iris/]: Found perfect program match for minecraft:pipeline/entity_cutout: HAND_CUTOUT
[218月2026 05:36:40.400] [Render thread/WARN] [Iris/]: Found perfect program match for minecraft:pipeline/entity_translucent: HAND_TRANSLUCENT
[218月2026 05:36:40.400] [Render thread/WARN] [Iris/]: Found perfect program match for minecraft:pipeline/entity_translucent_emissive: HAND_TRANSLUCENT
[218月2026 05:36:40.403] [Render thread/WARN] [Iris/]: Found perfect program match for minecraft:pipeline/entity_cutout: HAND_CUTOUT
[218月2026 05:36:40.403] [Render thread/WARN] [Iris/]: Found perfect program match for minecraft:pipeline/entity_translucent: HAND_TRANSLUCENT
[218月2026 05:36:40.403] [Render thread/WARN] [Iris/]: Found perfect program match for minecraft:pipeline/entity_translucent_emissive: HAND_TRANSLUCENT
[218月2026 05:36:40.407] [Render thread/WARN] [Iris/]: Found perfect program match for minecraft:pipeline/entity_cutout: HAND_CUTOUT
[218月2026 05:36:40.407] [Render thread/WARN] [Iris/]: Found perfect program match for minecraft:pipeline/entity_translucent: HAND_TRANSLUCENT
[218月2026 05:36:40.407] [Render thread/WARN] [Iris/]: Found perfect program match for minecraft:pipeline/entity_translucent_emissive: HAND_TRANSLUCENT
[218月2026 05:36:40.411] [Render thread/WARN] [Iris/]: Found perfect program match for minecraft:pipeline/entity_cutout: HAND_CUTOUT
[218月2026 05:36:40.411] [Render thread/WARN] [Iris/]: Found perfect program match for minecraft:pipeline/entity_translucent: HAND_TRANSLUCENT
[218月2026 05:36:40.411] [Render thread/WARN] [Iris/]: Found perfect program match for minecraft:pipeline/entity_translucent_emissive: HAND_TRANSLUCENT
[218月2026 05:36:40.416] [Render thread/WARN] [Iris/]: Found perfect program match for minecraft:pipeline/entity_cutout: HAND_CUTOUT
[218月2026 05:36:40.416] [Render thread/WARN] [Iris/]: Found perfect program match for minecraft:pipeline/entity_translucent: HAND_TRANSLUCENT
[218月2026 05:36:40.416] [Render thread/WARN] [Iris/]: Found perfect program match for minecraft:pipeline/entity_translucent_emissive: HAND_TRANSLUCENT
[218月2026 05:36:40.419] [Render thread/WARN] [Iris/]: Found perfect program match for minecraft:pipeline/entity_cutout: HAND_CUTOUT
[218月2026 05:36:40.419] [Render thread/WARN] [Iris/]: Found perfect program match for minecraft:pipeline/entity_translucent: HAND_TRANSLUCENT
[218月2026 05:36:40.419] [Render thread/WARN] [Iris/]: Found perfect program match for minecraft:pipeline/entity_translucent_emissive: HAND_TRANSLUCENT
[218月2026 05:36:40.423] [Render thread/WARN] [Iris/]: Found perfect program match for minecraft:pipeline/entity_cutout: HAND_CUTOUT
[218月2026 05:36:40.423] [Render thread/WARN] [Iris/]: Found perfect program match for minecraft:pipeline/entity_translucent: HAND_TRANSLUCENT
[218月2026 05:36:40.423] [Render thread/WARN] [Iris/]: Found perfect program match for minecraft:pipeline/entity_translucent_emissive: HAND_TRANSLUCENT
[218月2026 05:36:40.427] [Render thread/WARN] [Iris/]: Found perfect program match for minecraft:pipeline/entity_cutout: HAND_CUTOUT
[218月2026 05:36:40.427] [Render thread/WARN] [Iris/]: Found perfect program match for minecraft:pipeline/entity_translucent: HAND_TRANSLUCENT
[218月2026 05:36:40.427] [Render thread/WARN] [Iris/]: Found perfect program match for minecraft:pipeline/entity_translucent_emissive: HAND_TRANSLUCENT
[218月2026 05:36:40.434] [Render thread/WARN] [Iris/]: Found perfect program match for minecraft:pipeline/entity_cutout: HAND_CUTOUT
[218月2026 05:36:40.434] [Render thread/WARN] [Iris/]: Found perfect program match for minecraft:pipeline/entity_translucent: HAND_TRANSLUCENT
[218月2026 05:36:40.434] [Render thread/WARN] [Iris/]: Found perfect program match for minecraft:pipeline/entity_translucent_emissive: HAND_TRANSLUCENT
[218月2026 05:36:40.439] [Render thread/WARN] [Iris/]: Found perfect program match for minecraft:pipeline/entity_cutout: HAND_CUTOUT
[218月2026 05:36:40.439] [Render thread/WARN] [Iris/]: Found perfect program match for minecraft:pipeline/entity_translucent: HAND_TRANSLUCENT
[218月2026 05:36:40.439] [Render thread/WARN] [Iris/]: Found perfect program match for minecraft:pipeline/entity_translucent_emissive: HAND_TRANSLUCENT
[218月2026 05:36:40.444] [Render thread/WARN] [Iris/]: Found perfect program match for minecraft:pipeline/entity_cutout: HAND_CUTOUT
[218月2026 05:36:40.444] [Render thread/WARN] [Iris/]: Found perfect program match for minecraft:pipeline/entity_translucent: HAND_TRANSLUCENT
[218月2026 05:36:40.444] [Render thread/WARN] [Iris/]: Found perfect program match for minecraft:pipeline/entity_translucent_emissive: HAND_TRANSLUCENT
[218月2026 05:36:40.447] [Render thread/WARN] [Iris/]: Found perfect program match for minecraft:pipeline/entity_cutout: HAND_CUTOUT
[218月2026 05:36:40.447] [Render thread/WARN] [Iris/]: Found perfect program match for minecraft:pipeline/entity_translucent: HAND_TRANSLUCENT
[218月2026 05:36:40.447] [Render thread/WARN] [Iris/]: Found perfect program match for minecraft:pipeline/entity_translucent_emissive: HAND_TRANSLUCENT
[218月2026 05:36:40.452] [Render thread/WARN] [Iris/]: Found perfect program match for minecraft:pipeline/entity_cutout: HAND_CUTOUT
[218月2026 05:36:40.452] [Render thread/WARN] [Iris/]: Found perfect program match for minecraft:pipeline/entity_translucent: HAND_TRANSLUCENT
[218月2026 05:36:40.452] [Render thread/WARN] [Iris/]: Found perfect program match for minecraft:pipeline/entity_translucent_emissive: HAND_TRANSLUCENT
[218月2026 05:36:40.456] [Render thread/WARN] [Iris/]: Found perfect program match for minecraft:pipeline/entity_cutout: HAND_CUTOUT
[218月2026 05:36:40.456] [Render thread/WARN] [Iris/]: Found perfect program match for minecraft:pipeline/entity_translucent: HAND_TRANSLUCENT
[218月2026 05:36:40.456] [Render thread/WARN] [Iris/]: Found perfect program match for minecraft:pipeline/entity_translucent_emissive: HAND_TRANSLUCENT
[218月2026 05:36:40.460] [Render thread/WARN] [Iris/]: Found perfect program match for minecraft:pipeline/entity_cutout: HAND_CUTOUT
[218月2026 05:36:40.460] [Render thread/WARN] [Iris/]: Found perfect program match for minecraft:pipeline/entity_translucent: HAND_TRANSLUCENT
[218月2026 05:36:40.460] [Render thread/WARN] [Iris/]: Found perfect program match for minecraft:pipeline/entity_translucent_emissive: HAND_TRANSLUCENT
[218月2026 05:36:40.463] [Render thread/WARN] [Iris/]: Found perfect program match for minecraft:pipeline/entity_cutout: HAND_CUTOUT
[218月2026 05:36:40.463] [Render thread/WARN] [Iris/]: Found perfect program match for minecraft:pipeline/entity_translucent: HAND_TRANSLUCENT
[218月2026 05:36:40.463] [Render thread/WARN] [Iris/]: Found perfect program match for minecraft:pipeline/entity_translucent_emissive: HAND_TRANSLUCENT
[218月2026 05:36:40.470] [Render thread/WARN] [Iris/]: Found perfect program match for minecraft:pipeline/entity_cutout: HAND_CUTOUT
[218月2026 05:36:40.470] [Render thread/WARN] [Iris/]: Found perfect program match for minecraft:pipeline/entity_translucent: HAND_TRANSLUCENT
[218月2026 05:36:40.470] [Render thread/WARN] [Iris/]: Found perfect program match for minecraft:pipeline/entity_translucent_emissive: HAND_TRANSLUCENT
[218月2026 05:36:40.474] [Render thread/WARN] [Iris/]: Found perfect program match for minecraft:pipeline/entity_cutout: HAND_CUTOUT
[218月2026 05:36:40.475] [Render thread/WARN] [Iris/]: Found perfect program match for minecraft:pipeline/entity_translucent: HAND_TRANSLUCENT
[218月2026 05:36:40.475] [Render thread/WARN] [Iris/]: Found perfect program match for minecraft:pipeline/entity_translucent_emissive: HAND_TRANSLUCENT
[218月2026 05:36:40.480] [Render thread/WARN] [Iris/]: Found perfect program match for minecraft:pipeline/entity_cutout: HAND_CUTOUT
[218月2026 05:36:40.480] [Render thread/WARN] [Iris/]: Found perfect program match for minecraft:pipeline/entity_translucent: HAND_TRANSLUCENT
[218月2026 05:36:40.480] [Render thread/WARN] [Iris/]: Found perfect program match for minecraft:pipeline/entity_translucent_emissive: HAND_TRANSLUCENT
[218月2026 05:36:40.484] [Render thread/WARN] [Iris/]: Found perfect program match for minecraft:pipeline/entity_cutout: HAND_CUTOUT
[218月2026 05:36:40.484] [Render thread/WARN] [Iris/]: Found perfect program match for minecraft:pipeline/entity_translucent: HAND_TRANSLUCENT
[218月2026 05:36:40.484] [Render thread/WARN] [Iris/]: Found perfect program match for minecraft:pipeline/entity_translucent_emissive: HAND_TRANSLUCENT
[218月2026 05:36:40.488] [Render thread/WARN] [Iris/]: Found perfect program match for minecraft:pipeline/entity_cutout: HAND_CUTOUT
[218月2026 05:36:40.488] [Render thread/WARN] [Iris/]: Found perfect program match for minecraft:pipeline/entity_translucent: HAND_TRANSLUCENT
[218月2026 05:36:40.488] [Render thread/WARN] [Iris/]: Found perfect program match for minecraft:pipeline/entity_translucent_emissive: HAND_TRANSLUCENT
[218月2026 05:36:40.494] [Render thread/WARN] [Iris/]: Found perfect program match for minecraft:pipeline/entity_cutout: HAND_CUTOUT
[218月2026 05:36:40.494] [Render thread/WARN] [Iris/]: Found perfect program match for minecraft:pipeline/entity_translucent: HAND_TRANSLUCENT
[218月2026 05:36:40.494] [Render thread/WARN] [Iris/]: Found perfect program match for minecraft:pipeline/entity_translucent_emissive: HAND_TRANSLUCENT
[218月2026 05:36:40.500] [Render thread/WARN] [Iris/]: Found perfect program match for minecraft:pipeline/entity_cutout: HAND_CUTOUT
[218月2026 05:36:40.500] [Render thread/WARN] [Iris/]: Found perfect program match for minecraft:pipeline/entity_translucent: HAND_TRANSLUCENT
[218月2026 05:36:40.500] [Render thread/WARN] [Iris/]: Found perfect program match for minecraft:pipeline/entity_translucent_emissive: HAND_TRANSLUCENT
[218月2026 05:36:40.504] [Render thread/WARN] [Iris/]: Found perfect program match for minecraft:pipeline/entity_cutout: HAND_CUTOUT
[218月2026 05:36:40.504] [Render thread/WARN] [Iris/]: Found perfect program match for minecraft:pipeline/entity_translucent: HAND_TRANSLUCENT
[218月2026 05:36:40.504] [Render thread/WARN] [Iris/]: Found perfect program match for minecraft:pipeline/entity_translucent_emissive: HAND_TRANSLUCENT
[218月2026 05:36:40.508] [Render thread/WARN] [Iris/]: Found perfect program match for minecraft:pipeline/entity_cutout: HAND_CUTOUT
[218月2026 05:36:40.508] [Render thread/WARN] [Iris/]: Found perfect program match for minecraft:pipeline/entity_translucent: HAND_TRANSLUCENT
[218月2026 05:36:40.508] [Render thread/WARN] [Iris/]: Found perfect program match for minecraft:pipeline/entity_translucent_emissive: HAND_TRANSLUCENT
[218月2026 05:36:40.511] [Render thread/WARN] [Iris/]: Found perfect program match for minecraft:pipeline/entity_cutout: HAND_CUTOUT
[218月2026 05:36:40.512] [Render thread/WARN] [Iris/]: Found perfect program match for minecraft:pipeline/entity_translucent: HAND_TRANSLUCENT
[218月2026 05:36:40.512] [Render thread/WARN] [Iris/]: Found perfect program match for minecraft:pipeline/entity_translucent_emissive: HAND_TRANSLUCENT
[218月2026 05:36:40.516] [Render thread/WARN] [Iris/]: Found perfect program match for minecraft:pipeline/entity_cutout: HAND_CUTOUT
[218月2026 05:36:40.516] [Render thread/WARN] [Iris/]: Found perfect program match for minecraft:pipeline/entity_translucent: HAND_TRANSLUCENT
[218月2026 05:36:40.516] [Render thread/WARN] [Iris/]: Found perfect program match for minecraft:pipeline/entity_translucent_emissive: HAND_TRANSLUCENT
[218月2026 05:36:40.521] [Render thread/WARN] [Iris/]: Found perfect program match for minecraft:pipeline/entity_cutout: HAND_CUTOUT
[218月2026 05:36:40.521] [Render thread/WARN] [Iris/]: Found perfect program match for minecraft:pipeline/entity_translucent: HAND_TRANSLUCENT
[218月2026 05:36:40.521] [Render thread/WARN] [Iris/]: Found perfect program match for minecraft:pipeline/entity_translucent_emissive: HAND_TRANSLUCENT
[218月2026 05:36:40.525] [Render thread/WARN] [Iris/]: Found perfect program match for minecraft:pipeline/entity_cutout: HAND_CUTOUT
[218月2026 05:36:40.525] [Render thread/WARN] [Iris/]: Found perfect program match for minecraft:pipeline/entity_translucent: HAND_TRANSLUCENT
[218月2026 05:36:40.525] [Render thread/WARN] [Iris/]: Found perfect program match for minecraft:pipeline/entity_translucent_emissive: HAND_TRANSLUCENT
[218月2026 05:36:40.531] [Render thread/WARN] [Iris/]: Found perfect program match for minecraft:pipeline/entity_cutout: HAND_CUTOUT
[218月2026 05:36:40.531] [Render thread/WARN] [Iris/]: Found perfect program match for minecraft:pipeline/entity_translucent: HAND_TRANSLUCENT
[218月2026 05:36:40.531] [Render thread/WARN] [Iris/]: Found perfect program match for minecraft:pipeline/entity_translucent_emissive: HAND_TRANSLUCENT
[218月2026 05:36:40.537] [Render thread/WARN] [Iris/]: Found perfect program match for minecraft:pipeline/entity_cutout: HAND_CUTOUT
[218月2026 05:36:40.537] [Render thread/WARN] [Iris/]: Found perfect program match for minecraft:pipeline/entity_translucent: HAND_TRANSLUCENT
[218月2026 05:36:40.537] [Render thread/WARN] [Iris/]: Found perfect program match for minecraft:pipeline/entity_translucent_emissive: HAND_TRANSLUCENT
[218月2026 05:36:40.542] [Render thread/WARN] [Iris/]: Found perfect program match for minecraft:pipeline/entity_cutout: HAND_CUTOUT
[218月2026 05:36:40.542] [Render thread/WARN] [Iris/]: Found perfect program match for minecraft:pipeline/entity_translucent: HAND_TRANSLUCENT
[218月2026 05:36:40.542] [Render thread/WARN] [Iris/]: Found perfect program match for minecraft:pipeline/entity_translucent_emissive: HAND_TRANSLUCENT
[218月2026 05:36:40.546] [Render thread/WARN] [Iris/]: Found perfect program match for minecraft:pipeline/entity_cutout: HAND_CUTOUT
[218月2026 05:36:40.547] [Render thread/WARN] [Iris/]: Found perfect program match for minecraft:pipeline/entity_translucent: HAND_TRANSLUCENT
[218月2026 05:36:40.547] [Render thread/WARN] [Iris/]: Found perfect program match for minecraft:pipeline/entity_translucent_emissive: HAND_TRANSLUCENT
[218月2026 05:36:40.552] [Render thread/WARN] [Iris/]: Found perfect program match for minecraft:pipeline/entity_cutout: HAND_CUTOUT
[218月2026 05:36:40.552] [Render thread/WARN] [Iris/]: Found perfect program match for minecraft:pipeline/entity_translucent: HAND_TRANSLUCENT
[218月2026 05:36:40.552] [Render thread/WARN] [Iris/]: Found perfect program match for minecraft:pipeline/entity_translucent_emissive: HAND_TRANSLUCENT
[218月2026 05:36:40.556] [Render thread/WARN] [Iris/]: Found perfect program match for minecraft:pipeline/entity_cutout: HAND_CUTOUT
[218月2026 05:36:40.557] [Render thread/WARN] [Iris/]: Found perfect program match for minecraft:pipeline/entity_translucent: HAND_TRANSLUCENT
[218月2026 05:36:40.557] [Render thread/WARN] [Iris/]: Found perfect program match for minecraft:pipeline/entity_translucent_emissive: HAND_TRANSLUCENT
[218月2026 05:36:40.562] [Render thread/WARN] [Iris/]: Found perfect program match for minecraft:pipeline/entity_cutout: HAND_CUTOUT
[218月2026 05:36:40.562] [Render thread/WARN] [Iris/]: Found perfect program match for minecraft:pipeline/entity_translucent: HAND_TRANSLUCENT
[218月2026 05:36:40.562] [Render thread/WARN] [Iris/]: Found perfect program match for minecraft:pipeline/entity_translucent_emissive: HAND_TRANSLUCENT
[218月2026 05:36:40.565] [Render thread/WARN] [Iris/]: Found perfect program match for minecraft:pipeline/entity_cutout: HAND_CUTOUT
[218月2026 05:36:40.565] [Render thread/WARN] [Iris/]: Found perfect program match for minecraft:pipeline/entity_translucent: HAND_TRANSLUCENT
[218月2026 05:36:40.565] [Render thread/WARN] [Iris/]: Found perfect program match for minecraft:pipeline/entity_translucent_emissive: HAND_TRANSLUCENT
[218月2026 05:36:40.569] [Render thread/WARN] [Iris/]: Found perfect program match for minecraft:pipeline/entity_cutout: HAND_CUTOUT
[218月2026 05:36:40.569] [Render thread/WARN] [Iris/]: Found perfect program match for minecraft:pipeline/entity_translucent: HAND_TRANSLUCENT
[218月2026 05:36:40.569] [Render thread/WARN] [Iris/]: Found perfect program match for minecraft:pipeline/entity_translucent_emissive: HAND_TRANSLUCENT
[218月2026 05:36:40.574] [Render thread/WARN] [Iris/]: Found perfect program match for minecraft:pipeline/entity_cutout: HAND_CUTOUT
[218月2026 05:36:40.574] [Render thread/WARN] [Iris/]: Found perfect program match for minecraft:pipeline/entity_translucent: HAND_TRANSLUCENT
[218月2026 05:36:40.574] [Render thread/WARN] [Iris/]: Found perfect program match for minecraft:pipeline/entity_translucent_emissive: HAND_TRANSLUCENT
[218月2026 05:36:40.578] [Render thread/WARN] [Iris/]: Found perfect program match for minecraft:pipeline/entity_cutout: HAND_CUTOUT
[218月2026 05:36:40.578] [Render thread/WARN] [Iris/]: Found perfect program match for minecraft:pipeline/entity_translucent: HAND_TRANSLUCENT
[218月2026 05:36:40.578] [Render thread/WARN] [Iris/]: Found perfect program match for minecraft:pipeline/entity_translucent_emissive: HAND_TRANSLUCENT
[218月2026 05:36:40.583] [Render thread/WARN] [Iris/]: Found perfect program match for minecraft:pipeline/entity_cutout: HAND_CUTOUT
[218月2026 05:36:40.583] [Render thread/WARN] [Iris/]: Found perfect program match for minecraft:pipeline/entity_translucent: HAND_TRANSLUCENT
[218月2026 05:36:40.583] [Render thread/WARN] [Iris/]: Found perfect program match for minecraft:pipeline/entity_translucent_emissive: HAND_TRANSLUCENT
[218月2026 05:36:40.586] [Render thread/WARN] [Iris/]: Found perfect program match for minecraft:pipeline/entity_cutout: HAND_CUTOUT
[218月2026 05:36:40.586] [Render thread/WARN] [Iris/]: Found perfect program match for minecraft:pipeline/entity_translucent: HAND_TRANSLUCENT
[218月2026 05:36:40.586] [Render thread/WARN] [Iris/]: Found perfect program match for minecraft:pipeline/entity_translucent_emissive: HAND_TRANSLUCENT
[218月2026 05:36:40.592] [Render thread/WARN] [Iris/]: Found perfect program match for minecraft:pipeline/entity_cutout: HAND_CUTOUT
[218月2026 05:36:40.592] [Render thread/WARN] [Iris/]: Found perfect program match for minecraft:pipeline/entity_translucent: HAND_TRANSLUCENT
[218月2026 05:36:40.592] [Render thread/WARN] [Iris/]: Found perfect program match for minecraft:pipeline/entity_translucent_emissive: HAND_TRANSLUCENT
[218月2026 05:36:40.595] [Render thread/WARN] [Iris/]: Found perfect program match for minecraft:pipeline/entity_cutout: HAND_CUTOUT
[218月2026 05:36:40.595] [Render thread/WARN] [Iris/]: Found perfect program match for minecraft:pipeline/entity_translucent: HAND_TRANSLUCENT
[218月2026 05:36:40.595] [Render thread/WARN] [Iris/]: Found perfect program match for minecraft:pipeline/entity_translucent_emissive: HAND_TRANSLUCENT
[218月2026 05:36:40.599] [Render thread/WARN] [Iris/]: Found perfect program match for minecraft:pipeline/entity_cutout: HAND_CUTOUT
[218月2026 05:36:40.599] [Render thread/WARN] [Iris/]: Found perfect program match for minecraft:pipeline/entity_translucent: HAND_TRANSLUCENT
[218月2026 05:36:40.599] [Render thread/WARN] [Iris/]: Found perfect program match for minecraft:pipeline/entity_translucent_emissive: HAND_TRANSLUCENT
[218月2026 05:36:40.603] [Render thread/WARN] [Iris/]: Found perfect program match for minecraft:pipeline/entity_cutout: HAND_CUTOUT
[218月2026 05:36:40.603] [Render thread/WARN] [Iris/]: Found perfect program match for minecraft:pipeline/entity_translucent: HAND_TRANSLUCENT
[218月2026 05:36:40.603] [Render thread/WARN] [Iris/]: Found perfect program match for minecraft:pipeline/entity_translucent_emissive: HAND_TRANSLUCENT
[218月2026 05:36:40.607] [Render thread/WARN] [Iris/]: Found perfect program match for minecraft:pipeline/entity_cutout: HAND_CUTOUT
[218月2026 05:36:40.607] [Render thread/WARN] [Iris/]: Found perfect program match for minecraft:pipeline/entity_translucent: HAND_TRANSLUCENT
[218月2026 05:36:40.607] [Render thread/WARN] [Iris/]: Found perfect program match for minecraft:pipeline/entity_translucent_emissive: HAND_TRANSLUCENT
[218月2026 05:36:40.611] [Render thread/WARN] [Iris/]: Found perfect program match for minecraft:pipeline/entity_cutout: HAND_CUTOUT
[218月2026 05:36:40.611] [Render thread/WARN] [Iris/]: Found perfect program match for minecraft:pipeline/entity_translucent: HAND_TRANSLUCENT
[218月2026 05:36:40.611] [Render thread/WARN] [Iris/]: Found perfect program match for minecraft:pipeline/entity_translucent_emissive: HAND_TRANSLUCENT
[218月2026 05:36:40.615] [Render thread/WARN] [Iris/]: Found perfect program match for minecraft:pipeline/entity_cutout: HAND_CUTOUT
[218月2026 05:36:40.615] [Render thread/WARN] [Iris/]: Found perfect program match for minecraft:pipeline/entity_translucent: HAND_TRANSLUCENT
[218月2026 05:36:40.615] [Render thread/WARN] [Iris/]: Found perfect program match for minecraft:pipeline/entity_translucent_emissive: HAND_TRANSLUCENT
[218月2026 05:36:40.620] [Render thread/WARN] [Iris/]: Found perfect program match for minecraft:pipeline/entity_cutout: HAND_CUTOUT
[218月2026 05:36:40.620] [Render thread/WARN] [Iris/]: Found perfect program match for minecraft:pipeline/entity_translucent: HAND_TRANSLUCENT
[218月2026 05:36:40.620] [Render thread/WARN] [Iris/]: Found perfect program match for minecraft:pipeline/entity_translucent_emissive: HAND_TRANSLUCENT
[218月2026 05:36:40.624] [Render thread/WARN] [Iris/]: Found perfect program match for minecraft:pipeline/entity_cutout: HAND_CUTOUT
[218月2026 05:36:40.624] [Render thread/WARN] [Iris/]: Found perfect program match for minecraft:pipeline/entity_translucent: HAND_TRANSLUCENT
[218月2026 05:36:40.624] [Render thread/WARN] [Iris/]: Found perfect program match for minecraft:pipeline/entity_translucent_emissive: HAND_TRANSLUCENT
[218月2026 05:36:40.629] [Render thread/WARN] [Iris/]: Found perfect program match for minecraft:pipeline/entity_cutout: HAND_CUTOUT
[218月2026 05:36:40.629] [Render thread/WARN] [Iris/]: Found perfect program match for minecraft:pipeline/entity_translucent: HAND_TRANSLUCENT
[218月2026 05:36:40.629] [Render thread/WARN] [Iris/]: Found perfect program match for minecraft:pipeline/entity_translucent_emissive: HAND_TRANSLUCENT
[218月2026 05:36:40.635] [Render thread/WARN] [Iris/]: Found perfect program match for minecraft:pipeline/entity_cutout: HAND_CUTOUT
[218月2026 05:36:40.635] [Render thread/WARN] [Iris/]: Found perfect program match for minecraft:pipeline/entity_translucent: HAND_TRANSLUCENT
[218月2026 05:36:40.635] [Render thread/WARN] [Iris/]: Found perfect program match for minecraft:pipeline/entity_translucent_emissive: HAND_TRANSLUCENT
[218月2026 05:36:40.640] [Render thread/WARN] [Iris/]: Found perfect program match for minecraft:pipeline/entity_cutout: HAND_CUTOUT
[218月2026 05:36:40.641] [Render thread/WARN] [Iris/]: Found perfect program match for minecraft:pipeline/entity_translucent: HAND_TRANSLUCENT
[218月2026 05:36:40.641] [Render thread/WARN] [Iris/]: Found perfect program match for minecraft:pipeline/entity_translucent_emissive: HAND_TRANSLUCENT
[218月2026 05:36:40.643] [Render thread/INFO] [net.minecraft.client.renderer.DynamicUniformStorage/]: Resizing Dynamic Transforms UBO, capacity limit of 16 reached during a single frame. New capacity will be 32.
[218月2026 05:36:40.651] [Render thread/WARN] [Iris/]: Found perfect program match for minecraft:pipeline/entity_cutout: HAND_CUTOUT
[218月2026 05:36:40.651] [Render thread/WARN] [Iris/]: Found perfect program match for minecraft:pipeline/entity_translucent: HAND_TRANSLUCENT
[218月2026 05:36:40.651] [Render thread/WARN] [Iris/]: Found perfect program match for minecraft:pipeline/entity_translucent_emissive: HAND_TRANSLUCENT
[218月2026 05:36:40.658] [Render thread/WARN] [Iris/]: Found perfect program match for minecraft:pipeline/entity_cutout: HAND_CUTOUT
[218月2026 05:36:40.658] [Render thread/WARN] [Iris/]: Found perfect program match for minecraft:pipeline/entity_translucent: HAND_TRANSLUCENT
[218月2026 05:36:40.658] [Render thread/WARN] [Iris/]: Found perfect program match for minecraft:pipeline/entity_translucent_emissive: HAND_TRANSLUCENT
[218月2026 05:36:40.665] [Render thread/WARN] [Iris/]: Found perfect program match for minecraft:pipeline/entity_cutout: HAND_CUTOUT
[218月2026 05:36:40.665] [Render thread/WARN] [Iris/]: Found perfect program match for minecraft:pipeline/entity_translucent: HAND_TRANSLUCENT
[218月2026 05:36:40.665] [Render thread/WARN] [Iris/]: Found perfect program match for minecraft:pipeline/entity_translucent_emissive: HAND_TRANSLUCENT
[218月2026 05:36:40.672] [Render thread/WARN] [Iris/]: Found perfect program match for minecraft:pipeline/entity_cutout: HAND_CUTOUT
[218月2026 05:36:40.672] [Render thread/WARN] [Iris/]: Found perfect program match for minecraft:pipeline/entity_translucent: HAND_TRANSLUCENT
[218月2026 05:36:40.672] [Render thread/WARN] [Iris/]: Found perfect program match for minecraft:pipeline/entity_translucent_emissive: HAND_TRANSLUCENT
[218月2026 05:36:40.678] [Render thread/WARN] [Iris/]: Found perfect program match for minecraft:pipeline/entity_cutout: HAND_CUTOUT
[218月2026 05:36:40.678] [Render thread/WARN] [Iris/]: Found perfect program match for minecraft:pipeline/entity_translucent: HAND_TRANSLUCENT
[218月2026 05:36:40.678] [Render thread/WARN] [Iris/]: Found perfect program match for minecraft:pipeline/entity_translucent_emissive: HAND_TRANSLUCENT
[218月2026 05:36:40.685] [Render thread/WARN] [Iris/]: Found perfect program match for minecraft:pipeline/entity_cutout: HAND_CUTOUT
[218月2026 05:36:40.685] [Render thread/WARN] [Iris/]: Found perfect program match for minecraft:pipeline/entity_translucent: HAND_TRANSLUCENT
[218月2026 05:36:40.685] [Render thread/WARN] [Iris/]: Found perfect program match for minecraft:pipeline/entity_translucent_emissive: HAND_TRANSLUCENT
[218月2026 05:36:40.691] [Render thread/WARN] [Iris/]: Found perfect program match for minecraft:pipeline/entity_cutout: HAND_CUTOUT
[218月2026 05:36:40.691] [Render thread/WARN] [Iris/]: Found perfect program match for minecraft:pipeline/entity_translucent: HAND_TRANSLUCENT
[218月2026 05:36:40.691] [Render thread/WARN] [Iris/]: Found perfect program match for minecraft:pipeline/entity_translucent_emissive: HAND_TRANSLUCENT
[218月2026 05:36:40.697] [Render thread/WARN] [Iris/]: Found perfect program match for minecraft:pipeline/entity_cutout: HAND_CUTOUT
[218月2026 05:36:40.697] [Render thread/WARN] [Iris/]: Found perfect program match for minecraft:pipeline/entity_translucent: HAND_TRANSLUCENT
[218月2026 05:36:40.697] [Render thread/WARN] [Iris/]: Found perfect program match for minecraft:pipeline/entity_translucent_emissive: HAND_TRANSLUCENT
[218月2026 05:36:40.701] [Render thread/WARN] [Iris/]: Found perfect program match for minecraft:pipeline/entity_cutout: HAND_CUTOUT
[218月2026 05:36:40.701] [Render thread/WARN] [Iris/]: Found perfect program match for minecraft:pipeline/entity_translucent: HAND_TRANSLUCENT
[218月2026 05:36:40.701] [Render thread/WARN] [Iris/]: Found perfect program match for minecraft:pipeline/entity_translucent_emissive: HAND_TRANSLUCENT
[218月2026 05:36:40.706] [Render thread/WARN] [Iris/]: Found perfect program match for minecraft:pipeline/entity_cutout: HAND_CUTOUT
[218月2026 05:36:40.706] [Render thread/WARN] [Iris/]: Found perfect program match for minecraft:pipeline/entity_translucent: HAND_TRANSLUCENT
[218月2026 05:36:40.706] [Render thread/WARN] [Iris/]: Found perfect program match for minecraft:pipeline/entity_translucent_emissive: HAND_TRANSLUCENT
[218月2026 05:36:40.713] [Render thread/WARN] [Iris/]: Found perfect program match for minecraft:pipeline/entity_cutout: HAND_CUTOUT
[218月2026 05:36:40.714] [Render thread/WARN] [Iris/]: Found perfect program match for minecraft:pipeline/entity_translucent: HAND_TRANSLUCENT
[218月2026 05:36:40.714] [Render thread/WARN] [Iris/]: Found perfect program match for minecraft:pipeline/entity_translucent_emissive: HAND_TRANSLUCENT
[218月2026 05:36:40.719] [Render thread/WARN] [Iris/]: Found perfect program match for minecraft:pipeline/entity_cutout: HAND_CUTOUT
[218月2026 05:36:40.719] [Render thread/WARN] [Iris/]: Found perfect program match for minecraft:pipeline/entity_translucent: HAND_TRANSLUCENT
[218月2026 05:36:40.719] [Render thread/WARN] [Iris/]: Found perfect program match for minecraft:pipeline/entity_translucent_emissive: HAND_TRANSLUCENT
[218月2026 05:36:40.721] [Render thread/INFO] [com.mojang.blaze3d.opengl.GlDebug/]: OpenGL debug message: id=1198, source=API, type=ERROR, severity=HIGH, message='No detailed debug message due to a non-debug context'
[218月2026 05:36:40.721] [Render thread/INFO] [com.mojang.blaze3d.opengl.GlDebug/]: OpenGL debug message: id=1198, source=API, type=ERROR, severity=HIGH, message='No detailed debug message due to a non-debug context'
[218月2026 05:36:40.725] [Render thread/WARN] [Iris/]: Found perfect program match for minecraft:pipeline/entity_cutout: HAND_CUTOUT
[218月2026 05:36:40.726] [Render thread/WARN] [Iris/]: Found perfect program match for minecraft:pipeline/entity_translucent: HAND_TRANSLUCENT
[218月2026 05:36:40.726] [Render thread/WARN] [Iris/]: Found perfect program match for minecraft:pipeline/entity_translucent_emissive: HAND_TRANSLUCENT
[218月2026 05:36:40.733] [Render thread/WARN] [Iris/]: Found perfect program match for minecraft:pipeline/entity_cutout: HAND_CUTOUT
[218月2026 05:36:40.734] [Render thread/WARN] [Iris/]: Found perfect program match for minecraft:pipeline/entity_translucent: HAND_TRANSLUCENT
[218月2026 05:36:40.734] [Render thread/WARN] [Iris/]: Found perfect program match for minecraft:pipeline/entity_translucent_emissive: HAND_TRANSLUCENT
[218月2026 05:36:40.737] [Render thread/WARN] [Iris/]: Found perfect program match for minecraft:pipeline/entity_cutout: HAND_CUTOUT
[218月2026 05:36:40.739] [Render thread/WARN] [Iris/]: Found perfect program match for minecraft:pipeline/entity_translucent: HAND_TRANSLUCENT
[218月2026 05:36:40.739] [Render thread/WARN] [Iris/]: Found perfect program match for minecraft:pipeline/entity_translucent_emissive: HAND_TRANSLUCENT
[218月2026 05:36:40.744] [Render thread/WARN] [Iris/]: Found perfect program match for minecraft:pipeline/entity_cutout: HAND_CUTOUT
[218月2026 05:36:40.744] [Render thread/WARN] [Iris/]: Found perfect program match for minecraft:pipeline/entity_translucent: HAND_TRANSLUCENT
[218月2026 05:36:40.744] [Render thread/WARN] [Iris/]: Found perfect program match for minecraft:pipeline/entity_translucent_emissive: HAND_TRANSLUCENT
[218月2026 05:36:40.745] [Render thread/INFO] [com.mojang.blaze3d.opengl.GlDebug/]: OpenGL debug message: id=1198, source=API, type=ERROR, severity=HIGH, message='No detailed debug message due to a non-debug context'
[218月2026 05:36:40.745] [Render thread/INFO] [com.mojang.blaze3d.opengl.GlDebug/]: OpenGL debug message: id=1198, source=API, type=ERROR, severity=HIGH, message='No detailed debug message due to a non-debug context'
[218月2026 05:36:40.749] [Render thread/WARN] [Iris/]: Found perfect program match for minecraft:pipeline/entity_cutout: HAND_CUTOUT
[218月2026 05:36:40.749] [Render thread/WARN] [Iris/]: Found perfect program match for minecraft:pipeline/entity_translucent: HAND_TRANSLUCENT
[218月2026 05:36:40.749] [Render thread/WARN] [Iris/]: Found perfect program match for minecraft:pipeline/entity_translucent_emissive: HAND_TRANSLUCENT
[218月2026 05:36:40.754] [Render thread/WARN] [Iris/]: Found perfect program match for minecraft:pipeline/entity_cutout: HAND_CUTOUT
[218月2026 05:36:40.754] [Render thread/WARN] [Iris/]: Found perfect program match for minecraft:pipeline/entity_translucent: HAND_TRANSLUCENT
[218月2026 05:36:40.754] [Render thread/WARN] [Iris/]: Found perfect program match for minecraft:pipeline/entity_translucent_emissive: HAND_TRANSLUCENT
[218月2026 05:36:40.759] [Render thread/WARN] [Iris/]: Found perfect program match for minecraft:pipeline/entity_cutout: HAND_CUTOUT
[218月2026 05:36:40.759] [Render thread/WARN] [Iris/]: Found perfect program match for minecraft:pipeline/entity_translucent: HAND_TRANSLUCENT
[218月2026 05:36:40.759] [Render thread/WARN] [Iris/]: Found perfect program match for minecraft:pipeline/entity_translucent_emissive: HAND_TRANSLUCENT
[218月2026 05:36:40.763] [Render thread/WARN] [Iris/]: Found perfect program match for minecraft:pipeline/entity_cutout: HAND_CUTOUT
[218月2026 05:36:40.763] [Render thread/WARN] [Iris/]: Found perfect program match for minecraft:pipeline/entity_translucent: HAND_TRANSLUCENT
[218月2026 05:36:40.763] [Render thread/WARN] [Iris/]: Found perfect program match for minecraft:pipeline/entity_translucent_emissive: HAND_TRANSLUCENT
[218月2026 05:36:40.767] [Render thread/WARN] [Iris/]: Found perfect program match for minecraft:pipeline/entity_cutout: HAND_CUTOUT
[218月2026 05:36:40.767] [Render thread/WARN] [Iris/]: Found perfect program match for minecraft:pipeline/entity_translucent: HAND_TRANSLUCENT
[218月2026 05:36:40.767] [Render thread/WARN] [Iris/]: Found perfect program match for minecraft:pipeline/entity_translucent_emissive: HAND_TRANSLUCENT
[218月2026 05:36:40.772] [Render thread/WARN] [Iris/]: Found perfect program match for minecraft:pipeline/entity_cutout: HAND_CUTOUT
[218月2026 05:36:40.772] [Render thread/WARN] [Iris/]: Found perfect program match for minecraft:pipeline/entity_translucent: HAND_TRANSLUCENT
[218月2026 05:36:40.772] [Render thread/WARN] [Iris/]: Found perfect program match for minecraft:pipeline/entity_translucent_emissive: HAND_TRANSLUCENT
[218月2026 05:36:40.777] [Render thread/WARN] [Iris/]: Found perfect program match for minecraft:pipeline/entity_cutout: HAND_CUTOUT
[218月2026 05:36:40.778] [Render thread/WARN] [Iris/]: Found perfect program match for minecraft:pipeline/entity_translucent: HAND_TRANSLUCENT
[218月2026 05:36:40.778] [Render thread/WARN] [Iris/]: Found perfect program match for minecraft:pipeline/entity_translucent_emissive: HAND_TRANSLUCENT
[218月2026 05:36:40.783] [Render thread/WARN] [Iris/]: Found perfect program match for minecraft:pipeline/entity_cutout: HAND_CUTOUT
[218月2026 05:36:40.785] [Render thread/WARN] [Iris/]: Found perfect program match for minecraft:pipeline/entity_translucent: HAND_TRANSLUCENT
[218月2026 05:36:40.785] [Render thread/WARN] [Iris/]: Found perfect program match for minecraft:pipeline/entity_translucent_emissive: HAND_TRANSLUCENT
[218月2026 05:36:40.789] [Render thread/WARN] [Iris/]: Found perfect program match for minecraft:pipeline/entity_cutout: HAND_CUTOUT
[218月2026 05:36:40.789] [Render thread/WARN] [Iris/]: Found perfect program match for minecraft:pipeline/entity_translucent: HAND_TRANSLUCENT
[218月2026 05:36:40.789] [Render thread/WARN] [Iris/]: Found perfect program match for minecraft:pipeline/entity_translucent_emissive: HAND_TRANSLUCENT
[218月2026 05:36:40.793] [Render thread/WARN] [Iris/]: Found perfect program match for minecraft:pipeline/entity_cutout: HAND_CUTOUT
[218月2026 05:36:40.793] [Render thread/WARN] [Iris/]: Found perfect program match for minecraft:pipeline/entity_translucent: HAND_TRANSLUCENT
[218月2026 05:36:40.793] [Render thread/WARN] [Iris/]: Found perfect program match for minecraft:pipeline/entity_translucent_emissive: HAND_TRANSLUCENT
[218月2026 05:36:40.797] [Render thread/WARN] [Iris/]: Found perfect program match for minecraft:pipeline/entity_cutout: HAND_CUTOUT
[218月2026 05:36:40.797] [Render thread/WARN] [Iris/]: Found perfect program match for minecraft:pipeline/entity_translucent: HAND_TRANSLUCENT
[218月2026 05:36:40.797] [Render thread/WARN] [Iris/]: Found perfect program match for minecraft:pipeline/entity_translucent_emissive: HAND_TRANSLUCENT
[218月2026 05:36:40.803] [Render thread/WARN] [Iris/]: Found perfect program match for minecraft:pipeline/entity_cutout: HAND_CUTOUT
[218月2026 05:36:40.803] [Render thread/WARN] [Iris/]: Found perfect program match for minecraft:pipeline/entity_translucent: HAND_TRANSLUCENT
[218月2026 05:36:40.803] [Render thread/WARN] [Iris/]: Found perfect program match for minecraft:pipeline/entity_translucent_emissive: HAND_TRANSLUCENT
[218月2026 05:36:40.804] [Render thread/INFO] [com.mojang.blaze3d.opengl.GlDebug/]: OpenGL debug message: id=1198, source=API, type=ERROR, severity=HIGH, message='No detailed debug message due to a non-debug context'
[218月2026 05:36:40.804] [Render thread/INFO] [com.mojang.blaze3d.opengl.GlDebug/]: OpenGL debug message: id=1198, source=API, type=ERROR, severity=HIGH, message='No detailed debug message due to a non-debug context'
[218月2026 05:36:40.807] [Render thread/WARN] [Iris/]: Found perfect program match for minecraft:pipeline/entity_cutout: HAND_CUTOUT
[218月2026 05:36:40.807] [Render thread/WARN] [Iris/]: Found perfect program match for minecraft:pipeline/entity_translucent: HAND_TRANSLUCENT
[218月2026 05:36:40.807] [Render thread/WARN] [Iris/]: Found perfect program match for minecraft:pipeline/entity_translucent_emissive: HAND_TRANSLUCENT
[218月2026 05:36:40.811] [Render thread/WARN] [Iris/]: Found perfect program match for minecraft:pipeline/entity_cutout: HAND_CUTOUT
[218月2026 05:36:40.811] [Render thread/WARN] [Iris/]: Found perfect program match for minecraft:pipeline/entity_translucent: HAND_TRANSLUCENT
[218月2026 05:36:40.811] [Render thread/WARN] [Iris/]: Found perfect program match for minecraft:pipeline/entity_translucent_emissive: HAND_TRANSLUCENT
[218月2026 05:36:40.812] [Render thread/INFO] [com.mojang.blaze3d.opengl.GlDebug/]: OpenGL debug message: id=1198, source=API, type=ERROR, severity=HIGH, message='No detailed debug message due to a non-debug context'
[218月2026 05:36:40.813] [Render thread/INFO] [com.mojang.blaze3d.opengl.GlDebug/]: OpenGL debug message: id=1198, source=API, type=ERROR, severity=HIGH, message='No detailed debug message due to a non-debug context'
[218月2026 05:36:40.816] [Render thread/WARN] [Iris/]: Found perfect program match for minecraft:pipeline/entity_cutout: HAND_CUTOUT
[218月2026 05:36:40.816] [Render thread/WARN] [Iris/]: Found perfect program match for minecraft:pipeline/entity_translucent: HAND_TRANSLUCENT
[218月2026 05:36:40.816] [Render thread/WARN] [Iris/]: Found perfect program match for minecraft:pipeline/entity_translucent_emissive: HAND_TRANSLUCENT
[218月2026 05:36:40.817] [Render thread/INFO] [com.mojang.blaze3d.opengl.GlDebug/]: OpenGL debug message: id=1198, source=API, type=ERROR, severity=HIGH, message='No detailed debug message due to a non-debug context'
[218月2026 05:36:40.817] [Render thread/INFO] [com.mojang.blaze3d.opengl.GlDebug/]: OpenGL debug message: id=1198, source=API, type=ERROR, severity=HIGH, message='No detailed debug message due to a non-debug context'
[218月2026 05:36:40.821] [Render thread/WARN] [Iris/]: Found perfect program match for minecraft:pipeline/entity_cutout: HAND_CUTOUT
[218月2026 05:36:40.822] [Render thread/WARN] [Iris/]: Found perfect program match for minecraft:pipeline/entity_translucent: HAND_TRANSLUCENT
[218月2026 05:36:40.822] [Render thread/WARN] [Iris/]: Found perfect program match for minecraft:pipeline/entity_translucent_emissive: HAND_TRANSLUCENT
[218月2026 05:36:40.823] [Render thread/INFO] [com.mojang.blaze3d.opengl.GlDebug/]: OpenGL debug message: id=1198, source=API, type=ERROR, severity=HIGH, message='No detailed debug message due to a non-debug context'
[218月2026 05:36:40.823] [Render thread/INFO] [com.mojang.blaze3d.opengl.GlDebug/]: OpenGL debug message: id=1198, source=API, type=ERROR, severity=HIGH, message='No detailed debug message due to a non-debug context'
[218月2026 05:36:40.826] [Render thread/WARN] [Iris/]: Found perfect program match for minecraft:pipeline/entity_cutout: HAND_CUTOUT
[218月2026 05:36:40.827] [Render thread/WARN] [Iris/]: Found perfect program match for minecraft:pipeline/entity_translucent: HAND_TRANSLUCENT
[218月2026 05:36:40.827] [Render thread/WARN] [Iris/]: Found perfect program match for minecraft:pipeline/entity_translucent_emissive: HAND_TRANSLUCENT
[218月2026 05:36:40.832] [Render thread/WARN] [Iris/]: Found perfect program match for minecraft:pipeline/entity_cutout: HAND_CUTOUT
[218月2026 05:36:40.832] [Render thread/WARN] [Iris/]: Found perfect program match for minecraft:pipeline/entity_translucent: HAND_TRANSLUCENT
[218月2026 05:36:40.832] [Render thread/WARN] [Iris/]: Found perfect program match for minecraft:pipeline/entity_translucent_emissive: HAND_TRANSLUCENT
[218月2026 05:36:40.839] [Render thread/WARN] [Iris/]: Found perfect program match for minecraft:pipeline/entity_cutout: HAND_CUTOUT
[218月2026 05:36:40.839] [Render thread/WARN] [Iris/]: Found perfect program match for minecraft:pipeline/entity_translucent: HAND_TRANSLUCENT
[218月2026 05:36:40.839] [Render thread/WARN] [Iris/]: Found perfect program match for minecraft:pipeline/entity_translucent_emissive: HAND_TRANSLUCENT
[218月2026 05:36:40.844] [Render thread/WARN] [Iris/]: Found perfect program match for minecraft:pipeline/entity_cutout: HAND_CUTOUT
[218月2026 05:36:40.844] [Render thread/WARN] [Iris/]: Found perfect program match for minecraft:pipeline/entity_translucent: HAND_TRANSLUCENT
[218月2026 05:36:40.844] [Render thread/WARN] [Iris/]: Found perfect program match for minecraft:pipeline/entity_translucent_emissive: HAND_TRANSLUCENT
[218月2026 05:36:40.848] [Render thread/WARN] [Iris/]: Found perfect program match for minecraft:pipeline/entity_cutout: HAND_CUTOUT
[218月2026 05:36:40.848] [Render thread/WARN] [Iris/]: Found perfect program match for minecraft:pipeline/entity_translucent: HAND_TRANSLUCENT
[218月2026 05:36:40.848] [Render thread/WARN] [Iris/]: Found perfect program match for minecraft:pipeline/entity_translucent_emissive: HAND_TRANSLUCENT
[218月2026 05:36:40.849] [Render thread/INFO] [com.mojang.blaze3d.opengl.GlDebug/]: OpenGL debug message: id=1198, source=API, type=ERROR, severity=HIGH, message='No detailed debug message due to a non-debug context'
[218月2026 05:36:40.849] [Render thread/INFO] [com.mojang.blaze3d.opengl.GlDebug/]: OpenGL debug message: id=1198, source=API, type=ERROR, severity=HIGH, message='No detailed debug message due to a non-debug context'
[218月2026 05:36:40.852] [Render thread/WARN] [Iris/]: Found perfect program match for minecraft:pipeline/entity_cutout: HAND_CUTOUT
[218月2026 05:36:40.852] [Render thread/WARN] [Iris/]: Found perfect program match for minecraft:pipeline/entity_translucent: HAND_TRANSLUCENT
[218月2026 05:36:40.852] [Render thread/WARN] [Iris/]: Found perfect program match for minecraft:pipeline/entity_translucent_emissive: HAND_TRANSLUCENT
[218月2026 05:36:40.856] [Render thread/WARN] [Iris/]: Found perfect program match for minecraft:pipeline/entity_cutout: HAND_CUTOUT
[218月2026 05:36:40.856] [Render thread/WARN] [Iris/]: Found perfect program match for minecraft:pipeline/entity_translucent: HAND_TRANSLUCENT
[218月2026 05:36:40.856] [Render thread/WARN] [Iris/]: Found perfect program match for minecraft:pipeline/entity_translucent_emissive: HAND_TRANSLUCENT
[218月2026 05:36:40.860] [Render thread/WARN] [Iris/]: Found perfect program match for minecraft:pipeline/entity_cutout: HAND_CUTOUT
[218月2026 05:36:40.860] [Render thread/WARN] [Iris/]: Found perfect program match for minecraft:pipeline/entity_translucent: HAND_TRANSLUCENT
[218月2026 05:36:40.860] [Render thread/WARN] [Iris/]: Found perfect program match for minecraft:pipeline/entity_translucent_emissive: HAND_TRANSLUCENT
[218月2026 05:36:40.866] [Render thread/WARN] [Iris/]: Found perfect program match for minecraft:pipeline/entity_cutout: HAND_CUTOUT
[218月2026 05:36:40.866] [Render thread/WARN] [Iris/]: Found perfect program match for minecraft:pipeline/entity_translucent: HAND_TRANSLUCENT
[218月2026 05:36:40.866] [Render thread/WARN] [Iris/]: Found perfect program match for minecraft:pipeline/entity_translucent_emissive: HAND_TRANSLUCENT
[218月2026 05:36:40.871] [Render thread/WARN] [Iris/]: Found perfect program match for minecraft:pipeline/entity_cutout: HAND_CUTOUT
[218月2026 05:36:40.871] [Render thread/WARN] [Iris/]: Found perfect program match for minecraft:pipeline/entity_translucent: HAND_TRANSLUCENT
[218月2026 05:36:40.871] [Render thread/WARN] [Iris/]: Found perfect program match for minecraft:pipeline/entity_translucent_emissive: HAND_TRANSLUCENT
[218月2026 05:36:40.876] [Render thread/WARN] [Iris/]: Found perfect program match for minecraft:pipeline/entity_cutout: HAND_CUTOUT
[218月2026 05:36:40.876] [Render thread/WARN] [Iris/]: Found perfect program match for minecraft:pipeline/entity_translucent: HAND_TRANSLUCENT
[218月2026 05:36:40.876] [Render thread/WARN] [Iris/]: Found perfect program match for minecraft:pipeline/entity_translucent_emissive: HAND_TRANSLUCENT
[218月2026 05:36:40.880] [Render thread/WARN] [Iris/]: Found perfect program match for minecraft:pipeline/entity_cutout: HAND_CUTOUT
[218月2026 05:36:40.881] [Render thread/WARN] [Iris/]: Found perfect program match for minecraft:pipeline/entity_translucent: HAND_TRANSLUCENT
[218月2026 05:36:40.881] [Render thread/WARN] [Iris/]: Found perfect program match for minecraft:pipeline/entity_translucent_emissive: HAND_TRANSLUCENT
[218月2026 05:36:40.886] [Render thread/WARN] [Iris/]: Found perfect program match for minecraft:pipeline/entity_cutout: HAND_CUTOUT
[218月2026 05:36:40.886] [Render thread/WARN] [Iris/]: Found perfect program match for minecraft:pipeline/entity_translucent: HAND_TRANSLUCENT
[218月2026 05:36:40.886] [Render thread/WARN] [Iris/]: Found perfect program match for minecraft:pipeline/entity_translucent_emissive: HAND_TRANSLUCENT
[218月2026 05:36:40.892] [Render thread/WARN] [Iris/]: Found perfect program match for minecraft:pipeline/entity_cutout: HAND_CUTOUT
[218月2026 05:36:40.892] [Render thread/WARN] [Iris/]: Found perfect program match for minecraft:pipeline/entity_translucent: HAND_TRANSLUCENT
[218月2026 05:36:40.892] [Render thread/WARN] [Iris/]: Found perfect program match for minecraft:pipeline/entity_translucent_emissive: HAND_TRANSLUCENT
[218月2026 05:36:40.893] [Render thread/INFO] [com.mojang.blaze3d.opengl.GlDebug/]: OpenGL debug message: id=1198, source=API, type=ERROR, severity=HIGH, message='No detailed debug message due to a non-debug context'
[218月2026 05:36:40.893] [Render thread/INFO] [com.mojang.blaze3d.opengl.GlDebug/]: OpenGL debug message: id=1198, source=API, type=ERROR, severity=HIGH, message='No detailed debug message due to a non-debug context'
[218月2026 05:36:40.896] [Render thread/WARN] [Iris/]: Found perfect program match for minecraft:pipeline/entity_cutout: HAND_CUTOUT
[218月2026 05:36:40.896] [Render thread/WARN] [Iris/]: Found perfect program match for minecraft:pipeline/entity_translucent: HAND_TRANSLUCENT
[218月2026 05:36:40.896] [Render thread/WARN] [Iris/]: Found perfect program match for minecraft:pipeline/entity_translucent_emissive: HAND_TRANSLUCENT
[218月2026 05:36:40.899] [Render thread/WARN] [Iris/]: Found perfect program match for minecraft:pipeline/entity_cutout: HAND_CUTOUT
[218月2026 05:36:40.899] [Render thread/WARN] [Iris/]: Found perfect program match for minecraft:pipeline/entity_translucent: HAND_TRANSLUCENT
[218月2026 05:36:40.899] [Render thread/WARN] [Iris/]: Found perfect program match for minecraft:pipeline/entity_translucent_emissive: HAND_TRANSLUCENT
[218月2026 05:36:40.900] [Render thread/INFO] [com.mojang.blaze3d.opengl.GlDebug/]: OpenGL debug message: id=1198, source=API, type=ERROR, severity=HIGH, message='No detailed debug message due to a non-debug context'
[218月2026 05:36:40.900] [Render thread/INFO] [com.mojang.blaze3d.opengl.GlDebug/]: OpenGL debug message: id=1198, source=API, type=ERROR, severity=HIGH, message='No detailed debug message due to a non-debug context'
[218月2026 05:36:40.904] [Render thread/WARN] [Iris/]: Found perfect program match for minecraft:pipeline/entity_cutout: HAND_CUTOUT
[218月2026 05:36:40.904] [Render thread/WARN] [Iris/]: Found perfect program match for minecraft:pipeline/entity_translucent: HAND_TRANSLUCENT
[218月2026 05:36:40.904] [Render thread/WARN] [Iris/]: Found perfect program match for minecraft:pipeline/entity_translucent_emissive: HAND_TRANSLUCENT
[218月2026 05:36:40.907] [Render thread/WARN] [Iris/]: Found perfect program match for minecraft:pipeline/entity_cutout: HAND_CUTOUT
[218月2026 05:36:40.907] [Render thread/WARN] [Iris/]: Found perfect program match for minecraft:pipeline/entity_translucent: HAND_TRANSLUCENT
[218月2026 05:36:40.907] [Render thread/WARN] [Iris/]: Found perfect program match for minecraft:pipeline/entity_translucent_emissive: HAND_TRANSLUCENT
[218月2026 05:36:40.909] [Render thread/INFO] [com.mojang.blaze3d.opengl.GlDebug/]: OpenGL debug message: id=1198, source=API, type=ERROR, severity=HIGH, message='No detailed debug message due to a non-debug context'
[218月2026 05:36:40.909] [Render thread/INFO] [com.mojang.blaze3d.opengl.GlDebug/]: OpenGL debug message: id=1198, source=API, type=ERROR, severity=HIGH, message='No detailed debug message due to a non-debug context'
[218月2026 05:36:40.911] [Render thread/WARN] [Iris/]: Found perfect program match for minecraft:pipeline/entity_cutout: HAND_CUTOUT
[218月2026 05:36:40.911] [Render thread/WARN] [Iris/]: Found perfect program match for minecraft:pipeline/entity_translucent: HAND_TRANSLUCENT
[218月2026 05:36:40.911] [Render thread/WARN] [Iris/]: Found perfect program match for minecraft:pipeline/entity_translucent_emissive: HAND_TRANSLUCENT
[218月2026 05:36:40.912] [Render thread/INFO] [com.mojang.blaze3d.opengl.GlDebug/]: OpenGL debug message: id=1198, source=API, type=ERROR, severity=HIGH, message='No detailed debug message due to a non-debug context'
[218月2026 05:36:40.912] [Render thread/INFO] [com.mojang.blaze3d.opengl.GlDebug/]: OpenGL debug message: id=1198, source=API, type=ERROR, severity=HIGH, message='No detailed debug message due to a non-debug context'
[218月2026 05:36:40.916] [Render thread/WARN] [Iris/]: Found perfect program match for minecraft:pipeline/entity_cutout: HAND_CUTOUT
[218月2026 05:36:40.916] [Render thread/WARN] [Iris/]: Found perfect program match for minecraft:pipeline/entity_translucent: HAND_TRANSLUCENT
[218月2026 05:36:40.916] [Render thread/WARN] [Iris/]: Found perfect program match for minecraft:pipeline/entity_translucent_emissive: HAND_TRANSLUCENT
[218月2026 05:36:40.920] [Render thread/WARN] [Iris/]: Found perfect program match for minecraft:pipeline/entity_cutout: HAND_CUTOUT
[218月2026 05:36:40.921] [Render thread/WARN] [Iris/]: Found perfect program match for minecraft:pipeline/entity_translucent: HAND_TRANSLUCENT
[218月2026 05:36:40.921] [Render thread/WARN] [Iris/]: Found perfect program match for minecraft:pipeline/entity_translucent_emissive: HAND_TRANSLUCENT
[218月2026 05:36:40.922] [Render thread/INFO] [com.mojang.blaze3d.opengl.GlDebug/]: OpenGL debug message: id=1198, source=API, type=ERROR, severity=HIGH, message='No detailed debug message due to a non-debug context'
[218月2026 05:36:40.922] [Render thread/INFO] [com.mojang.blaze3d.opengl.GlDebug/]: OpenGL debug message: id=1198, source=API, type=ERROR, severity=HIGH, message='No detailed debug message due to a non-debug context'
[218月2026 05:36:40.925] [Render thread/WARN] [Iris/]: Found perfect program match for minecraft:pipeline/entity_cutout: HAND_CUTOUT
[218月2026 05:36:40.925] [Render thread/WARN] [Iris/]: Found perfect program match for minecraft:pipeline/entity_translucent: HAND_TRANSLUCENT
[218月2026 05:36:40.925] [Render thread/WARN] [Iris/]: Found perfect program match for minecraft:pipeline/entity_translucent_emissive: HAND_TRANSLUCENT
[218月2026 05:36:40.930] [Render thread/WARN] [Iris/]: Found perfect program match for minecraft:pipeline/entity_cutout: HAND_CUTOUT
[218月2026 05:36:40.930] [Render thread/WARN] [Iris/]: Found perfect program match for minecraft:pipeline/entity_translucent: HAND_TRANSLUCENT
[218月2026 05:36:40.930] [Render thread/WARN] [Iris/]: Found perfect program match for minecraft:pipeline/entity_translucent_emissive: HAND_TRANSLUCENT
[218月2026 05:36:40.934] [Render thread/WARN] [Iris/]: Found perfect program match for minecraft:pipeline/entity_cutout: HAND_CUTOUT
[218月2026 05:36:40.934] [Render thread/WARN] [Iris/]: Found perfect program match for minecraft:pipeline/entity_translucent: HAND_TRANSLUCENT
[218月2026 05:36:40.934] [Render thread/WARN] [Iris/]: Found perfect program match for minecraft:pipeline/entity_translucent_emissive: HAND_TRANSLUCENT
[218月2026 05:36:40.940] [Render thread/WARN] [Iris/]: Found perfect program match for minecraft:pipeline/entity_cutout: HAND_CUTOUT
[218月2026 05:36:40.940] [Render thread/WARN] [Iris/]: Found perfect program match for minecraft:pipeline/entity_translucent: HAND_TRANSLUCENT
[218月2026 05:36:40.940] [Render thread/WARN] [Iris/]: Found perfect program match for minecraft:pipeline/entity_translucent_emissive: HAND_TRANSLUCENT
[218月2026 05:36:40.949] [Render thread/WARN] [Iris/]: Found perfect program match for minecraft:pipeline/entity_cutout: HAND_CUTOUT
[218月2026 05:36:40.949] [Render thread/WARN] [Iris/]: Found perfect program match for minecraft:pipeline/entity_translucent: HAND_TRANSLUCENT
[218月2026 05:36:40.949] [Render thread/WARN] [Iris/]: Found perfect program match for minecraft:pipeline/entity_translucent_emissive: HAND_TRANSLUCENT
[218月2026 05:36:40.954] [Render thread/WARN] [Iris/]: Found perfect program match for minecraft:pipeline/entity_cutout: HAND_CUTOUT
[218月2026 05:36:40.954] [Render thread/WARN] [Iris/]: Found perfect program match for minecraft:pipeline/entity_translucent: HAND_TRANSLUCENT
[218月2026 05:36:40.954] [Render thread/WARN] [Iris/]: Found perfect program match for minecraft:pipeline/entity_translucent_emissive: HAND_TRANSLUCENT
[218月2026 05:36:40.959] [Render thread/WARN] [Iris/]: Found perfect program match for minecraft:pipeline/entity_cutout: HAND_CUTOUT
[218月2026 05:36:40.959] [Render thread/WARN] [Iris/]: Found perfect program match for minecraft:pipeline/entity_translucent: HAND_TRANSLUCENT
[218月2026 05:36:40.959] [Render thread/WARN] [Iris/]: Found perfect program match for minecraft:pipeline/entity_translucent_emissive: HAND_TRANSLUCENT
[218月2026 05:36:40.963] [Render thread/WARN] [Iris/]: Found perfect program match for minecraft:pipeline/entity_cutout: HAND_CUTOUT
[218月2026 05:36:40.963] [Render thread/WARN] [Iris/]: Found perfect program match for minecraft:pipeline/entity_translucent: HAND_TRANSLUCENT
[218月2026 05:36:40.963] [Render thread/WARN] [Iris/]: Found perfect program match for minecraft:pipeline/entity_translucent_emissive: HAND_TRANSLUCENT
[218月2026 05:36:40.966] [Render thread/WARN] [Iris/]: Found perfect program match for minecraft:pipeline/entity_cutout: HAND_CUTOUT
[218月2026 05:36:40.966] [Render thread/WARN] [Iris/]: Found perfect program match for minecraft:pipeline/entity_translucent: HAND_TRANSLUCENT
[218月2026 05:36:40.966] [Render thread/WARN] [Iris/]: Found perfect program match for minecraft:pipeline/entity_translucent_emissive: HAND_TRANSLUCENT
[218月2026 05:36:40.967] [Render thread/INFO] [com.mojang.blaze3d.opengl.GlDebug/]: OpenGL debug message: id=1198, source=API, type=ERROR, severity=HIGH, message='No detailed debug message due to a non-debug context'
[218月2026 05:36:40.967] [Render thread/INFO] [com.mojang.blaze3d.opengl.GlDebug/]: OpenGL debug message: id=1198, source=API, type=ERROR, severity=HIGH, message='No detailed debug message due to a non-debug context'
[218月2026 05:36:40.971] [Render thread/WARN] [Iris/]: Found perfect program match for minecraft:pipeline/entity_cutout: HAND_CUTOUT
[218月2026 05:36:40.971] [Render thread/WARN] [Iris/]: Found perfect program match for minecraft:pipeline/entity_translucent: HAND_TRANSLUCENT
[218月2026 05:36:40.971] [Render thread/WARN] [Iris/]: Found perfect program match for minecraft:pipeline/entity_translucent_emissive: HAND_TRANSLUCENT
[218月2026 05:36:40.972] [Render thread/INFO] [com.mojang.blaze3d.opengl.GlDebug/]: OpenGL debug message: id=1198, source=API, type=ERROR, severity=HIGH, message='No detailed debug message due to a non-debug context'
[218月2026 05:36:40.973] [Render thread/INFO] [com.mojang.blaze3d.opengl.GlDebug/]: OpenGL debug message: id=1198, source=API, type=ERROR, severity=HIGH, message='No detailed debug message due to a non-debug context'
[218月2026 05:36:40.976] [Render thread/WARN] [Iris/]: Found perfect program match for minecraft:pipeline/entity_cutout: HAND_CUTOUT
[218月2026 05:36:40.976] [Render thread/WARN] [Iris/]: Found perfect program match for minecraft:pipeline/entity_translucent: HAND_TRANSLUCENT
[218月2026 05:36:40.976] [Render thread/WARN] [Iris/]: Found perfect program match for minecraft:pipeline/entity_translucent_emissive: HAND_TRANSLUCENT
[218月2026 05:36:40.977] [Render thread/INFO] [com.mojang.blaze3d.opengl.GlDebug/]: OpenGL debug message: id=1198, source=API, type=ERROR, severity=HIGH, message='No detailed debug message due to a non-debug context'
[218月2026 05:36:40.977] [Render thread/INFO] [com.mojang.blaze3d.opengl.GlDebug/]: OpenGL debug message: id=1198, source=API, type=ERROR, severity=HIGH, message='No detailed debug message due to a non-debug context'
[218月2026 05:36:40.982] [Render thread/WARN] [Iris/]: Found perfect program match for minecraft:pipeline/entity_cutout: HAND_CUTOUT
[218月2026 05:36:40.982] [Render thread/WARN] [Iris/]: Found perfect program match for minecraft:pipeline/entity_translucent: HAND_TRANSLUCENT
[218月2026 05:36:40.982] [Render thread/WARN] [Iris/]: Found perfect program match for minecraft:pipeline/entity_translucent_emissive: HAND_TRANSLUCENT
[218月2026 05:36:40.983] [Render thread/INFO] [com.mojang.blaze3d.opengl.GlDebug/]: OpenGL debug message: id=1198, source=API, type=ERROR, severity=HIGH, message='No detailed debug message due to a non-debug context'
[218月2026 05:36:40.983] [Render thread/INFO] [com.mojang.blaze3d.opengl.GlDebug/]: OpenGL debug message: id=1198, source=API, type=ERROR, severity=HIGH, message='No detailed debug message due to a non-debug context'
[218月2026 05:36:40.987] [Render thread/WARN] [Iris/]: Found perfect program match for minecraft:pipeline/entity_cutout: HAND_CUTOUT
[218月2026 05:36:40.987] [Render thread/WARN] [Iris/]: Found perfect program match for minecraft:pipeline/entity_translucent: HAND_TRANSLUCENT
[218月2026 05:36:40.987] [Render thread/WARN] [Iris/]: Found perfect program match for minecraft:pipeline/entity_translucent_emissive: HAND_TRANSLUCENT
[218月2026 05:36:40.989] [Render thread/INFO] [com.mojang.blaze3d.opengl.GlDebug/]: OpenGL debug message: id=1198, source=API, type=ERROR, severity=HIGH, message='No detailed debug message due to a non-debug context'
[218月2026 05:36:40.989] [Render thread/INFO] [com.mojang.blaze3d.opengl.GlDebug/]: OpenGL debug message: id=1198, source=API, type=ERROR, severity=HIGH, message='No detailed debug message due to a non-debug context'
[218月2026 05:36:40.992] [Render thread/WARN] [Iris/]: Found perfect program match for minecraft:pipeline/entity_cutout: HAND_CUTOUT
[218月2026 05:36:40.992] [Render thread/WARN] [Iris/]: Found perfect program match for minecraft:pipeline/entity_translucent: HAND_TRANSLUCENT
[218月2026 05:36:40.992] [Render thread/WARN] [Iris/]: Found perfect program match for minecraft:pipeline/entity_translucent_emissive: HAND_TRANSLUCENT
[218月2026 05:36:40.996] [Render thread/WARN] [Iris/]: Found perfect program match for minecraft:pipeline/entity_cutout: HAND_CUTOUT
[218月2026 05:36:40.996] [Render thread/WARN] [Iris/]: Found perfect program match for minecraft:pipeline/entity_translucent: HAND_TRANSLUCENT
[218月2026 05:36:40.996] [Render thread/WARN] [Iris/]: Found perfect program match for minecraft:pipeline/entity_translucent_emissive: HAND_TRANSLUCENT
[218月2026 05:36:40.997] [Render thread/INFO] [com.mojang.blaze3d.opengl.GlDebug/]: OpenGL debug message: id=1198, source=API, type=ERROR, severity=HIGH, message='No detailed debug message due to a non-debug context'
[218月2026 05:36:40.997] [Render thread/INFO] [com.mojang.blaze3d.opengl.GlDebug/]: OpenGL debug message: id=1198, source=API, type=ERROR, severity=HIGH, message='No detailed debug message due to a non-debug context'
[218月2026 05:36:41.000] [Render thread/WARN] [Iris/]: Found perfect program match for minecraft:pipeline/entity_cutout: HAND_CUTOUT
[218月2026 05:36:41.001] [Render thread/WARN] [Iris/]: Found perfect program match for minecraft:pipeline/entity_translucent: HAND_TRANSLUCENT
[218月2026 05:36:41.001] [Render thread/WARN] [Iris/]: Found perfect program match for minecraft:pipeline/entity_translucent_emissive: HAND_TRANSLUCENT
[218月2026 05:36:41.005] [Render thread/WARN] [Iris/]: Found perfect program match for minecraft:pipeline/entity_cutout: HAND_CUTOUT
[218月2026 05:36:41.005] [Render thread/WARN] [Iris/]: Found perfect program match for minecraft:pipeline/entity_translucent: HAND_TRANSLUCENT
[218月2026 05:36:41.005] [Render thread/WARN] [Iris/]: Found perfect program match for minecraft:pipeline/entity_translucent_emissive: HAND_TRANSLUCENT
[218月2026 05:36:41.006] [Render thread/INFO] [com.mojang.blaze3d.opengl.GlDebug/]: OpenGL debug message: id=1198, source=API, type=ERROR, severity=HIGH, message='No detailed debug message due to a non-debug context'
[218月2026 05:36:41.006] [Render thread/INFO] [com.mojang.blaze3d.opengl.GlDebug/]: OpenGL debug message: id=1198, source=API, type=ERROR, severity=HIGH, message='No detailed debug message due to a non-debug context'
[218月2026 05:36:41.009] [Render thread/WARN] [Iris/]: Found perfect program match for minecraft:pipeline/entity_cutout: HAND_CUTOUT
[218月2026 05:36:41.009] [Render thread/WARN] [Iris/]: Found perfect program match for minecraft:pipeline/entity_translucent: HAND_TRANSLUCENT
[218月2026 05:36:41.009] [Render thread/WARN] [Iris/]: Found perfect program match for minecraft:pipeline/entity_translucent_emissive: HAND_TRANSLUCENT
[218月2026 05:36:41.011] [Render thread/INFO] [com.mojang.blaze3d.opengl.GlDebug/]: OpenGL debug message: id=1198, source=API, type=ERROR, severity=HIGH, message='No detailed debug message due to a non-debug context'
[218月2026 05:36:41.011] [Render thread/INFO] [com.mojang.blaze3d.opengl.GlDebug/]: OpenGL debug message: id=1198, source=API, type=ERROR, severity=HIGH, message='No detailed debug message due to a non-debug context'
[218月2026 05:36:41.013] [Render thread/WARN] [Iris/]: Found perfect program match for minecraft:pipeline/entity_cutout: HAND_CUTOUT
[218月2026 05:36:41.014] [Render thread/WARN] [Iris/]: Found perfect program match for minecraft:pipeline/entity_translucent: HAND_TRANSLUCENT
[218月2026 05:36:41.014] [Render thread/WARN] [Iris/]: Found perfect program match for minecraft:pipeline/entity_translucent_emissive: HAND_TRANSLUCENT
[218月2026 05:36:41.019] [Render thread/WARN] [Iris/]: Found perfect program match for minecraft:pipeline/entity_cutout: HAND_CUTOUT
[218月2026 05:36:41.019] [Render thread/WARN] [Iris/]: Found perfect program match for minecraft:pipeline/entity_translucent: HAND_TRANSLUCENT
[218月2026 05:36:41.019] [Render thread/WARN] [Iris/]: Found perfect program match for minecraft:pipeline/entity_translucent_emissive: HAND_TRANSLUCENT
[218月2026 05:36:41.024] [Render thread/WARN] [Iris/]: Found perfect program match for minecraft:pipeline/entity_cutout: HAND_CUTOUT
[218月2026 05:36:41.024] [Render thread/WARN] [Iris/]: Found perfect program match for minecraft:pipeline/entity_translucent: HAND_TRANSLUCENT
[218月2026 05:36:41.024] [Render thread/WARN] [Iris/]: Found perfect program match for minecraft:pipeline/entity_translucent_emissive: HAND_TRANSLUCENT
[218月2026 05:36:41.029] [Render thread/WARN] [Iris/]: Found perfect program match for minecraft:pipeline/entity_cutout: HAND_CUTOUT
[218月2026 05:36:41.029] [Render thread/WARN] [Iris/]: Found perfect program match for minecraft:pipeline/entity_translucent: HAND_TRANSLUCENT
[218月2026 05:36:41.029] [Render thread/WARN] [Iris/]: Found perfect program match for minecraft:pipeline/entity_translucent_emissive: HAND_TRANSLUCENT
[218月2026 05:36:41.035] [Render thread/WARN] [Iris/]: Found perfect program match for minecraft:pipeline/entity_cutout: HAND_CUTOUT
[218月2026 05:36:41.035] [Render thread/WARN] [Iris/]: Found perfect program match for minecraft:pipeline/entity_translucent: HAND_TRANSLUCENT
[218月2026 05:36:41.035] [Render thread/WARN] [Iris/]: Found perfect program match for minecraft:pipeline/entity_translucent_emissive: HAND_TRANSLUCENT
[218月2026 05:36:41.040] [Render thread/WARN] [Iris/]: Found perfect program match for minecraft:pipeline/entity_cutout: HAND_CUTOUT
[218月2026 05:36:41.040] [Render thread/WARN] [Iris/]: Found perfect program match for minecraft:pipeline/entity_translucent: HAND_TRANSLUCENT
[218月2026 05:36:41.040] [Render thread/WARN] [Iris/]: Found perfect program match for minecraft:pipeline/entity_translucent_emissive: HAND_TRANSLUCENT
[218月2026 05:36:41.046] [Render thread/WARN] [Iris/]: Found perfect program match for minecraft:pipeline/entity_cutout: HAND_CUTOUT
[218月2026 05:36:41.046] [Render thread/WARN] [Iris/]: Found perfect program match for minecraft:pipeline/entity_translucent: HAND_TRANSLUCENT
[218月2026 05:36:41.046] [Render thread/WARN] [Iris/]: Found perfect program match for minecraft:pipeline/entity_translucent_emissive: HAND_TRANSLUCENT
[218月2026 05:36:41.047] [Render thread/INFO] [com.mojang.blaze3d.opengl.GlDebug/]: OpenGL debug message: id=1198, source=API, type=ERROR, severity=HIGH, message='No detailed debug message due to a non-debug context'
[218月2026 05:36:41.047] [Render thread/INFO] [com.mojang.blaze3d.opengl.GlDebug/]: OpenGL debug message: id=1198, source=API, type=ERROR, severity=HIGH, message='No detailed debug message due to a non-debug context'
[218月2026 05:36:41.050] [Render thread/WARN] [Iris/]: Found perfect program match for minecraft:pipeline/entity_cutout: HAND_CUTOUT
[218月2026 05:36:41.050] [Render thread/WARN] [Iris/]: Found perfect program match for minecraft:pipeline/entity_translucent: HAND_TRANSLUCENT
[218月2026 05:36:41.050] [Render thread/WARN] [Iris/]: Found perfect program match for minecraft:pipeline/entity_translucent_emissive: HAND_TRANSLUCENT
[218月2026 05:36:41.052] [Render thread/INFO] [com.mojang.blaze3d.opengl.GlDebug/]: OpenGL debug message: id=1198, source=API, type=ERROR, severity=HIGH, message='No detailed debug message due to a non-debug context'
[218月2026 05:36:41.052] [Render thread/INFO] [com.mojang.blaze3d.opengl.GlDebug/]: OpenGL debug message: id=1198, source=API, type=ERROR, severity=HIGH, message='No detailed debug message due to a non-debug context'
[218月2026 05:36:41.056] [Render thread/WARN] [Iris/]: Found perfect program match for minecraft:pipeline/entity_cutout: HAND_CUTOUT
[218月2026 05:36:41.056] [Render thread/WARN] [Iris/]: Found perfect program match for minecraft:pipeline/entity_translucent: HAND_TRANSLUCENT
[218月2026 05:36:41.056] [Render thread/WARN] [Iris/]: Found perfect program match for minecraft:pipeline/entity_translucent_emissive: HAND_TRANSLUCENT
[218月2026 05:36:41.061] [Render thread/WARN] [Iris/]: Found perfect program match for minecraft:pipeline/entity_cutout: HAND_CUTOUT
[218月2026 05:36:41.061] [Render thread/WARN] [Iris/]: Found perfect program match for minecraft:pipeline/entity_translucent: HAND_TRANSLUCENT
[218月2026 05:36:41.061] [Render thread/WARN] [Iris/]: Found perfect program match for minecraft:pipeline/entity_translucent_emissive: HAND_TRANSLUCENT
[218月2026 05:36:41.063] [Render thread/INFO] [com.mojang.blaze3d.opengl.GlDebug/]: OpenGL debug message: id=1198, source=API, type=ERROR, severity=HIGH, message='No detailed debug message due to a non-debug context'
[218月2026 05:36:41.063] [Render thread/INFO] [com.mojang.blaze3d.opengl.GlDebug/]: OpenGL debug message: id=1198, source=API, type=ERROR, severity=HIGH, message='No detailed debug message due to a non-debug context'
[218月2026 05:36:41.067] [Render thread/WARN] [Iris/]: Found perfect program match for minecraft:pipeline/entity_cutout: HAND_CUTOUT
[218月2026 05:36:41.067] [Render thread/WARN] [Iris/]: Found perfect program match for minecraft:pipeline/entity_translucent: HAND_TRANSLUCENT
[218月2026 05:36:41.067] [Render thread/WARN] [Iris/]: Found perfect program match for minecraft:pipeline/entity_translucent_emissive: HAND_TRANSLUCENT
[218月2026 05:36:41.073] [Render thread/WARN] [Iris/]: Found perfect program match for minecraft:pipeline/entity_cutout: HAND_CUTOUT
[218月2026 05:36:41.073] [Render thread/WARN] [Iris/]: Found perfect program match for minecraft:pipeline/entity_translucent: HAND_TRANSLUCENT
[218月2026 05:36:41.073] [Render thread/WARN] [Iris/]: Found perfect program match for minecraft:pipeline/entity_translucent_emissive: HAND_TRANSLUCENT
[218月2026 05:36:41.078] [Render thread/WARN] [Iris/]: Found perfect program match for minecraft:pipeline/entity_cutout: HAND_CUTOUT
[218月2026 05:36:41.078] [Render thread/WARN] [Iris/]: Found perfect program match for minecraft:pipeline/entity_translucent: HAND_TRANSLUCENT
[218月2026 05:36:41.078] [Render thread/WARN] [Iris/]: Found perfect program match for minecraft:pipeline/entity_translucent_emissive: HAND_TRANSLUCENT
[218月2026 05:36:41.080] [Render thread/INFO] [com.mojang.blaze3d.opengl.GlDebug/]: OpenGL debug message: id=1198, source=API, type=ERROR, severity=HIGH, message='No detailed debug message due to a non-debug context'
[218月2026 05:36:41.080] [Render thread/INFO] [com.mojang.blaze3d.opengl.GlDebug/]: OpenGL debug message: id=1198, source=API, type=ERROR, severity=HIGH, message='No detailed debug message due to a non-debug context'
[218月2026 05:36:41.086] [Render thread/WARN] [Iris/]: Found perfect program match for minecraft:pipeline/entity_cutout: HAND_CUTOUT
[218月2026 05:36:41.086] [Render thread/WARN] [Iris/]: Found perfect program match for minecraft:pipeline/entity_translucent: HAND_TRANSLUCENT
[218月2026 05:36:41.086] [Render thread/WARN] [Iris/]: Found perfect program match for minecraft:pipeline/entity_translucent_emissive: HAND_TRANSLUCENT
[218月2026 05:36:41.087] [Render thread/INFO] [com.mojang.blaze3d.opengl.GlDebug/]: OpenGL debug message: id=1198, source=API, type=ERROR, severity=HIGH, message='No detailed debug message due to a non-debug context'
[218月2026 05:36:41.087] [Render thread/INFO] [com.mojang.blaze3d.opengl.GlDebug/]: OpenGL debug message: id=1198, source=API, type=ERROR, severity=HIGH, message='No detailed debug message due to a non-debug context'
[218月2026 05:36:41.093] [Render thread/WARN] [Iris/]: Found perfect program match for minecraft:pipeline/entity_cutout: HAND_CUTOUT
[218月2026 05:36:41.093] [Render thread/WARN] [Iris/]: Found perfect program match for minecraft:pipeline/entity_translucent: HAND_TRANSLUCENT
[218月2026 05:36:41.093] [Render thread/WARN] [Iris/]: Found perfect program match for minecraft:pipeline/entity_translucent_emissive: HAND_TRANSLUCENT
[218月2026 05:36:41.094] [Render thread/INFO] [com.mojang.blaze3d.opengl.GlDebug/]: OpenGL debug message: id=1198, source=API, type=ERROR, severity=HIGH, message='No detailed debug message due to a non-debug context'
[218月2026 05:36:41.094] [Render thread/INFO] [com.mojang.blaze3d.opengl.GlDebug/]: OpenGL debug message: id=1198, source=API, type=ERROR, severity=HIGH, message='No detailed debug message due to a non-debug context'
[218月2026 05:36:41.099] [Render thread/WARN] [Iris/]: Found perfect program match for minecraft:pipeline/entity_cutout: HAND_CUTOUT
[218月2026 05:36:41.099] [Render thread/WARN] [Iris/]: Found perfect program match for minecraft:pipeline/entity_translucent: HAND_TRANSLUCENT
[218月2026 05:36:41.099] [Render thread/WARN] [Iris/]: Found perfect program match for minecraft:pipeline/entity_translucent_emissive: HAND_TRANSLUCENT
[218月2026 05:36:41.106] [Render thread/WARN] [Iris/]: Found perfect program match for minecraft:pipeline/entity_cutout: HAND_CUTOUT
[218月2026 05:36:41.106] [Render thread/WARN] [Iris/]: Found perfect program match for minecraft:pipeline/entity_translucent: HAND_TRANSLUCENT
[218月2026 05:36:41.106] [Render thread/WARN] [Iris/]: Found perfect program match for minecraft:pipeline/entity_translucent_emissive: HAND_TRANSLUCENT
[218月2026 05:36:41.111] [Render thread/WARN] [Iris/]: Found perfect program match for minecraft:pipeline/entity_cutout: HAND_CUTOUT
[218月2026 05:36:41.111] [Render thread/WARN] [Iris/]: Found perfect program match for minecraft:pipeline/entity_translucent: HAND_TRANSLUCENT
[218月2026 05:36:41.111] [Render thread/WARN] [Iris/]: Found perfect program match for minecraft:pipeline/entity_translucent_emissive: HAND_TRANSLUCENT
[218月2026 05:36:41.115] [Render thread/WARN] [Iris/]: Found perfect program match for minecraft:pipeline/entity_cutout: HAND_CUTOUT
[218月2026 05:36:41.115] [Render thread/WARN] [Iris/]: Found perfect program match for minecraft:pipeline/entity_translucent: HAND_TRANSLUCENT
[218月2026 05:36:41.115] [Render thread/WARN] [Iris/]: Found perfect program match for minecraft:pipeline/entity_translucent_emissive: HAND_TRANSLUCENT
[218月2026 05:36:41.119] [Render thread/WARN] [Iris/]: Found perfect program match for minecraft:pipeline/entity_cutout: HAND_CUTOUT
[218月2026 05:36:41.119] [Render thread/WARN] [Iris/]: Found perfect program match for minecraft:pipeline/entity_translucent: HAND_TRANSLUCENT
[218月2026 05:36:41.119] [Render thread/WARN] [Iris/]: Found perfect program match for minecraft:pipeline/entity_translucent_emissive: HAND_TRANSLUCENT
[218月2026 05:36:41.124] [Render thread/WARN] [Iris/]: Found perfect program match for minecraft:pipeline/entity_cutout: HAND_CUTOUT
[218月2026 05:36:41.124] [Render thread/WARN] [Iris/]: Found perfect program match for minecraft:pipeline/entity_translucent: HAND_TRANSLUCENT
[218月2026 05:36:41.124] [Render thread/WARN] [Iris/]: Found perfect program match for minecraft:pipeline/entity_translucent_emissive: HAND_TRANSLUCENT
[218月2026 05:36:41.126] [Render thread/INFO] [com.mojang.blaze3d.opengl.GlDebug/]: OpenGL debug message: id=1198, source=API, type=ERROR, severity=HIGH, message='No detailed debug message due to a non-debug context'
[218月2026 05:36:41.126] [Render thread/INFO] [com.mojang.blaze3d.opengl.GlDebug/]: OpenGL debug message: id=1198, source=API, type=ERROR, severity=HIGH, message='No detailed debug message due to a non-debug context'
[218月2026 05:36:41.131] [Render thread/WARN] [Iris/]: Found perfect program match for minecraft:pipeline/entity_cutout: HAND_CUTOUT
[218月2026 05:36:41.131] [Render thread/WARN] [Iris/]: Found perfect program match for minecraft:pipeline/entity_translucent: HAND_TRANSLUCENT
[218月2026 05:36:41.131] [Render thread/WARN] [Iris/]: Found perfect program match for minecraft:pipeline/entity_translucent_emissive: HAND_TRANSLUCENT
[218月2026 05:36:41.132] [Render thread/INFO] [com.mojang.blaze3d.opengl.GlDebug/]: OpenGL debug message: id=1198, source=API, type=ERROR, severity=HIGH, message='No detailed debug message due to a non-debug context'
[218月2026 05:36:41.132] [Render thread/INFO] [com.mojang.blaze3d.opengl.GlDebug/]: OpenGL debug message: id=1198, source=API, type=ERROR, severity=HIGH, message='No detailed debug message due to a non-debug context'
[218月2026 05:36:41.137] [Render thread/WARN] [Iris/]: Found perfect program match for minecraft:pipeline/entity_cutout: HAND_CUTOUT
[218月2026 05:36:41.137] [Render thread/WARN] [Iris/]: Found perfect program match for minecraft:pipeline/entity_translucent: HAND_TRANSLUCENT
[218月2026 05:36:41.137] [Render thread/WARN] [Iris/]: Found perfect program match for minecraft:pipeline/entity_translucent_emissive: HAND_TRANSLUCENT
[218月2026 05:36:41.139] [Render thread/INFO] [com.mojang.blaze3d.opengl.GlDebug/]: OpenGL debug message: id=1198, source=API, type=ERROR, severity=HIGH, message='No detailed debug message due to a non-debug context'
[218月2026 05:36:41.139] [Render thread/INFO] [com.mojang.blaze3d.opengl.GlDebug/]: OpenGL debug message: id=1198, source=API, type=ERROR, severity=HIGH, message='No detailed debug message due to a non-debug context'
[218月2026 05:36:41.143] [Render thread/WARN] [Iris/]: Found perfect program match for minecraft:pipeline/entity_cutout: HAND_CUTOUT
[218月2026 05:36:41.143] [Render thread/WARN] [Iris/]: Found perfect program match for minecraft:pipeline/entity_translucent: HAND_TRANSLUCENT
[218月2026 05:36:41.143] [Render thread/WARN] [Iris/]: Found perfect program match for minecraft:pipeline/entity_translucent_emissive: HAND_TRANSLUCENT
[218月2026 05:36:41.145] [Render thread/INFO] [com.mojang.blaze3d.opengl.GlDebug/]: OpenGL debug message: id=1198, source=API, type=ERROR, severity=HIGH, message='No detailed debug message due to a non-debug context'
[218月2026 05:36:41.145] [Render thread/INFO] [com.mojang.blaze3d.opengl.GlDebug/]: OpenGL debug message: id=1198, source=API, type=ERROR, severity=HIGH, message='No detailed debug message due to a non-debug context'
[218月2026 05:36:41.149] [Render thread/WARN] [Iris/]: Found perfect program match for minecraft:pipeline/entity_cutout: HAND_CUTOUT
[218月2026 05:36:41.149] [Render thread/WARN] [Iris/]: Found perfect program match for minecraft:pipeline/entity_translucent: HAND_TRANSLUCENT
[218月2026 05:36:41.149] [Render thread/WARN] [Iris/]: Found perfect program match for minecraft:pipeline/entity_translucent_emissive: HAND_TRANSLUCENT
[218月2026 05:36:41.154] [Render thread/WARN] [Iris/]: Found perfect program match for minecraft:pipeline/entity_cutout: HAND_CUTOUT
[218月2026 05:36:41.154] [Render thread/WARN] [Iris/]: Found perfect program match for minecraft:pipeline/entity_translucent: HAND_TRANSLUCENT
[218月2026 05:36:41.154] [Render thread/WARN] [Iris/]: Found perfect program match for minecraft:pipeline/entity_translucent_emissive: HAND_TRANSLUCENT
[218月2026 05:36:41.155] [Render thread/INFO] [com.mojang.blaze3d.opengl.GlDebug/]: OpenGL debug message: id=1198, source=API, type=ERROR, severity=HIGH, message='No detailed debug message due to a non-debug context'
[218月2026 05:36:41.155] [Render thread/INFO] [com.mojang.blaze3d.opengl.GlDebug/]: OpenGL debug message: id=1198, source=API, type=ERROR, severity=HIGH, message='No detailed debug message due to a non-debug context'
[218月2026 05:36:41.158] [Render thread/WARN] [Iris/]: Found perfect program match for minecraft:pipeline/entity_cutout: HAND_CUTOUT
[218月2026 05:36:41.158] [Render thread/WARN] [Iris/]: Found perfect program match for minecraft:pipeline/entity_translucent: HAND_TRANSLUCENT
[218月2026 05:36:41.158] [Render thread/WARN] [Iris/]: Found perfect program match for minecraft:pipeline/entity_translucent_emissive: HAND_TRANSLUCENT
[218月2026 05:36:41.159] [Render thread/INFO] [com.mojang.blaze3d.opengl.GlDebug/]: OpenGL debug message: id=1198, source=API, type=ERROR, severity=HIGH, message='No detailed debug message due to a non-debug context'
[218月2026 05:36:41.159] [Render thread/INFO] [com.mojang.blaze3d.opengl.GlDebug/]: OpenGL debug message: id=1198, source=API, type=ERROR, severity=HIGH, message='No detailed debug message due to a non-debug context'
[218月2026 05:36:41.162] [Render thread/WARN] [Iris/]: Found perfect program match for minecraft:pipeline/entity_cutout: HAND_CUTOUT
[218月2026 05:36:41.162] [Render thread/WARN] [Iris/]: Found perfect program match for minecraft:pipeline/entity_translucent: HAND_TRANSLUCENT
[218月2026 05:36:41.162] [Render thread/WARN] [Iris/]: Found perfect program match for minecraft:pipeline/entity_translucent_emissive: HAND_TRANSLUCENT
[218月2026 05:36:41.166] [Render thread/WARN] [Iris/]: Found perfect program match for minecraft:pipeline/entity_cutout: HAND_CUTOUT
[218月2026 05:36:41.166] [Render thread/WARN] [Iris/]: Found perfect program match for minecraft:pipeline/entity_translucent: HAND_TRANSLUCENT
[218月2026 05:36:41.166] [Render thread/WARN] [Iris/]: Found perfect program match for minecraft:pipeline/entity_translucent_emissive: HAND_TRANSLUCENT
[218月2026 05:36:41.168] [Render thread/INFO] [com.mojang.blaze3d.opengl.GlDebug/]: OpenGL debug message: id=1198, source=API, type=ERROR, severity=HIGH, message='No detailed debug message due to a non-debug context'
[218月2026 05:36:41.168] [Render thread/INFO] [com.mojang.blaze3d.opengl.GlDebug/]: OpenGL debug message: id=1198, source=API, type=ERROR, severity=HIGH, message='No detailed debug message due to a non-debug context'
[218月2026 05:36:41.171] [Render thread/WARN] [Iris/]: Found perfect program match for minecraft:pipeline/entity_cutout: HAND_CUTOUT
[218月2026 05:36:41.171] [Render thread/WARN] [Iris/]: Found perfect program match for minecraft:pipeline/entity_translucent: HAND_TRANSLUCENT
[218月2026 05:36:41.171] [Render thread/WARN] [Iris/]: Found perfect program match for minecraft:pipeline/entity_translucent_emissive: HAND_TRANSLUCENT
[218月2026 05:36:41.172] [Render thread/INFO] [com.mojang.blaze3d.opengl.GlDebug/]: OpenGL debug message: id=1198, source=API, type=ERROR, severity=HIGH, message='No detailed debug message due to a non-debug context'
[218月2026 05:36:41.172] [Render thread/INFO] [com.mojang.blaze3d.opengl.GlDebug/]: OpenGL debug message: id=1198, source=API, type=ERROR, severity=HIGH, message='No detailed debug message due to a non-debug context'
[218月2026 05:36:41.176] [Render thread/WARN] [Iris/]: Found perfect program match for minecraft:pipeline/entity_cutout: HAND_CUTOUT
[218月2026 05:36:41.176] [Render thread/WARN] [Iris/]: Found perfect program match for minecraft:pipeline/entity_translucent: HAND_TRANSLUCENT
[218月2026 05:36:41.176] [Render thread/WARN] [Iris/]: Found perfect program match for minecraft:pipeline/entity_translucent_emissive: HAND_TRANSLUCENT
[218月2026 05:36:41.183] [Render thread/WARN] [Iris/]: Found perfect program match for minecraft:pipeline/entity_cutout: HAND_CUTOUT
[218月2026 05:36:41.183] [Render thread/WARN] [Iris/]: Found perfect program match for minecraft:pipeline/entity_translucent: HAND_TRANSLUCENT
[218月2026 05:36:41.183] [Render thread/WARN] [Iris/]: Found perfect program match for minecraft:pipeline/entity_translucent_emissive: HAND_TRANSLUCENT
[218月2026 05:36:41.187] [Render thread/WARN] [Iris/]: Found perfect program match for minecraft:pipeline/entity_cutout: HAND_CUTOUT
[218月2026 05:36:41.187] [Render thread/WARN] [Iris/]: Found perfect program match for minecraft:pipeline/entity_translucent: HAND_TRANSLUCENT
[218月2026 05:36:41.187] [Render thread/WARN] [Iris/]: Found perfect program match for minecraft:pipeline/entity_translucent_emissive: HAND_TRANSLUCENT
[218月2026 05:36:41.191] [Render thread/WARN] [Iris/]: Found perfect program match for minecraft:pipeline/entity_cutout: HAND_CUTOUT
[218月2026 05:36:41.192] [Render thread/WARN] [Iris/]: Found perfect program match for minecraft:pipeline/entity_translucent: HAND_TRANSLUCENT
[218月2026 05:36:41.192] [Render thread/WARN] [Iris/]: Found perfect program match for minecraft:pipeline/entity_translucent_emissive: HAND_TRANSLUCENT
[218月2026 05:36:41.196] [Render thread/WARN] [Iris/]: Found perfect program match for minecraft:pipeline/entity_cutout: HAND_CUTOUT
[218月2026 05:36:41.196] [Render thread/WARN] [Iris/]: Found perfect program match for minecraft:pipeline/entity_translucent: HAND_TRANSLUCENT
[218月2026 05:36:41.196] [Render thread/WARN] [Iris/]: Found perfect program match for minecraft:pipeline/entity_translucent_emissive: HAND_TRANSLUCENT
[218月2026 05:36:41.201] [Render thread/WARN] [Iris/]: Found perfect program match for minecraft:pipeline/entity_cutout: HAND_CUTOUT
[218月2026 05:36:41.201] [Render thread/WARN] [Iris/]: Found perfect program match for minecraft:pipeline/entity_translucent: HAND_TRANSLUCENT
[218月2026 05:36:41.201] [Render thread/WARN] [Iris/]: Found perfect program match for minecraft:pipeline/entity_translucent_emissive: HAND_TRANSLUCENT
[218月2026 05:36:41.206] [Render thread/WARN] [Iris/]: Found perfect program match for minecraft:pipeline/entity_cutout: HAND_CUTOUT
[218月2026 05:36:41.206] [Render thread/WARN] [Iris/]: Found perfect program match for minecraft:pipeline/entity_translucent: HAND_TRANSLUCENT
[218月2026 05:36:41.206] [Render thread/WARN] [Iris/]: Found perfect program match for minecraft:pipeline/entity_translucent_emissive: HAND_TRANSLUCENT
[218月2026 05:36:41.211] [Render thread/WARN] [Iris/]: Found perfect program match for minecraft:pipeline/entity_cutout: HAND_CUTOUT
[218月2026 05:36:41.211] [Render thread/WARN] [Iris/]: Found perfect program match for minecraft:pipeline/entity_translucent: HAND_TRANSLUCENT
[218月2026 05:36:41.211] [Render thread/WARN] [Iris/]: Found perfect program match for minecraft:pipeline/entity_translucent_emissive: HAND_TRANSLUCENT
[218月2026 05:36:41.216] [Render thread/WARN] [Iris/]: Found perfect program match for minecraft:pipeline/entity_cutout: HAND_CUTOUT
[218月2026 05:36:41.216] [Render thread/WARN] [Iris/]: Found perfect program match for minecraft:pipeline/entity_translucent: HAND_TRANSLUCENT
[218月2026 05:36:41.216] [Render thread/WARN] [Iris/]: Found perfect program match for minecraft:pipeline/entity_translucent_emissive: HAND_TRANSLUCENT
[218月2026 05:36:41.223] [Render thread/WARN] [Iris/]: Found perfect program match for minecraft:pipeline/entity_cutout: HAND_CUTOUT
[218月2026 05:36:41.223] [Render thread/WARN] [Iris/]: Found perfect program match for minecraft:pipeline/entity_translucent: HAND_TRANSLUCENT
[218月2026 05:36:41.224] [Render thread/WARN] [Iris/]: Found perfect program match for minecraft:pipeline/entity_translucent_emissive: HAND_TRANSLUCENT
[218月2026 05:36:41.228] [Render thread/WARN] [Iris/]: Found perfect program match for minecraft:pipeline/entity_cutout: HAND_CUTOUT
[218月2026 05:36:41.229] [Render thread/WARN] [Iris/]: Found perfect program match for minecraft:pipeline/entity_translucent: HAND_TRANSLUCENT
[218月2026 05:36:41.229] [Render thread/WARN] [Iris/]: Found perfect program match for minecraft:pipeline/entity_translucent_emissive: HAND_TRANSLUCENT
[218月2026 05:36:41.235] [Render thread/WARN] [Iris/]: Found perfect program match for minecraft:pipeline/entity_cutout: HAND_CUTOUT
[218月2026 05:36:41.235] [Render thread/WARN] [Iris/]: Found perfect program match for minecraft:pipeline/entity_translucent: HAND_TRANSLUCENT
[218月2026 05:36:41.235] [Render thread/WARN] [Iris/]: Found perfect program match for minecraft:pipeline/entity_translucent_emissive: HAND_TRANSLUCENT
[218月2026 05:36:41.240] [Render thread/WARN] [Iris/]: Found perfect program match for minecraft:pipeline/entity_cutout: HAND_CUTOUT
[218月2026 05:36:41.240] [Render thread/WARN] [Iris/]: Found perfect program match for minecraft:pipeline/entity_translucent: HAND_TRANSLUCENT
[218月2026 05:36:41.240] [Render thread/WARN] [Iris/]: Found perfect program match for minecraft:pipeline/entity_translucent_emissive: HAND_TRANSLUCENT
[218月2026 05:36:41.244] [Render thread/WARN] [Iris/]: Found perfect program match for minecraft:pipeline/entity_cutout: HAND_CUTOUT
[218月2026 05:36:41.245] [Render thread/WARN] [Iris/]: Found perfect program match for minecraft:pipeline/entity_translucent: HAND_TRANSLUCENT
[218月2026 05:36:41.245] [Render thread/WARN] [Iris/]: Found perfect program match for minecraft:pipeline/entity_translucent_emissive: HAND_TRANSLUCENT
[218月2026 05:36:41.249] [Render thread/WARN] [Iris/]: Found perfect program match for minecraft:pipeline/entity_cutout: HAND_CUTOUT
[218月2026 05:36:41.250] [Render thread/WARN] [Iris/]: Found perfect program match for minecraft:pipeline/entity_translucent: HAND_TRANSLUCENT
[218月2026 05:36:41.250] [Render thread/WARN] [Iris/]: Found perfect program match for minecraft:pipeline/entity_translucent_emissive: HAND_TRANSLUCENT
[218月2026 05:36:41.254] [Render thread/WARN] [Iris/]: Found perfect program match for minecraft:pipeline/entity_cutout: HAND_CUTOUT
[218月2026 05:36:41.254] [Render thread/WARN] [Iris/]: Found perfect program match for minecraft:pipeline/entity_translucent: HAND_TRANSLUCENT
[218月2026 05:36:41.254] [Render thread/WARN] [Iris/]: Found perfect program match for minecraft:pipeline/entity_translucent_emissive: HAND_TRANSLUCENT
[218月2026 05:36:41.258] [Render thread/WARN] [Iris/]: Found perfect program match for minecraft:pipeline/entity_cutout: HAND_CUTOUT
[218月2026 05:36:41.259] [Render thread/WARN] [Iris/]: Found perfect program match for minecraft:pipeline/entity_translucent: HAND_TRANSLUCENT
[218月2026 05:36:41.259] [Render thread/WARN] [Iris/]: Found perfect program match for minecraft:pipeline/entity_translucent_emissive: HAND_TRANSLUCENT
[218月2026 05:36:41.262] [Render thread/WARN] [Iris/]: Found perfect program match for minecraft:pipeline/entity_cutout: HAND_CUTOUT
[218月2026 05:36:41.262] [Render thread/WARN] [Iris/]: Found perfect program match for minecraft:pipeline/entity_translucent: HAND_TRANSLUCENT
[218月2026 05:36:41.263] [Render thread/WARN] [Iris/]: Found perfect program match for minecraft:pipeline/entity_translucent_emissive: HAND_TRANSLUCENT
[218月2026 05:36:41.267] [Render thread/WARN] [Iris/]: Found perfect program match for minecraft:pipeline/entity_cutout: HAND_CUTOUT
[218月2026 05:36:41.267] [Render thread/WARN] [Iris/]: Found perfect program match for minecraft:pipeline/entity_translucent: HAND_TRANSLUCENT
[218月2026 05:36:41.267] [Render thread/WARN] [Iris/]: Found perfect program match for minecraft:pipeline/entity_translucent_emissive: HAND_TRANSLUCENT
[218月2026 05:36:41.271] [Render thread/WARN] [Iris/]: Found perfect program match for minecraft:pipeline/entity_cutout: HAND_CUTOUT
[218月2026 05:36:41.271] [Render thread/WARN] [Iris/]: Found perfect program match for minecraft:pipeline/entity_translucent: HAND_TRANSLUCENT
[218月2026 05:36:41.271] [Render thread/WARN] [Iris/]: Found perfect program match for minecraft:pipeline/entity_translucent_emissive: HAND_TRANSLUCENT
[218月2026 05:36:41.275] [Render thread/WARN] [Iris/]: Found perfect program match for minecraft:pipeline/entity_cutout: HAND_CUTOUT
[218月2026 05:36:41.275] [Render thread/WARN] [Iris/]: Found perfect program match for minecraft:pipeline/entity_translucent: HAND_TRANSLUCENT
[218月2026 05:36:41.275] [Render thread/WARN] [Iris/]: Found perfect program match for minecraft:pipeline/entity_translucent_emissive: HAND_TRANSLUCENT
[218月2026 05:36:41.282] [Render thread/WARN] [Iris/]: Found perfect program match for minecraft:pipeline/entity_cutout: HAND_CUTOUT
[218月2026 05:36:41.282] [Render thread/WARN] [Iris/]: Found perfect program match for minecraft:pipeline/entity_translucent: HAND_TRANSLUCENT
[218月2026 05:36:41.282] [Render thread/WARN] [Iris/]: Found perfect program match for minecraft:pipeline/entity_translucent_emissive: HAND_TRANSLUCENT
[218月2026 05:36:41.286] [Render thread/WARN] [Iris/]: Found perfect program match for minecraft:pipeline/entity_cutout: HAND_CUTOUT
[218月2026 05:36:41.286] [Render thread/WARN] [Iris/]: Found perfect program match for minecraft:pipeline/entity_translucent: HAND_TRANSLUCENT
[218月2026 05:36:41.286] [Render thread/WARN] [Iris/]: Found perfect program match for minecraft:pipeline/entity_translucent_emissive: HAND_TRANSLUCENT
[218月2026 05:36:41.290] [Render thread/WARN] [Iris/]: Found perfect program match for minecraft:pipeline/entity_cutout: HAND_CUTOUT
[218月2026 05:36:41.290] [Render thread/WARN] [Iris/]: Found perfect program match for minecraft:pipeline/entity_translucent: HAND_TRANSLUCENT
[218月2026 05:36:41.290] [Render thread/WARN] [Iris/]: Found perfect program match for minecraft:pipeline/entity_translucent_emissive: HAND_TRANSLUCENT
[218月2026 05:36:41.295] [Render thread/WARN] [Iris/]: Found perfect program match for minecraft:pipeline/entity_cutout: HAND_CUTOUT
[218月2026 05:36:41.295] [Render thread/WARN] [Iris/]: Found perfect program match for minecraft:pipeline/entity_translucent: HAND_TRANSLUCENT
[218月2026 05:36:41.295] [Render thread/WARN] [Iris/]: Found perfect program match for minecraft:pipeline/entity_translucent_emissive: HAND_TRANSLUCENT
[218月2026 05:36:41.299] [Render thread/WARN] [Iris/]: Found perfect program match for minecraft:pipeline/entity_cutout: HAND_CUTOUT
[218月2026 05:36:41.299] [Render thread/WARN] [Iris/]: Found perfect program match for minecraft:pipeline/entity_translucent: HAND_TRANSLUCENT
[218月2026 05:36:41.299] [Render thread/WARN] [Iris/]: Found perfect program match for minecraft:pipeline/entity_translucent_emissive: HAND_TRANSLUCENT
[218月2026 05:36:41.302] [Render thread/WARN] [Iris/]: Found perfect program match for minecraft:pipeline/entity_cutout: HAND_CUTOUT
[218月2026 05:36:41.302] [Render thread/WARN] [Iris/]: Found perfect program match for minecraft:pipeline/entity_translucent: HAND_TRANSLUCENT
[218月2026 05:36:41.303] [Render thread/WARN] [Iris/]: Found perfect program match for minecraft:pipeline/entity_translucent_emissive: HAND_TRANSLUCENT
[218月2026 05:36:41.307] [Render thread/WARN] [Iris/]: Found perfect program match for minecraft:pipeline/entity_cutout: HAND_CUTOUT
[218月2026 05:36:41.307] [Render thread/WARN] [Iris/]: Found perfect program match for minecraft:pipeline/entity_translucent: HAND_TRANSLUCENT
[218月2026 05:36:41.307] [Render thread/WARN] [Iris/]: Found perfect program match for minecraft:pipeline/entity_translucent_emissive: HAND_TRANSLUCENT
[218月2026 05:36:41.311] [Render thread/WARN] [Iris/]: Found perfect program match for minecraft:pipeline/entity_cutout: HAND_CUTOUT
[218月2026 05:36:41.311] [Render thread/WARN] [Iris/]: Found perfect program match for minecraft:pipeline/entity_translucent: HAND_TRANSLUCENT
[218月2026 05:36:41.311] [Render thread/WARN] [Iris/]: Found perfect program match for minecraft:pipeline/entity_translucent_emissive: HAND_TRANSLUCENT
[218月2026 05:36:41.316] [Render thread/WARN] [Iris/]: Found perfect program match for minecraft:pipeline/entity_cutout: HAND_CUTOUT
[218月2026 05:36:41.316] [Render thread/WARN] [Iris/]: Found perfect program match for minecraft:pipeline/entity_translucent: HAND_TRANSLUCENT
[218月2026 05:36:41.316] [Render thread/WARN] [Iris/]: Found perfect program match for minecraft:pipeline/entity_translucent_emissive: HAND_TRANSLUCENT
[218月2026 05:36:41.320] [Render thread/WARN] [Iris/]: Found perfect program match for minecraft:pipeline/entity_cutout: HAND_CUTOUT
[218月2026 05:36:41.320] [Render thread/WARN] [Iris/]: Found perfect program match for minecraft:pipeline/entity_translucent: HAND_TRANSLUCENT
[218月2026 05:36:41.321] [Render thread/WARN] [Iris/]: Found perfect program match for minecraft:pipeline/entity_translucent_emissive: HAND_TRANSLUCENT
[218月2026 05:36:41.325] [Render thread/WARN] [Iris/]: Found perfect program match for minecraft:pipeline/entity_cutout: HAND_CUTOUT
[218月2026 05:36:41.325] [Render thread/WARN] [Iris/]: Found perfect program match for minecraft:pipeline/entity_translucent: HAND_TRANSLUCENT
[218月2026 05:36:41.325] [Render thread/WARN] [Iris/]: Found perfect program match for minecraft:pipeline/entity_translucent_emissive: HAND_TRANSLUCENT
[218月2026 05:36:41.329] [Render thread/WARN] [Iris/]: Found perfect program match for minecraft:pipeline/entity_cutout: HAND_CUTOUT
[218月2026 05:36:41.329] [Render thread/WARN] [Iris/]: Found perfect program match for minecraft:pipeline/entity_translucent: HAND_TRANSLUCENT
[218月2026 05:36:41.329] [Render thread/WARN] [Iris/]: Found perfect program match for minecraft:pipeline/entity_translucent_emissive: HAND_TRANSLUCENT
[218月2026 05:36:41.332] [Render thread/INFO] [Iris/]: Destroying pipeline minecraft:overworld
[218月2026 05:36:41.337] [Render thread/INFO] [Iris/]: Shaders are disabled because enableShaders is set to false in iris.properties
[218月2026 05:36:41.337] [Render thread/INFO] [Iris/]: Creating pipeline for dimension minecraft:overworld
[218月2026 05:36:41.337] [Render thread/INFO] [ChunkBuilder/]: Stopping worker threads
[218月2026 05:36:41.343] [Render thread/INFO] [ChunkBuilder/]: Started 10 worker threads
[218月2026 05:36:41.352] [Render thread/INFO] [net.minecraft.client.gui.components.ChatComponent/]: [System] [CHAT] 光影包已禁用！
[218月2026 05:36:41.363] [Render thread/WARN] [Iris/]: Found fine program match for minecraft:pipeline/entity_cutout: HAND_CUTOUT
[218月2026 05:36:41.363] [Render thread/WARN] [Iris/]: Found fine program match for minecraft:pipeline/entity_translucent: HAND_TRANSLUCENT
[218月2026 05:36:41.363] [Render thread/WARN] [Iris/]: Found fine program match for minecraft:pipeline/entity_translucent_emissive: HAND_TRANSLUCENT
[218月2026 05:36:41.365] [Render thread/WARN] [Iris/]: Found fine program match for minecraft:pipeline/entity_cutout: HAND_CUTOUT
[218月2026 05:36:41.365] [Render thread/WARN] [Iris/]: Found fine program match for minecraft:pipeline/entity_translucent: HAND_TRANSLUCENT
[218月2026 05:36:41.365] [Render thread/WARN] [Iris/]: Found fine program match for minecraft:pipeline/entity_translucent_emissive: HAND_TRANSLUCENT
[218月2026 05:36:41.373] [Render thread/WARN] [Iris/]: Found fine program match for minecraft:pipeline/entity_cutout: HAND_CUTOUT
[218月2026 05:36:41.373] [Render thread/WARN] [Iris/]: Found fine program match for minecraft:pipeline/entity_translucent: HAND_TRANSLUCENT
[218月2026 05:36:41.373] [Render thread/WARN] [Iris/]: Found fine program match for minecraft:pipeline/entity_translucent_emissive: HAND_TRANSLUCENT
[218月2026 05:36:41.376] [Render thread/WARN] [Iris/]: Found fine program match for minecraft:pipeline/entity_cutout: HAND_CUTOUT
[218月2026 05:36:41.376] [Render thread/WARN] [Iris/]: Found fine program match for minecraft:pipeline/entity_translucent: HAND_TRANSLUCENT
[218月2026 05:36:41.376] [Render thread/WARN] [Iris/]: Found fine program match for minecraft:pipeline/entity_translucent_emissive: HAND_TRANSLUCENT
[218月2026 05:36:41.382] [Render thread/WARN] [Iris/]: Found fine program match for minecraft:pipeline/entity_cutout: HAND_CUTOUT
[218月2026 05:36:41.382] [Render thread/WARN] [Iris/]: Found fine program match for minecraft:pipeline/entity_translucent: HAND_TRANSLUCENT
[218月2026 05:36:41.382] [Render thread/WARN] [Iris/]: Found fine program match for minecraft:pipeline/entity_translucent_emissive: HAND_TRANSLUCENT
[218月2026 05:36:41.386] [Render thread/WARN] [Iris/]: Found fine program match for minecraft:pipeline/entity_cutout: HAND_CUTOUT
[218月2026 05:36:41.386] [Render thread/WARN] [Iris/]: Found fine program match for minecraft:pipeline/entity_translucent: HAND_TRANSLUCENT
[218月2026 05:36:41.386] [Render thread/WARN] [Iris/]: Found fine program match for minecraft:pipeline/entity_translucent_emissive: HAND_TRANSLUCENT
[218月2026 05:36:41.391] [Render thread/WARN] [Iris/]: Found fine program match for minecraft:pipeline/entity_cutout: HAND_CUTOUT
[218月2026 05:36:41.391] [Render thread/WARN] [Iris/]: Found fine program match for minecraft:pipeline/entity_translucent: HAND_TRANSLUCENT
[218月2026 05:36:41.391] [Render thread/WARN] [Iris/]: Found fine program match for minecraft:pipeline/entity_translucent_emissive: HAND_TRANSLUCENT
[218月2026 05:36:41.394] [Render thread/WARN] [Iris/]: Found fine program match for minecraft:pipeline/entity_cutout: HAND_CUTOUT
[218月2026 05:36:41.394] [Render thread/WARN] [Iris/]: Found fine program match for minecraft:pipeline/entity_translucent: HAND_TRANSLUCENT
[218月2026 05:36:41.394] [Render thread/WARN] [Iris/]: Found fine program match for minecraft:pipeline/entity_translucent_emissive: HAND_TRANSLUCENT
[218月2026 05:36:41.399] [Render thread/WARN] [Iris/]: Found fine program match for minecraft:pipeline/entity_cutout: HAND_CUTOUT
[218月2026 05:36:41.399] [Render thread/WARN] [Iris/]: Found fine program match for minecraft:pipeline/entity_translucent: HAND_TRANSLUCENT
[218月2026 05:36:41.399] [Render thread/WARN] [Iris/]: Found fine program match for minecraft:pipeline/entity_translucent_emissive: HAND_TRANSLUCENT
[218月2026 05:36:41.403] [Render thread/WARN] [Iris/]: Found fine program match for minecraft:pipeline/entity_cutout: HAND_CUTOUT
[218月2026 05:36:41.403] [Render thread/WARN] [Iris/]: Found fine program match for minecraft:pipeline/entity_translucent: HAND_TRANSLUCENT
[218月2026 05:36:41.403] [Render thread/WARN] [Iris/]: Found fine program match for minecraft:pipeline/entity_translucent_emissive: HAND_TRANSLUCENT
[218月2026 05:36:41.407] [Render thread/WARN] [Iris/]: Found fine program match for minecraft:pipeline/entity_cutout: HAND_CUTOUT
[218月2026 05:36:41.407] [Render thread/WARN] [Iris/]: Found fine program match for minecraft:pipeline/entity_translucent: HAND_TRANSLUCENT
[218月2026 05:36:41.407] [Render thread/WARN] [Iris/]: Found fine program match for minecraft:pipeline/entity_translucent_emissive: HAND_TRANSLUCENT
[218月2026 05:36:41.410] [Render thread/WARN] [Iris/]: Found fine program match for minecraft:pipeline/entity_cutout: HAND_CUTOUT
[218月2026 05:36:41.410] [Render thread/WARN] [Iris/]: Found fine program match for minecraft:pipeline/entity_translucent: HAND_TRANSLUCENT
[218月2026 05:36:41.410] [Render thread/WARN] [Iris/]: Found fine program match for minecraft:pipeline/entity_translucent_emissive: HAND_TRANSLUCENT
[218月2026 05:36:41.414] [Render thread/WARN] [Iris/]: Found fine program match for minecraft:pipeline/entity_cutout: HAND_CUTOUT
[218月2026 05:36:41.414] [Render thread/WARN] [Iris/]: Found fine program match for minecraft:pipeline/entity_translucent: HAND_TRANSLUCENT
[218月2026 05:36:41.414] [Render thread/WARN] [Iris/]: Found fine program match for minecraft:pipeline/entity_translucent_emissive: HAND_TRANSLUCENT
[218月2026 05:36:41.419] [Render thread/WARN] [Iris/]: Found fine program match for minecraft:pipeline/entity_cutout: HAND_CUTOUT
[218月2026 05:36:41.419] [Render thread/WARN] [Iris/]: Found fine program match for minecraft:pipeline/entity_translucent: HAND_TRANSLUCENT
[218月2026 05:36:41.419] [Render thread/WARN] [Iris/]: Found fine program match for minecraft:pipeline/entity_translucent_emissive: HAND_TRANSLUCENT
[218月2026 05:36:41.423] [Render thread/WARN] [Iris/]: Found fine program match for minecraft:pipeline/entity_cutout: HAND_CUTOUT
[218月2026 05:36:41.423] [Render thread/WARN] [Iris/]: Found fine program match for minecraft:pipeline/entity_translucent: HAND_TRANSLUCENT
[218月2026 05:36:41.423] [Render thread/WARN] [Iris/]: Found fine program match for minecraft:pipeline/entity_translucent_emissive: HAND_TRANSLUCENT
[218月2026 05:36:41.427] [Render thread/WARN] [Iris/]: Found fine program match for minecraft:pipeline/entity_cutout: HAND_CUTOUT
[218月2026 05:36:41.427] [Render thread/WARN] [Iris/]: Found fine program match for minecraft:pipeline/entity_translucent: HAND_TRANSLUCENT
[218月2026 05:36:41.427] [Render thread/WARN] [Iris/]: Found fine program match for minecraft:pipeline/entity_translucent_emissive: HAND_TRANSLUCENT
[218月2026 05:36:41.434] [Render thread/WARN] [Iris/]: Found fine program match for minecraft:pipeline/entity_cutout: HAND_CUTOUT
[218月2026 05:36:41.435] [Render thread/WARN] [Iris/]: Found fine program match for minecraft:pipeline/entity_translucent: HAND_TRANSLUCENT
[218月2026 05:36:41.435] [Render thread/WARN] [Iris/]: Found fine program match for minecraft:pipeline/entity_translucent_emissive: HAND_TRANSLUCENT
[218月2026 05:36:41.442] [Render thread/WARN] [Iris/]: Found fine program match for minecraft:pipeline/entity_cutout: HAND_CUTOUT
[218月2026 05:36:41.442] [Render thread/WARN] [Iris/]: Found fine program match for minecraft:pipeline/entity_translucent: HAND_TRANSLUCENT
[218月2026 05:36:41.442] [Render thread/WARN] [Iris/]: Found fine program match for minecraft:pipeline/entity_translucent_emissive: HAND_TRANSLUCENT
[218月2026 05:36:41.445] [Render thread/WARN] [Iris/]: Found fine program match for minecraft:pipeline/entity_cutout: HAND_CUTOUT
[218月2026 05:36:41.445] [Render thread/WARN] [Iris/]: Found fine program match for minecraft:pipeline/entity_translucent: HAND_TRANSLUCENT
[218月2026 05:36:41.445] [Render thread/WARN] [Iris/]: Found fine program match for minecraft:pipeline/entity_translucent_emissive: HAND_TRANSLUCENT
[218月2026 05:36:41.450] [Render thread/WARN] [Iris/]: Found fine program match for minecraft:pipeline/entity_cutout: HAND_CUTOUT
[218月2026 05:36:41.450] [Render thread/WARN] [Iris/]: Found fine program match for minecraft:pipeline/entity_translucent: HAND_TRANSLUCENT
[218月2026 05:36:41.450] [Render thread/WARN] [Iris/]: Found fine program match for minecraft:pipeline/entity_translucent_emissive: HAND_TRANSLUCENT
[218月2026 05:36:41.453] [Render thread/WARN] [Iris/]: Found fine program match for minecraft:pipeline/entity_cutout: HAND_CUTOUT
[218月2026 05:36:41.453] [Render thread/WARN] [Iris/]: Found fine program match for minecraft:pipeline/entity_translucent: HAND_TRANSLUCENT
[218月2026 05:36:41.453] [Render thread/WARN] [Iris/]: Found fine program match for minecraft:pipeline/entity_translucent_emissive: HAND_TRANSLUCENT
[218月2026 05:36:41.457] [Render thread/WARN] [Iris/]: Found fine program match for minecraft:pipeline/entity_cutout: HAND_CUTOUT
[218月2026 05:36:41.457] [Render thread/WARN] [Iris/]: Found fine program match for minecraft:pipeline/entity_translucent: HAND_TRANSLUCENT
[218月2026 05:36:41.457] [Render thread/WARN] [Iris/]: Found fine program match for minecraft:pipeline/entity_translucent_emissive: HAND_TRANSLUCENT
[218月2026 05:36:41.461] [Render thread/WARN] [Iris/]: Found fine program match for minecraft:pipeline/entity_cutout: HAND_CUTOUT
[218月2026 05:36:41.461] [Render thread/WARN] [Iris/]: Found fine program match for minecraft:pipeline/entity_translucent: HAND_TRANSLUCENT
[218月2026 05:36:41.461] [Render thread/WARN] [Iris/]: Found fine program match for minecraft:pipeline/entity_translucent_emissive: HAND_TRANSLUCENT
[218月2026 05:36:41.464] [Render thread/WARN] [Iris/]: Found fine program match for minecraft:pipeline/entity_cutout: HAND_CUTOUT
[218月2026 05:36:41.464] [Render thread/WARN] [Iris/]: Found fine program match for minecraft:pipeline/entity_translucent: HAND_TRANSLUCENT
[218月2026 05:36:41.464] [Render thread/WARN] [Iris/]: Found fine program match for minecraft:pipeline/entity_translucent_emissive: HAND_TRANSLUCENT
[218月2026 05:36:41.469] [Render thread/WARN] [Iris/]: Found fine program match for minecraft:pipeline/entity_cutout: HAND_CUTOUT
[218月2026 05:36:41.469] [Render thread/WARN] [Iris/]: Found fine program match for minecraft:pipeline/entity_translucent: HAND_TRANSLUCENT
[218月2026 05:36:41.469] [Render thread/WARN] [Iris/]: Found fine program match for minecraft:pipeline/entity_translucent_emissive: HAND_TRANSLUCENT
[218月2026 05:36:41.474] [Render thread/WARN] [Iris/]: Found fine program match for minecraft:pipeline/entity_cutout: HAND_CUTOUT
[218月2026 05:36:41.474] [Render thread/WARN] [Iris/]: Found fine program match for minecraft:pipeline/entity_translucent: HAND_TRANSLUCENT
[218月2026 05:36:41.474] [Render thread/WARN] [Iris/]: Found fine program match for minecraft:pipeline/entity_translucent_emissive: HAND_TRANSLUCENT
[218月2026 05:36:41.478] [Render thread/WARN] [Iris/]: Found fine program match for minecraft:pipeline/entity_cutout: HAND_CUTOUT
[218月2026 05:36:41.478] [Render thread/WARN] [Iris/]: Found fine program match for minecraft:pipeline/entity_translucent: HAND_TRANSLUCENT
[218月2026 05:36:41.478] [Render thread/WARN] [Iris/]: Found fine program match for minecraft:pipeline/entity_translucent_emissive: HAND_TRANSLUCENT
[218月2026 05:36:41.482] [Render thread/WARN] [Iris/]: Found fine program match for minecraft:pipeline/entity_cutout: HAND_CUTOUT
[218月2026 05:36:41.482] [Render thread/WARN] [Iris/]: Found fine program match for minecraft:pipeline/entity_translucent: HAND_TRANSLUCENT
[218月2026 05:36:41.482] [Render thread/WARN] [Iris/]: Found fine program match for minecraft:pipeline/entity_translucent_emissive: HAND_TRANSLUCENT
[218月2026 05:36:41.487] [Render thread/WARN] [Iris/]: Found fine program match for minecraft:pipeline/entity_cutout: HAND_CUTOUT
[218月2026 05:36:41.487] [Render thread/WARN] [Iris/]: Found fine program match for minecraft:pipeline/entity_translucent: HAND_TRANSLUCENT
[218月2026 05:36:41.487] [Render thread/WARN] [Iris/]: Found fine program match for minecraft:pipeline/entity_translucent_emissive: HAND_TRANSLUCENT
[218月2026 05:36:41.491] [Render thread/WARN] [Iris/]: Found fine program match for minecraft:pipeline/entity_cutout: HAND_CUTOUT
[218月2026 05:36:41.491] [Render thread/WARN] [Iris/]: Found fine program match for minecraft:pipeline/entity_translucent: HAND_TRANSLUCENT
[218月2026 05:36:41.491] [Render thread/WARN] [Iris/]: Found fine program match for minecraft:pipeline/entity_translucent_emissive: HAND_TRANSLUCENT
[218月2026 05:36:41.495] [Render thread/WARN] [Iris/]: Found fine program match for minecraft:pipeline/entity_cutout: HAND_CUTOUT
[218月2026 05:36:41.495] [Render thread/WARN] [Iris/]: Found fine program match for minecraft:pipeline/entity_translucent: HAND_TRANSLUCENT
[218月2026 05:36:41.495] [Render thread/WARN] [Iris/]: Found fine program match for minecraft:pipeline/entity_translucent_emissive: HAND_TRANSLUCENT
[218月2026 05:36:41.499] [Render thread/WARN] [Iris/]: Found fine program match for minecraft:pipeline/entity_cutout: HAND_CUTOUT
[218月2026 05:36:41.499] [Render thread/WARN] [Iris/]: Found fine program match for minecraft:pipeline/entity_translucent: HAND_TRANSLUCENT
[218月2026 05:36:41.499] [Render thread/WARN] [Iris/]: Found fine program match for minecraft:pipeline/entity_translucent_emissive: HAND_TRANSLUCENT
[218月2026 05:36:41.502] [Render thread/WARN] [Iris/]: Found fine program match for minecraft:pipeline/entity_cutout: HAND_CUTOUT
[218月2026 05:36:41.502] [Render thread/WARN] [Iris/]: Found fine program match for minecraft:pipeline/entity_translucent: HAND_TRANSLUCENT
[218月2026 05:36:41.502] [Render thread/WARN] [Iris/]: Found fine program match for minecraft:pipeline/entity_translucent_emissive: HAND_TRANSLUCENT
[218月2026 05:36:41.506] [Render thread/WARN] [Iris/]: Found fine program match for minecraft:pipeline/entity_cutout: HAND_CUTOUT
[218月2026 05:36:41.506] [Render thread/WARN] [Iris/]: Found fine program match for minecraft:pipeline/entity_translucent: HAND_TRANSLUCENT
[218月2026 05:36:41.506] [Render thread/WARN] [Iris/]: Found fine program match for minecraft:pipeline/entity_translucent_emissive: HAND_TRANSLUCENT
[218月2026 05:36:41.510] [Render thread/WARN] [Iris/]: Found fine program match for minecraft:pipeline/entity_cutout: HAND_CUTOUT
[218月2026 05:36:41.510] [Render thread/WARN] [Iris/]: Found fine program match for minecraft:pipeline/entity_translucent: HAND_TRANSLUCENT
[218月2026 05:36:41.510] [Render thread/WARN] [Iris/]: Found fine program match for minecraft:pipeline/entity_translucent_emissive: HAND_TRANSLUCENT
[218月2026 05:36:41.514] [Render thread/WARN] [Iris/]: Found fine program match for minecraft:pipeline/entity_cutout: HAND_CUTOUT
[218月2026 05:36:41.514] [Render thread/WARN] [Iris/]: Found fine program match for minecraft:pipeline/entity_translucent: HAND_TRANSLUCENT
[218月2026 05:36:41.514] [Render thread/WARN] [Iris/]: Found fine program match for minecraft:pipeline/entity_translucent_emissive: HAND_TRANSLUCENT
[218月2026 05:36:41.520] [Render thread/WARN] [Iris/]: Found fine program match for minecraft:pipeline/entity_cutout: HAND_CUTOUT
[218月2026 05:36:41.520] [Render thread/WARN] [Iris/]: Found fine program match for minecraft:pipeline/entity_translucent: HAND_TRANSLUCENT
[218月2026 05:36:41.520] [Render thread/WARN] [Iris/]: Found fine program match for minecraft:pipeline/entity_translucent_emissive: HAND_TRANSLUCENT
[218月2026 05:36:41.523] [Render thread/WARN] [Iris/]: Found fine program match for minecraft:pipeline/entity_cutout: HAND_CUTOUT
[218月2026 05:36:41.523] [Render thread/WARN] [Iris/]: Found fine program match for minecraft:pipeline/entity_translucent: HAND_TRANSLUCENT
[218月2026 05:36:41.523] [Render thread/WARN] [Iris/]: Found fine program match for minecraft:pipeline/entity_translucent_emissive: HAND_TRANSLUCENT
[218月2026 05:36:41.529] [Render thread/WARN] [Iris/]: Found fine program match for minecraft:pipeline/entity_cutout: HAND_CUTOUT
[218月2026 05:36:41.529] [Render thread/WARN] [Iris/]: Found fine program match for minecraft:pipeline/entity_translucent: HAND_TRANSLUCENT
[218月2026 05:36:41.529] [Render thread/WARN] [Iris/]: Found fine program match for minecraft:pipeline/entity_translucent_emissive: HAND_TRANSLUCENT
[218月2026 05:36:41.534] [Render thread/WARN] [Iris/]: Found fine program match for minecraft:pipeline/entity_cutout: HAND_CUTOUT
[218月2026 05:36:41.534] [Render thread/WARN] [Iris/]: Found fine program match for minecraft:pipeline/entity_translucent: HAND_TRANSLUCENT
[218月2026 05:36:41.534] [Render thread/WARN] [Iris/]: Found fine program match for minecraft:pipeline/entity_translucent_emissive: HAND_TRANSLUCENT
[218月2026 05:36:41.541] [Render thread/WARN] [Iris/]: Found fine program match for minecraft:pipeline/entity_cutout: HAND_CUTOUT
[218月2026 05:36:41.541] [Render thread/WARN] [Iris/]: Found fine program match for minecraft:pipeline/entity_translucent: HAND_TRANSLUCENT
[218月2026 05:36:41.541] [Render thread/WARN] [Iris/]: Found fine program match for minecraft:pipeline/entity_translucent_emissive: HAND_TRANSLUCENT
[218月2026 05:36:41.545] [Render thread/WARN] [Iris/]: Found fine program match for minecraft:pipeline/entity_cutout: HAND_CUTOUT
[218月2026 05:36:41.545] [Render thread/WARN] [Iris/]: Found fine program match for minecraft:pipeline/entity_translucent: HAND_TRANSLUCENT
[218月2026 05:36:41.545] [Render thread/WARN] [Iris/]: Found fine program match for minecraft:pipeline/entity_translucent_emissive: HAND_TRANSLUCENT
[218月2026 05:36:41.550] [Render thread/WARN] [Iris/]: Found fine program match for minecraft:pipeline/entity_cutout: HAND_CUTOUT
[218月2026 05:36:41.550] [Render thread/WARN] [Iris/]: Found fine program match for minecraft:pipeline/entity_translucent: HAND_TRANSLUCENT
[218月2026 05:36:41.550] [Render thread/WARN] [Iris/]: Found fine program match for minecraft:pipeline/entity_translucent_emissive: HAND_TRANSLUCENT
[218月2026 05:36:41.554] [Render thread/WARN] [Iris/]: Found fine program match for minecraft:pipeline/entity_cutout: HAND_CUTOUT
[218月2026 05:36:41.554] [Render thread/WARN] [Iris/]: Found fine program match for minecraft:pipeline/entity_translucent: HAND_TRANSLUCENT
[218月2026 05:36:41.554] [Render thread/WARN] [Iris/]: Found fine program match for minecraft:pipeline/entity_translucent_emissive: HAND_TRANSLUCENT
[218月2026 05:36:41.557] [Render thread/WARN] [Iris/]: Found fine program match for minecraft:pipeline/entity_cutout: HAND_CUTOUT
[218月2026 05:36:41.557] [Render thread/WARN] [Iris/]: Found fine program match for minecraft:pipeline/entity_translucent: HAND_TRANSLUCENT
[218月2026 05:36:41.557] [Render thread/WARN] [Iris/]: Found fine program match for minecraft:pipeline/entity_translucent_emissive: HAND_TRANSLUCENT
[218月2026 05:36:41.566] [Render thread/WARN] [Iris/]: Found fine program match for minecraft:pipeline/entity_cutout: HAND_CUTOUT
[218月2026 05:36:41.566] [Render thread/WARN] [Iris/]: Found fine program match for minecraft:pipeline/entity_translucent: HAND_TRANSLUCENT
[218月2026 05:36:41.566] [Render thread/WARN] [Iris/]: Found fine program match for minecraft:pipeline/entity_translucent_emissive: HAND_TRANSLUCENT
[218月2026 05:36:41.569] [Render thread/WARN] [Iris/]: Found fine program match for minecraft:pipeline/entity_cutout: HAND_CUTOUT
[218月2026 05:36:41.569] [Render thread/WARN] [Iris/]: Found fine program match for minecraft:pipeline/entity_translucent: HAND_TRANSLUCENT
[218月2026 05:36:41.569] [Render thread/WARN] [Iris/]: Found fine program match for minecraft:pipeline/entity_translucent_emissive: HAND_TRANSLUCENT
[218月2026 05:36:41.574] [Render thread/WARN] [Iris/]: Found fine program match for minecraft:pipeline/entity_cutout: HAND_CUTOUT
[218月2026 05:36:41.574] [Render thread/WARN] [Iris/]: Found fine program match for minecraft:pipeline/entity_translucent: HAND_TRANSLUCENT
[218月2026 05:36:41.574] [Render thread/WARN] [Iris/]: Found fine program match for minecraft:pipeline/entity_translucent_emissive: HAND_TRANSLUCENT
[218月2026 05:36:41.578] [Render thread/WARN] [Iris/]: Found fine program match for minecraft:pipeline/entity_cutout: HAND_CUTOUT
[218月2026 05:36:41.578] [Render thread/WARN] [Iris/]: Found fine program match for minecraft:pipeline/entity_translucent: HAND_TRANSLUCENT
[218月2026 05:36:41.578] [Render thread/WARN] [Iris/]: Found fine program match for minecraft:pipeline/entity_translucent_emissive: HAND_TRANSLUCENT
[218月2026 05:36:41.586] [Render thread/WARN] [Iris/]: Found fine program match for minecraft:pipeline/entity_cutout: HAND_CUTOUT
[218月2026 05:36:41.586] [Render thread/WARN] [Iris/]: Found fine program match for minecraft:pipeline/entity_translucent: HAND_TRANSLUCENT
[218月2026 05:36:41.586] [Render thread/WARN] [Iris/]: Found fine program match for minecraft:pipeline/entity_translucent_emissive: HAND_TRANSLUCENT
[218月2026 05:36:41.594] [Render thread/WARN] [Iris/]: Found fine program match for minecraft:pipeline/entity_cutout: HAND_CUTOUT
[218月2026 05:36:41.595] [Render thread/WARN] [Iris/]: Found fine program match for minecraft:pipeline/entity_translucent: HAND_TRANSLUCENT
[218月2026 05:36:41.595] [Render thread/WARN] [Iris/]: Found fine program match for minecraft:pipeline/entity_translucent_emissive: HAND_TRANSLUCENT
[218月2026 05:36:41.599] [Render thread/WARN] [Iris/]: Found fine program match for minecraft:pipeline/entity_cutout: HAND_CUTOUT
[218月2026 05:36:41.599] [Render thread/WARN] [Iris/]: Found fine program match for minecraft:pipeline/entity_translucent: HAND_TRANSLUCENT
[218月2026 05:36:41.599] [Render thread/WARN] [Iris/]: Found fine program match for minecraft:pipeline/entity_translucent_emissive: HAND_TRANSLUCENT
[218月2026 05:36:41.602] [Render thread/WARN] [Iris/]: Found fine program match for minecraft:pipeline/entity_cutout: HAND_CUTOUT
[218月2026 05:36:41.603] [Render thread/WARN] [Iris/]: Found fine program match for minecraft:pipeline/entity_translucent: HAND_TRANSLUCENT
[218月2026 05:36:41.603] [Render thread/WARN] [Iris/]: Found fine program match for minecraft:pipeline/entity_translucent_emissive: HAND_TRANSLUCENT
[218月2026 05:36:41.607] [Render thread/WARN] [Iris/]: Found fine program match for minecraft:pipeline/entity_cutout: HAND_CUTOUT
[218月2026 05:36:41.607] [Render thread/WARN] [Iris/]: Found fine program match for minecraft:pipeline/entity_translucent: HAND_TRANSLUCENT
[218月2026 05:36:41.607] [Render thread/WARN] [Iris/]: Found fine program match for minecraft:pipeline/entity_translucent_emissive: HAND_TRANSLUCENT
[218月2026 05:36:41.611] [Render thread/WARN] [Iris/]: Found fine program match for minecraft:pipeline/entity_cutout: HAND_CUTOUT
[218月2026 05:36:41.611] [Render thread/WARN] [Iris/]: Found fine program match for minecraft:pipeline/entity_translucent: HAND_TRANSLUCENT
[218月2026 05:36:41.611] [Render thread/WARN] [Iris/]: Found fine program match for minecraft:pipeline/entity_translucent_emissive: HAND_TRANSLUCENT
[218月2026 05:36:41.615] [Render thread/WARN] [Iris/]: Found fine program match for minecraft:pipeline/entity_cutout: HAND_CUTOUT
[218月2026 05:36:41.615] [Render thread/WARN] [Iris/]: Found fine program match for minecraft:pipeline/entity_translucent: HAND_TRANSLUCENT
[218月2026 05:36:41.615] [Render thread/WARN] [Iris/]: Found fine program match for minecraft:pipeline/entity_translucent_emissive: HAND_TRANSLUCENT
[218月2026 05:36:41.620] [Render thread/WARN] [Iris/]: Found fine program match for minecraft:pipeline/entity_cutout: HAND_CUTOUT
[218月2026 05:36:41.620] [Render thread/WARN] [Iris/]: Found fine program match for minecraft:pipeline/entity_translucent: HAND_TRANSLUCENT
[218月2026 05:36:41.620] [Render thread/WARN] [Iris/]: Found fine program match for minecraft:pipeline/entity_translucent_emissive: HAND_TRANSLUCENT
[218月2026 05:36:41.623] [Render thread/WARN] [Iris/]: Found fine program match for minecraft:pipeline/entity_cutout: HAND_CUTOUT
[218月2026 05:36:41.623] [Render thread/WARN] [Iris/]: Found fine program match for minecraft:pipeline/entity_translucent: HAND_TRANSLUCENT
[218月2026 05:36:41.623] [Render thread/WARN] [Iris/]: Found fine program match for minecraft:pipeline/entity_translucent_emissive: HAND_TRANSLUCENT
[218月2026 05:36:41.627] [Render thread/WARN] [Iris/]: Found fine program match for minecraft:pipeline/entity_cutout: HAND_CUTOUT
[218月2026 05:36:41.627] [Render thread/WARN] [Iris/]: Found fine program match for minecraft:pipeline/entity_translucent: HAND_TRANSLUCENT
[218月2026 05:36:41.627] [Render thread/WARN] [Iris/]: Found fine program match for minecraft:pipeline/entity_translucent_emissive: HAND_TRANSLUCENT
[218月2026 05:36:41.633] [Render thread/WARN] [Iris/]: Found fine program match for minecraft:pipeline/entity_cutout: HAND_CUTOUT
[218月2026 05:36:41.633] [Render thread/WARN] [Iris/]: Found fine program match for minecraft:pipeline/entity_translucent: HAND_TRANSLUCENT
[218月2026 05:36:41.633] [Render thread/WARN] [Iris/]: Found fine program match for minecraft:pipeline/entity_translucent_emissive: HAND_TRANSLUCENT
[218月2026 05:36:41.638] [Render thread/WARN] [Iris/]: Found fine program match for minecraft:pipeline/entity_cutout: HAND_CUTOUT
[218月2026 05:36:41.638] [Render thread/WARN] [Iris/]: Found fine program match for minecraft:pipeline/entity_translucent: HAND_TRANSLUCENT
[218月2026 05:36:41.638] [Render thread/WARN] [Iris/]: Found fine program match for minecraft:pipeline/entity_translucent_emissive: HAND_TRANSLUCENT
[218月2026 05:36:41.641] [Render thread/WARN] [Iris/]: Found fine program match for minecraft:pipeline/entity_cutout: HAND_CUTOUT
[218月2026 05:36:41.641] [Render thread/WARN] [Iris/]: Found fine program match for minecraft:pipeline/entity_translucent: HAND_TRANSLUCENT
[218月2026 05:36:41.641] [Render thread/WARN] [Iris/]: Found fine program match for minecraft:pipeline/entity_translucent_emissive: HAND_TRANSLUCENT
[218月2026 05:36:41.644] [Render thread/WARN] [Iris/]: Found fine program match for minecraft:pipeline/entity_cutout: HAND_CUTOUT
[218月2026 05:36:41.645] [Render thread/WARN] [Iris/]: Found fine program match for minecraft:pipeline/entity_translucent: HAND_TRANSLUCENT
[218月2026 05:36:41.645] [Render thread/WARN] [Iris/]: Found fine program match for minecraft:pipeline/entity_translucent_emissive: HAND_TRANSLUCENT
[218月2026 05:36:41.649] [Render thread/WARN] [Iris/]: Found fine program match for minecraft:pipeline/entity_cutout: HAND_CUTOUT
[218月2026 05:36:41.649] [Render thread/WARN] [Iris/]: Found fine program match for minecraft:pipeline/entity_translucent: HAND_TRANSLUCENT
[218月2026 05:36:41.649] [Render thread/WARN] [Iris/]: Found fine program match for minecraft:pipeline/entity_translucent_emissive: HAND_TRANSLUCENT
[218月2026 05:36:41.653] [Render thread/WARN] [Iris/]: Found fine program match for minecraft:pipeline/entity_cutout: HAND_CUTOUT
[218月2026 05:36:41.653] [Render thread/WARN] [Iris/]: Found fine program match for minecraft:pipeline/entity_translucent: HAND_TRANSLUCENT
[218月2026 05:36:41.653] [Render thread/WARN] [Iris/]: Found fine program match for minecraft:pipeline/entity_translucent_emissive: HAND_TRANSLUCENT
[218月2026 05:36:41.657] [Render thread/WARN] [Iris/]: Found fine program match for minecraft:pipeline/entity_cutout: HAND_CUTOUT
[218月2026 05:36:41.657] [Render thread/WARN] [Iris/]: Found fine program match for minecraft:pipeline/entity_translucent: HAND_TRANSLUCENT
[218月2026 05:36:41.657] [Render thread/WARN] [Iris/]: Found fine program match for minecraft:pipeline/entity_translucent_emissive: HAND_TRANSLUCENT
[218月2026 05:36:41.660] [Render thread/WARN] [Iris/]: Found fine program match for minecraft:pipeline/entity_cutout: HAND_CUTOUT
[218月2026 05:36:41.660] [Render thread/WARN] [Iris/]: Found fine program match for minecraft:pipeline/entity_translucent: HAND_TRANSLUCENT
[218月2026 05:36:41.660] [Render thread/WARN] [Iris/]: Found fine program match for minecraft:pipeline/entity_translucent_emissive: HAND_TRANSLUCENT
[218月2026 05:36:41.664] [Render thread/WARN] [Iris/]: Found fine program match for minecraft:pipeline/entity_cutout: HAND_CUTOUT
[218月2026 05:36:41.664] [Render thread/WARN] [Iris/]: Found fine program match for minecraft:pipeline/entity_translucent: HAND_TRANSLUCENT
[218月2026 05:36:41.664] [Render thread/WARN] [Iris/]: Found fine program match for minecraft:pipeline/entity_translucent_emissive: HAND_TRANSLUCENT
[218月2026 05:36:41.669] [Render thread/WARN] [Iris/]: Found fine program match for minecraft:pipeline/entity_cutout: HAND_CUTOUT
[218月2026 05:36:41.669] [Render thread/WARN] [Iris/]: Found fine program match for minecraft:pipeline/entity_translucent: HAND_TRANSLUCENT
[218月2026 05:36:41.669] [Render thread/WARN] [Iris/]: Found fine program match for minecraft:pipeline/entity_translucent_emissive: HAND_TRANSLUCENT
[218月2026 05:36:41.673] [Render thread/WARN] [Iris/]: Found fine program match for minecraft:pipeline/entity_cutout: HAND_CUTOUT
[218月2026 05:36:41.673] [Render thread/WARN] [Iris/]: Found fine program match for minecraft:pipeline/entity_translucent: HAND_TRANSLUCENT
[218月2026 05:36:41.673] [Render thread/WARN] [Iris/]: Found fine program match for minecraft:pipeline/entity_translucent_emissive: HAND_TRANSLUCENT
[218月2026 05:36:41.677] [Render thread/WARN] [Iris/]: Found fine program match for minecraft:pipeline/entity_cutout: HAND_CUTOUT
[218月2026 05:36:41.677] [Render thread/WARN] [Iris/]: Found fine program match for minecraft:pipeline/entity_translucent: HAND_TRANSLUCENT
[218月2026 05:36:41.677] [Render thread/WARN] [Iris/]: Found fine program match for minecraft:pipeline/entity_translucent_emissive: HAND_TRANSLUCENT
[218月2026 05:36:41.682] [Render thread/WARN] [Iris/]: Found fine program match for minecraft:pipeline/entity_cutout: HAND_CUTOUT
[218月2026 05:36:41.682] [Render thread/WARN] [Iris/]: Found fine program match for minecraft:pipeline/entity_translucent: HAND_TRANSLUCENT
[218月2026 05:36:41.682] [Render thread/WARN] [Iris/]: Found fine program match for minecraft:pipeline/entity_translucent_emissive: HAND_TRANSLUCENT
[218月2026 05:36:41.687] [Render thread/WARN] [Iris/]: Found fine program match for minecraft:pipeline/entity_cutout: HAND_CUTOUT
[218月2026 05:36:41.687] [Render thread/WARN] [Iris/]: Found fine program match for minecraft:pipeline/entity_translucent: HAND_TRANSLUCENT
[218月2026 05:36:41.687] [Render thread/WARN] [Iris/]: Found fine program match for minecraft:pipeline/entity_translucent_emissive: HAND_TRANSLUCENT
[218月2026 05:36:41.691] [Render thread/WARN] [Iris/]: Found fine program match for minecraft:pipeline/entity_cutout: HAND_CUTOUT
[218月2026 05:36:41.691] [Render thread/WARN] [Iris/]: Found fine program match for minecraft:pipeline/entity_translucent: HAND_TRANSLUCENT
[218月2026 05:36:41.691] [Render thread/WARN] [Iris/]: Found fine program match for minecraft:pipeline/entity_translucent_emissive: HAND_TRANSLUCENT
[218月2026 05:36:41.695] [Render thread/WARN] [Iris/]: Found fine program match for minecraft:pipeline/entity_cutout: HAND_CUTOUT
[218月2026 05:36:41.695] [Render thread/WARN] [Iris/]: Found fine program match for minecraft:pipeline/entity_translucent: HAND_TRANSLUCENT
[218月2026 05:36:41.695] [Render thread/WARN] [Iris/]: Found fine program match for minecraft:pipeline/entity_translucent_emissive: HAND_TRANSLUCENT
[218月2026 05:36:41.699] [Render thread/WARN] [Iris/]: Found fine program match for minecraft:pipeline/entity_cutout: HAND_CUTOUT
[218月2026 05:36:41.699] [Render thread/WARN] [Iris/]: Found fine program match for minecraft:pipeline/entity_translucent: HAND_TRANSLUCENT
[218月2026 05:36:41.699] [Render thread/WARN] [Iris/]: Found fine program match for minecraft:pipeline/entity_translucent_emissive: HAND_TRANSLUCENT
[218月2026 05:36:41.703] [Render thread/WARN] [Iris/]: Found fine program match for minecraft:pipeline/entity_cutout: HAND_CUTOUT
[218月2026 05:36:41.703] [Render thread/WARN] [Iris/]: Found fine program match for minecraft:pipeline/entity_translucent: HAND_TRANSLUCENT
[218月2026 05:36:41.703] [Render thread/WARN] [Iris/]: Found fine program match for minecraft:pipeline/entity_translucent_emissive: HAND_TRANSLUCENT
[218月2026 05:36:41.707] [Render thread/WARN] [Iris/]: Found fine program match for minecraft:pipeline/entity_cutout: HAND_CUTOUT
[218月2026 05:36:41.707] [Render thread/WARN] [Iris/]: Found fine program match for minecraft:pipeline/entity_translucent: HAND_TRANSLUCENT
[218月2026 05:36:41.707] [Render thread/WARN] [Iris/]: Found fine program match for minecraft:pipeline/entity_translucent_emissive: HAND_TRANSLUCENT
[218月2026 05:36:41.711] [Render thread/WARN] [Iris/]: Found fine program match for minecraft:pipeline/entity_cutout: HAND_CUTOUT
[218月2026 05:36:41.711] [Render thread/WARN] [Iris/]: Found fine program match for minecraft:pipeline/entity_translucent: HAND_TRANSLUCENT
[218月2026 05:36:41.711] [Render thread/WARN] [Iris/]: Found fine program match for minecraft:pipeline/entity_translucent_emissive: HAND_TRANSLUCENT
[218月2026 05:36:41.715] [Render thread/WARN] [Iris/]: Found fine program match for minecraft:pipeline/entity_cutout: HAND_CUTOUT
[218月2026 05:36:41.715] [Render thread/WARN] [Iris/]: Found fine program match for minecraft:pipeline/entity_translucent: HAND_TRANSLUCENT
[218月2026 05:36:41.715] [Render thread/WARN] [Iris/]: Found fine program match for minecraft:pipeline/entity_translucent_emissive: HAND_TRANSLUCENT
[218月2026 05:36:41.720] [Render thread/WARN] [Iris/]: Found fine program match for minecraft:pipeline/entity_cutout: HAND_CUTOUT
[218月2026 05:36:41.720] [Render thread/WARN] [Iris/]: Found fine program match for minecraft:pipeline/entity_translucent: HAND_TRANSLUCENT
[218月2026 05:36:41.720] [Render thread/WARN] [Iris/]: Found fine program match for minecraft:pipeline/entity_translucent_emissive: HAND_TRANSLUCENT
[218月2026 05:36:41.723] [Render thread/WARN] [Iris/]: Found fine program match for minecraft:pipeline/entity_cutout: HAND_CUTOUT
[218月2026 05:36:41.724] [Render thread/WARN] [Iris/]: Found fine program match for minecraft:pipeline/entity_translucent: HAND_TRANSLUCENT
[218月2026 05:36:41.724] [Render thread/WARN] [Iris/]: Found fine program match for minecraft:pipeline/entity_translucent_emissive: HAND_TRANSLUCENT
[218月2026 05:36:41.727] [Render thread/WARN] [Iris/]: Found fine program match for minecraft:pipeline/entity_cutout: HAND_CUTOUT
[218月2026 05:36:41.727] [Render thread/WARN] [Iris/]: Found fine program match for minecraft:pipeline/entity_translucent: HAND_TRANSLUCENT
[218月2026 05:36:41.727] [Render thread/WARN] [Iris/]: Found fine program match for minecraft:pipeline/entity_translucent_emissive: HAND_TRANSLUCENT
[218月2026 05:36:41.732] [Render thread/WARN] [Iris/]: Found fine program match for minecraft:pipeline/entity_cutout: HAND_CUTOUT
[218月2026 05:36:41.732] [Render thread/WARN] [Iris/]: Found fine program match for minecraft:pipeline/entity_translucent: HAND_TRANSLUCENT
[218月2026 05:36:41.732] [Render thread/WARN] [Iris/]: Found fine program match for minecraft:pipeline/entity_translucent_emissive: HAND_TRANSLUCENT
[218月2026 05:36:41.738] [Render thread/WARN] [Iris/]: Found fine program match for minecraft:pipeline/entity_cutout: HAND_CUTOUT
[218月2026 05:36:41.738] [Render thread/WARN] [Iris/]: Found fine program match for minecraft:pipeline/entity_translucent: HAND_TRANSLUCENT
[218月2026 05:36:41.738] [Render thread/WARN] [Iris/]: Found fine program match for minecraft:pipeline/entity_translucent_emissive: HAND_TRANSLUCENT
[218月2026 05:36:41.741] [Render thread/WARN] [Iris/]: Found fine program match for minecraft:pipeline/entity_cutout: HAND_CUTOUT
[218月2026 05:36:41.741] [Render thread/WARN] [Iris/]: Found fine program match for minecraft:pipeline/entity_translucent: HAND_TRANSLUCENT
[218月2026 05:36:41.741] [Render thread/WARN] [Iris/]: Found fine program match for minecraft:pipeline/entity_translucent_emissive: HAND_TRANSLUCENT
[218月2026 05:36:41.744] [Render thread/WARN] [Iris/]: Found fine program match for minecraft:pipeline/entity_cutout: HAND_CUTOUT
[218月2026 05:36:41.744] [Render thread/WARN] [Iris/]: Found fine program match for minecraft:pipeline/entity_translucent: HAND_TRANSLUCENT
[218月2026 05:36:41.744] [Render thread/WARN] [Iris/]: Found fine program match for minecraft:pipeline/entity_translucent_emissive: HAND_TRANSLUCENT
[218月2026 05:36:41.750] [Render thread/WARN] [Iris/]: Found fine program match for minecraft:pipeline/entity_cutout: HAND_CUTOUT
[218月2026 05:36:41.750] [Render thread/WARN] [Iris/]: Found fine program match for minecraft:pipeline/entity_translucent: HAND_TRANSLUCENT
[218月2026 05:36:41.750] [Render thread/WARN] [Iris/]: Found fine program match for minecraft:pipeline/entity_translucent_emissive: HAND_TRANSLUCENT
[218月2026 05:36:41.754] [Render thread/WARN] [Iris/]: Found fine program match for minecraft:pipeline/entity_cutout: HAND_CUTOUT
[218月2026 05:36:41.754] [Render thread/WARN] [Iris/]: Found fine program match for minecraft:pipeline/entity_translucent: HAND_TRANSLUCENT
[218月2026 05:36:41.754] [Render thread/WARN] [Iris/]: Found fine program match for minecraft:pipeline/entity_translucent_emissive: HAND_TRANSLUCENT
[218月2026 05:36:41.759] [Render thread/WARN] [Iris/]: Found fine program match for minecraft:pipeline/entity_cutout: HAND_CUTOUT
[218月2026 05:36:41.759] [Render thread/WARN] [Iris/]: Found fine program match for minecraft:pipeline/entity_translucent: HAND_TRANSLUCENT
[218月2026 05:36:41.759] [Render thread/WARN] [Iris/]: Found fine program match for minecraft:pipeline/entity_translucent_emissive: HAND_TRANSLUCENT
[218月2026 05:36:41.762] [Render thread/WARN] [Iris/]: Found fine program match for minecraft:pipeline/entity_cutout: HAND_CUTOUT
[218月2026 05:36:41.763] [Render thread/WARN] [Iris/]: Found fine program match for minecraft:pipeline/entity_translucent: HAND_TRANSLUCENT
[218月2026 05:36:41.763] [Render thread/WARN] [Iris/]: Found fine program match for minecraft:pipeline/entity_translucent_emissive: HAND_TRANSLUCENT
[218月2026 05:36:41.767] [Render thread/WARN] [Iris/]: Found fine program match for minecraft:pipeline/entity_cutout: HAND_CUTOUT
[218月2026 05:36:41.767] [Render thread/WARN] [Iris/]: Found fine program match for minecraft:pipeline/entity_translucent: HAND_TRANSLUCENT
[218月2026 05:36:41.767] [Render thread/WARN] [Iris/]: Found fine program match for minecraft:pipeline/entity_translucent_emissive: HAND_TRANSLUCENT
[218月2026 05:36:41.770] [Render thread/WARN] [Iris/]: Found fine program match for minecraft:pipeline/entity_cutout: HAND_CUTOUT
[218月2026 05:36:41.770] [Render thread/WARN] [Iris/]: Found fine program match for minecraft:pipeline/entity_translucent: HAND_TRANSLUCENT
[218月2026 05:36:41.770] [Render thread/WARN] [Iris/]: Found fine program match for minecraft:pipeline/entity_translucent_emissive: HAND_TRANSLUCENT
[218月2026 05:36:41.776] [Render thread/WARN] [Iris/]: Found fine program match for minecraft:pipeline/entity_cutout: HAND_CUTOUT
[218月2026 05:36:41.777] [Render thread/WARN] [Iris/]: Found fine program match for minecraft:pipeline/entity_translucent: HAND_TRANSLUCENT
[218月2026 05:36:41.777] [Render thread/WARN] [Iris/]: Found fine program match for minecraft:pipeline/entity_translucent_emissive: HAND_TRANSLUCENT
[218月2026 05:36:41.782] [Render thread/WARN] [Iris/]: Found fine program match for minecraft:pipeline/entity_cutout: HAND_CUTOUT
[218月2026 05:36:41.782] [Render thread/WARN] [Iris/]: Found fine program match for minecraft:pipeline/entity_translucent: HAND_TRANSLUCENT
[218月2026 05:36:41.782] [Render thread/WARN] [Iris/]: Found fine program match for minecraft:pipeline/entity_translucent_emissive: HAND_TRANSLUCENT
[218月2026 05:36:41.789] [Render thread/WARN] [Iris/]: Found fine program match for minecraft:pipeline/entity_cutout: HAND_CUTOUT
[218月2026 05:36:41.789] [Render thread/WARN] [Iris/]: Found fine program match for minecraft:pipeline/entity_translucent: HAND_TRANSLUCENT
[218月2026 05:36:41.789] [Render thread/WARN] [Iris/]: Found fine program match for minecraft:pipeline/entity_translucent_emissive: HAND_TRANSLUCENT
[218月2026 05:36:41.806] [Render thread/WARN] [Iris/]: Found fine program match for minecraft:pipeline/entity_cutout: HAND_CUTOUT
[218月2026 05:36:41.806] [Render thread/WARN] [Iris/]: Found fine program match for minecraft:pipeline/entity_translucent: HAND_TRANSLUCENT
[218月2026 05:36:41.806] [Render thread/WARN] [Iris/]: Found fine program match for minecraft:pipeline/entity_translucent_emissive: HAND_TRANSLUCENT
[218月2026 05:36:41.810] [Render thread/WARN] [Iris/]: Found fine program match for minecraft:pipeline/entity_cutout: HAND_CUTOUT
[218月2026 05:36:41.810] [Render thread/WARN] [Iris/]: Found fine program match for minecraft:pipeline/entity_translucent: HAND_TRANSLUCENT
[218月2026 05:36:41.810] [Render thread/WARN] [Iris/]: Found fine program match for minecraft:pipeline/entity_translucent_emissive: HAND_TRANSLUCENT
[218月2026 05:36:41.814] [Render thread/WARN] [Iris/]: Found fine program match for minecraft:pipeline/entity_cutout: HAND_CUTOUT
[218月2026 05:36:41.814] [Render thread/WARN] [Iris/]: Found fine program match for minecraft:pipeline/entity_translucent: HAND_TRANSLUCENT
[218月2026 05:36:41.814] [Render thread/WARN] [Iris/]: Found fine program match for minecraft:pipeline/entity_translucent_emissive: HAND_TRANSLUCENT
[218月2026 05:36:41.818] [Render thread/WARN] [Iris/]: Found fine program match for minecraft:pipeline/entity_cutout: HAND_CUTOUT
[218月2026 05:36:41.818] [Render thread/WARN] [Iris/]: Found fine program match for minecraft:pipeline/entity_translucent: HAND_TRANSLUCENT
[218月2026 05:36:41.818] [Render thread/WARN] [Iris/]: Found fine program match for minecraft:pipeline/entity_translucent_emissive: HAND_TRANSLUCENT
[218月2026 05:36:41.821] [Render thread/WARN] [Iris/]: Found fine program match for minecraft:pipeline/entity_cutout: HAND_CUTOUT
[218月2026 05:36:41.822] [Render thread/WARN] [Iris/]: Found fine program match for minecraft:pipeline/entity_translucent: HAND_TRANSLUCENT
[218月2026 05:36:41.822] [Render thread/WARN] [Iris/]: Found fine program match for minecraft:pipeline/entity_translucent_emissive: HAND_TRANSLUCENT
[218月2026 05:36:41.825] [Render thread/WARN] [Iris/]: Found fine program match for minecraft:pipeline/entity_cutout: HAND_CUTOUT
[218月2026 05:36:41.825] [Render thread/WARN] [Iris/]: Found fine program match for minecraft:pipeline/entity_translucent: HAND_TRANSLUCENT
[218月2026 05:36:41.825] [Render thread/WARN] [Iris/]: Found fine program match for minecraft:pipeline/entity_translucent_emissive: HAND_TRANSLUCENT
[218月2026 05:36:41.833] [Render thread/WARN] [Iris/]: Found fine program match for minecraft:pipeline/entity_cutout: HAND_CUTOUT
[218月2026 05:36:41.833] [Render thread/WARN] [Iris/]: Found fine program match for minecraft:pipeline/entity_translucent: HAND_TRANSLUCENT
[218月2026 05:36:41.834] [Render thread/WARN] [Iris/]: Found fine program match for minecraft:pipeline/entity_translucent_emissive: HAND_TRANSLUCENT
[218月2026 05:36:41.837] [Render thread/WARN] [Iris/]: Found fine program match for minecraft:pipeline/entity_cutout: HAND_CUTOUT
[218月2026 05:36:41.837] [Render thread/WARN] [Iris/]: Found fine program match for minecraft:pipeline/entity_translucent: HAND_TRANSLUCENT
[218月2026 05:36:41.837] [Render thread/WARN] [Iris/]: Found fine program match for minecraft:pipeline/entity_translucent_emissive: HAND_TRANSLUCENT
[218月2026 05:36:41.841] [Render thread/WARN] [Iris/]: Found fine program match for minecraft:pipeline/entity_cutout: HAND_CUTOUT
[218月2026 05:36:41.841] [Render thread/WARN] [Iris/]: Found fine program match for minecraft:pipeline/entity_translucent: HAND_TRANSLUCENT
[218月2026 05:36:41.841] [Render thread/WARN] [Iris/]: Found fine program match for minecraft:pipeline/entity_translucent_emissive: HAND_TRANSLUCENT
[218月2026 05:36:41.844] [Render thread/WARN] [Iris/]: Found fine program match for minecraft:pipeline/entity_cutout: HAND_CUTOUT
[218月2026 05:36:41.844] [Render thread/WARN] [Iris/]: Found fine program match for minecraft:pipeline/entity_translucent: HAND_TRANSLUCENT
[218月2026 05:36:41.844] [Render thread/WARN] [Iris/]: Found fine program match for minecraft:pipeline/entity_translucent_emissive: HAND_TRANSLUCENT
[218月2026 05:36:41.849] [Render thread/WARN] [Iris/]: Found fine program match for minecraft:pipeline/entity_cutout: HAND_CUTOUT
[218月2026 05:36:41.849] [Render thread/WARN] [Iris/]: Found fine program match for minecraft:pipeline/entity_translucent: HAND_TRANSLUCENT
[218月2026 05:36:41.849] [Render thread/WARN] [Iris/]: Found fine program match for minecraft:pipeline/entity_translucent_emissive: HAND_TRANSLUCENT
[218月2026 05:36:41.853] [Render thread/WARN] [Iris/]: Found fine program match for minecraft:pipeline/entity_cutout: HAND_CUTOUT
[218月2026 05:36:41.853] [Render thread/WARN] [Iris/]: Found fine program match for minecraft:pipeline/entity_translucent: HAND_TRANSLUCENT
[218月2026 05:36:41.853] [Render thread/WARN] [Iris/]: Found fine program match for minecraft:pipeline/entity_translucent_emissive: HAND_TRANSLUCENT
[218月2026 05:36:41.857] [Render thread/WARN] [Iris/]: Found fine program match for minecraft:pipeline/entity_cutout: HAND_CUTOUT
[218月2026 05:36:41.857] [Render thread/WARN] [Iris/]: Found fine program match for minecraft:pipeline/entity_translucent: HAND_TRANSLUCENT
[218月2026 05:36:41.857] [Render thread/WARN] [Iris/]: Found fine program match for minecraft:pipeline/entity_translucent_emissive: HAND_TRANSLUCENT
[218月2026 05:36:41.861] [Render thread/WARN] [Iris/]: Found fine program match for minecraft:pipeline/entity_cutout: HAND_CUTOUT
[218月2026 05:36:41.861] [Render thread/WARN] [Iris/]: Found fine program match for minecraft:pipeline/entity_translucent: HAND_TRANSLUCENT
[218月2026 05:36:41.861] [Render thread/WARN] [Iris/]: Found fine program match for minecraft:pipeline/entity_translucent_emissive: HAND_TRANSLUCENT
[218月2026 05:36:41.865] [Render thread/WARN] [Iris/]: Found fine program match for minecraft:pipeline/entity_cutout: HAND_CUTOUT
[218月2026 05:36:41.865] [Render thread/WARN] [Iris/]: Found fine program match for minecraft:pipeline/entity_translucent: HAND_TRANSLUCENT
[218月2026 05:36:41.865] [Render thread/WARN] [Iris/]: Found fine program match for minecraft:pipeline/entity_translucent_emissive: HAND_TRANSLUCENT
[218月2026 05:36:41.869] [Render thread/WARN] [Iris/]: Found fine program match for minecraft:pipeline/entity_cutout: HAND_CUTOUT
[218月2026 05:36:41.869] [Render thread/WARN] [Iris/]: Found fine program match for minecraft:pipeline/entity_translucent: HAND_TRANSLUCENT
[218月2026 05:36:41.869] [Render thread/WARN] [Iris/]: Found fine program match for minecraft:pipeline/entity_translucent_emissive: HAND_TRANSLUCENT
[218月2026 05:36:41.872] [Render thread/WARN] [Iris/]: Found fine program match for minecraft:pipeline/entity_cutout: HAND_CUTOUT
[218月2026 05:36:41.872] [Render thread/WARN] [Iris/]: Found fine program match for minecraft:pipeline/entity_translucent: HAND_TRANSLUCENT
[218月2026 05:36:41.872] [Render thread/WARN] [Iris/]: Found fine program match for minecraft:pipeline/entity_translucent_emissive: HAND_TRANSLUCENT
[218月2026 05:36:41.877] [Render thread/WARN] [Iris/]: Found fine program match for minecraft:pipeline/entity_cutout: HAND_CUTOUT
[218月2026 05:36:41.877] [Render thread/WARN] [Iris/]: Found fine program match for minecraft:pipeline/entity_translucent: HAND_TRANSLUCENT
[218月2026 05:36:41.877] [Render thread/WARN] [Iris/]: Found fine program match for minecraft:pipeline/entity_translucent_emissive: HAND_TRANSLUCENT
[218月2026 05:36:41.882] [Render thread/WARN] [Iris/]: Found fine program match for minecraft:pipeline/entity_cutout: HAND_CUTOUT
[218月2026 05:36:41.882] [Render thread/WARN] [Iris/]: Found fine program match for minecraft:pipeline/entity_translucent: HAND_TRANSLUCENT
[218月2026 05:36:41.882] [Render thread/WARN] [Iris/]: Found fine program match for minecraft:pipeline/entity_translucent_emissive: HAND_TRANSLUCENT
[218月2026 05:36:41.885] [Render thread/WARN] [Iris/]: Found fine program match for minecraft:pipeline/entity_cutout: HAND_CUTOUT
[218月2026 05:36:41.885] [Render thread/WARN] [Iris/]: Found fine program match for minecraft:pipeline/entity_translucent: HAND_TRANSLUCENT
[218月2026 05:36:41.885] [Render thread/WARN] [Iris/]: Found fine program match for minecraft:pipeline/entity_translucent_emissive: HAND_TRANSLUCENT
[218月2026 05:36:41.889] [Render thread/WARN] [Iris/]: Found fine program match for minecraft:pipeline/entity_cutout: HAND_CUTOUT
[218月2026 05:36:41.889] [Render thread/WARN] [Iris/]: Found fine program match for minecraft:pipeline/entity_translucent: HAND_TRANSLUCENT
[218月2026 05:36:41.889] [Render thread/WARN] [Iris/]: Found fine program match for minecraft:pipeline/entity_translucent_emissive: HAND_TRANSLUCENT
[218月2026 05:36:41.892] [Render thread/WARN] [Iris/]: Found fine program match for minecraft:pipeline/entity_cutout: HAND_CUTOUT
[218月2026 05:36:41.892] [Render thread/WARN] [Iris/]: Found fine program match for minecraft:pipeline/entity_translucent: HAND_TRANSLUCENT
[218月2026 05:36:41.892] [Render thread/WARN] [Iris/]: Found fine program match for minecraft:pipeline/entity_translucent_emissive: HAND_TRANSLUCENT
[218月2026 05:36:41.896] [Render thread/WARN] [Iris/]: Found fine program match for minecraft:pipeline/entity_cutout: HAND_CUTOUT
[218月2026 05:36:41.896] [Render thread/WARN] [Iris/]: Found fine program match for minecraft:pipeline/entity_translucent: HAND_TRANSLUCENT
[218月2026 05:36:41.896] [Render thread/WARN] [Iris/]: Found fine program match for minecraft:pipeline/entity_translucent_emissive: HAND_TRANSLUCENT
[218月2026 05:36:41.901] [Render thread/WARN] [Iris/]: Found fine program match for minecraft:pipeline/entity_cutout: HAND_CUTOUT
[218月2026 05:36:41.901] [Render thread/WARN] [Iris/]: Found fine program match for minecraft:pipeline/entity_translucent: HAND_TRANSLUCENT
[218月2026 05:36:41.901] [Render thread/WARN] [Iris/]: Found fine program match for minecraft:pipeline/entity_translucent_emissive: HAND_TRANSLUCENT
[218月2026 05:36:41.905] [Render thread/WARN] [Iris/]: Found fine program match for minecraft:pipeline/entity_cutout: HAND_CUTOUT
[218月2026 05:36:41.905] [Render thread/WARN] [Iris/]: Found fine program match for minecraft:pipeline/entity_translucent: HAND_TRANSLUCENT
[218月2026 05:36:41.905] [Render thread/WARN] [Iris/]: Found fine program match for minecraft:pipeline/entity_translucent_emissive: HAND_TRANSLUCENT
[218月2026 05:36:41.909] [Render thread/WARN] [Iris/]: Found fine program match for minecraft:pipeline/entity_cutout: HAND_CUTOUT
[218月2026 05:36:41.909] [Render thread/WARN] [Iris/]: Found fine program match for minecraft:pipeline/entity_translucent: HAND_TRANSLUCENT
[218月2026 05:36:41.909] [Render thread/WARN] [Iris/]: Found fine program match for minecraft:pipeline/entity_translucent_emissive: HAND_TRANSLUCENT
[218月2026 05:36:41.912] [Render thread/WARN] [Iris/]: Found fine program match for minecraft:pipeline/entity_cutout: HAND_CUTOUT
[218月2026 05:36:41.912] [Render thread/WARN] [Iris/]: Found fine program match for minecraft:pipeline/entity_translucent: HAND_TRANSLUCENT
[218月2026 05:36:41.913] [Render thread/WARN] [Iris/]: Found fine program match for minecraft:pipeline/entity_translucent_emissive: HAND_TRANSLUCENT
[218月2026 05:36:41.916] [Render thread/WARN] [Iris/]: Found fine program match for minecraft:pipeline/entity_cutout: HAND_CUTOUT
[218月2026 05:36:41.916] [Render thread/WARN] [Iris/]: Found fine program match for minecraft:pipeline/entity_translucent: HAND_TRANSLUCENT
[218月2026 05:36:41.916] [Render thread/WARN] [Iris/]: Found fine program match for minecraft:pipeline/entity_translucent_emissive: HAND_TRANSLUCENT
[218月2026 05:36:41.920] [Render thread/WARN] [Iris/]: Found fine program match for minecraft:pipeline/entity_cutout: HAND_CUTOUT
[218月2026 05:36:41.920] [Render thread/WARN] [Iris/]: Found fine program match for minecraft:pipeline/entity_translucent: HAND_TRANSLUCENT
[218月2026 05:36:41.920] [Render thread/WARN] [Iris/]: Found fine program match for minecraft:pipeline/entity_translucent_emissive: HAND_TRANSLUCENT
[218月2026 05:36:41.924] [Render thread/WARN] [Iris/]: Found fine program match for minecraft:pipeline/entity_cutout: HAND_CUTOUT
[218月2026 05:36:41.924] [Render thread/WARN] [Iris/]: Found fine program match for minecraft:pipeline/entity_translucent: HAND_TRANSLUCENT
[218月2026 05:36:41.924] [Render thread/WARN] [Iris/]: Found fine program match for minecraft:pipeline/entity_translucent_emissive: HAND_TRANSLUCENT
[218月2026 05:36:41.930] [Render thread/WARN] [Iris/]: Found fine program match for minecraft:pipeline/entity_cutout: HAND_CUTOUT
[218月2026 05:36:41.930] [Render thread/WARN] [Iris/]: Found fine program match for minecraft:pipeline/entity_translucent: HAND_TRANSLUCENT
[218月2026 05:36:41.930] [Render thread/WARN] [Iris/]: Found fine program match for minecraft:pipeline/entity_translucent_emissive: HAND_TRANSLUCENT
[218月2026 05:36:41.933] [Render thread/WARN] [Iris/]: Found fine program match for minecraft:pipeline/entity_cutout: HAND_CUTOUT
[218月2026 05:36:41.933] [Render thread/WARN] [Iris/]: Found fine program match for minecraft:pipeline/entity_translucent: HAND_TRANSLUCENT
[218月2026 05:36:41.933] [Render thread/WARN] [Iris/]: Found fine program match for minecraft:pipeline/entity_translucent_emissive: HAND_TRANSLUCENT
[218月2026 05:36:41.937] [Render thread/WARN] [Iris/]: Found fine program match for minecraft:pipeline/entity_cutout: HAND_CUTOUT
[218月2026 05:36:41.937] [Render thread/WARN] [Iris/]: Found fine program match for minecraft:pipeline/entity_translucent: HAND_TRANSLUCENT
[218月2026 05:36:41.937] [Render thread/WARN] [Iris/]: Found fine program match for minecraft:pipeline/entity_translucent_emissive: HAND_TRANSLUCENT
[218月2026 05:36:41.940] [Render thread/WARN] [Iris/]: Found fine program match for minecraft:pipeline/entity_cutout: HAND_CUTOUT
[218月2026 05:36:41.940] [Render thread/WARN] [Iris/]: Found fine program match for minecraft:pipeline/entity_translucent: HAND_TRANSLUCENT
[218月2026 05:36:41.940] [Render thread/WARN] [Iris/]: Found fine program match for minecraft:pipeline/entity_translucent_emissive: HAND_TRANSLUCENT
[218月2026 05:36:41.944] [Render thread/WARN] [Iris/]: Found fine program match for minecraft:pipeline/entity_cutout: HAND_CUTOUT
[218月2026 05:36:41.944] [Render thread/WARN] [Iris/]: Found fine program match for minecraft:pipeline/entity_translucent: HAND_TRANSLUCENT
[218月2026 05:36:41.944] [Render thread/WARN] [Iris/]: Found fine program match for minecraft:pipeline/entity_translucent_emissive: HAND_TRANSLUCENT
[218月2026 05:36:41.947] [Render thread/WARN] [Iris/]: Found fine program match for minecraft:pipeline/entity_cutout: HAND_CUTOUT
[218月2026 05:36:41.947] [Render thread/WARN] [Iris/]: Found fine program match for minecraft:pipeline/entity_translucent: HAND_TRANSLUCENT
[218月2026 05:36:41.947] [Render thread/WARN] [Iris/]: Found fine program match for minecraft:pipeline/entity_translucent_emissive: HAND_TRANSLUCENT
[218月2026 05:36:41.952] [Render thread/WARN] [Iris/]: Found fine program match for minecraft:pipeline/entity_cutout: HAND_CUTOUT
[218月2026 05:36:41.952] [Render thread/WARN] [Iris/]: Found fine program match for minecraft:pipeline/entity_translucent: HAND_TRANSLUCENT
[218月2026 05:36:41.952] [Render thread/WARN] [Iris/]: Found fine program match for minecraft:pipeline/entity_translucent_emissive: HAND_TRANSLUCENT
[218月2026 05:36:41.956] [Render thread/WARN] [Iris/]: Found fine program match for minecraft:pipeline/entity_cutout: HAND_CUTOUT
[218月2026 05:36:41.957] [Render thread/WARN] [Iris/]: Found fine program match for minecraft:pipeline/entity_translucent: HAND_TRANSLUCENT
[218月2026 05:36:41.957] [Render thread/WARN] [Iris/]: Found fine program match for minecraft:pipeline/entity_translucent_emissive: HAND_TRANSLUCENT
[218月2026 05:36:41.960] [Render thread/WARN] [Iris/]: Found fine program match for minecraft:pipeline/entity_cutout: HAND_CUTOUT
[218月2026 05:36:41.960] [Render thread/WARN] [Iris/]: Found fine program match for minecraft:pipeline/entity_translucent: HAND_TRANSLUCENT
[218月2026 05:36:41.960] [Render thread/WARN] [Iris/]: Found fine program match for minecraft:pipeline/entity_translucent_emissive: HAND_TRANSLUCENT
[218月2026 05:36:41.964] [Render thread/WARN] [Iris/]: Found fine program match for minecraft:pipeline/entity_cutout: HAND_CUTOUT
[218月2026 05:36:41.964] [Render thread/WARN] [Iris/]: Found fine program match for minecraft:pipeline/entity_translucent: HAND_TRANSLUCENT
[218月2026 05:36:41.964] [Render thread/WARN] [Iris/]: Found fine program match for minecraft:pipeline/entity_translucent_emissive: HAND_TRANSLUCENT
[218月2026 05:36:41.969] [Render thread/WARN] [Iris/]: Found fine program match for minecraft:pipeline/entity_cutout: HAND_CUTOUT
[218月2026 05:36:41.969] [Render thread/WARN] [Iris/]: Found fine program match for minecraft:pipeline/entity_translucent: HAND_TRANSLUCENT
[218月2026 05:36:41.969] [Render thread/WARN] [Iris/]: Found fine program match for minecraft:pipeline/entity_translucent_emissive: HAND_TRANSLUCENT
[218月2026 05:36:41.973] [Render thread/WARN] [Iris/]: Found fine program match for minecraft:pipeline/entity_cutout: HAND_CUTOUT
[218月2026 05:36:41.973] [Render thread/WARN] [Iris/]: Found fine program match for minecraft:pipeline/entity_translucent: HAND_TRANSLUCENT
[218月2026 05:36:41.973] [Render thread/WARN] [Iris/]: Found fine program match for minecraft:pipeline/entity_translucent_emissive: HAND_TRANSLUCENT
[218月2026 05:36:41.977] [Render thread/WARN] [Iris/]: Found fine program match for minecraft:pipeline/entity_cutout: HAND_CUTOUT
[218月2026 05:36:41.977] [Render thread/WARN] [Iris/]: Found fine program match for minecraft:pipeline/entity_translucent: HAND_TRANSLUCENT
[218月2026 05:36:41.977] [Render thread/WARN] [Iris/]: Found fine program match for minecraft:pipeline/entity_translucent_emissive: HAND_TRANSLUCENT
[218月2026 05:36:41.982] [Render thread/WARN] [Iris/]: Found fine program match for minecraft:pipeline/entity_cutout: HAND_CUTOUT
[218月2026 05:36:41.982] [Render thread/WARN] [Iris/]: Found fine program match for minecraft:pipeline/entity_translucent: HAND_TRANSLUCENT
[218月2026 05:36:41.982] [Render thread/WARN] [Iris/]: Found fine program match for minecraft:pipeline/entity_translucent_emissive: HAND_TRANSLUCENT
[218月2026 05:36:41.985] [Render thread/WARN] [Iris/]: Found fine program match for minecraft:pipeline/entity_cutout: HAND_CUTOUT
[218月2026 05:36:41.985] [Render thread/WARN] [Iris/]: Found fine program match for minecraft:pipeline/entity_translucent: HAND_TRANSLUCENT
[218月2026 05:36:41.985] [Render thread/WARN] [Iris/]: Found fine program match for minecraft:pipeline/entity_translucent_emissive: HAND_TRANSLUCENT
[218月2026 05:36:41.989] [Render thread/WARN] [Iris/]: Found fine program match for minecraft:pipeline/entity_cutout: HAND_CUTOUT
[218月2026 05:36:41.989] [Render thread/WARN] [Iris/]: Found fine program match for minecraft:pipeline/entity_translucent: HAND_TRANSLUCENT
[218月2026 05:36:41.989] [Render thread/WARN] [Iris/]: Found fine program match for minecraft:pipeline/entity_translucent_emissive: HAND_TRANSLUCENT
[218月2026 05:36:41.993] [Render thread/WARN] [Iris/]: Found fine program match for minecraft:pipeline/entity_cutout: HAND_CUTOUT
[218月2026 05:36:41.993] [Render thread/WARN] [Iris/]: Found fine program match for minecraft:pipeline/entity_translucent: HAND_TRANSLUCENT
[218月2026 05:36:41.993] [Render thread/WARN] [Iris/]: Found fine program match for minecraft:pipeline/entity_translucent_emissive: HAND_TRANSLUCENT
[218月2026 05:36:41.997] [Render thread/WARN] [Iris/]: Found fine program match for minecraft:pipeline/entity_cutout: HAND_CUTOUT
[218月2026 05:36:41.997] [Render thread/WARN] [Iris/]: Found fine program match for minecraft:pipeline/entity_translucent: HAND_TRANSLUCENT
[218月2026 05:36:41.997] [Render thread/WARN] [Iris/]: Found fine program match for minecraft:pipeline/entity_translucent_emissive: HAND_TRANSLUCENT
[218月2026 05:36:42.000] [Render thread/WARN] [Iris/]: Found fine program match for minecraft:pipeline/entity_cutout: HAND_CUTOUT
[218月2026 05:36:42.000] [Render thread/WARN] [Iris/]: Found fine program match for minecraft:pipeline/entity_translucent: HAND_TRANSLUCENT
[218月2026 05:36:42.000] [Render thread/WARN] [Iris/]: Found fine program match for minecraft:pipeline/entity_translucent_emissive: HAND_TRANSLUCENT
[218月2026 05:36:42.004] [Render thread/WARN] [Iris/]: Found fine program match for minecraft:pipeline/entity_cutout: HAND_CUTOUT
[218月2026 05:36:42.004] [Render thread/WARN] [Iris/]: Found fine program match for minecraft:pipeline/entity_translucent: HAND_TRANSLUCENT
[218月2026 05:36:42.004] [Render thread/WARN] [Iris/]: Found fine program match for minecraft:pipeline/entity_translucent_emissive: HAND_TRANSLUCENT
[218月2026 05:36:42.009] [Render thread/WARN] [Iris/]: Found fine program match for minecraft:pipeline/entity_cutout: HAND_CUTOUT
[218月2026 05:36:42.009] [Render thread/WARN] [Iris/]: Found fine program match for minecraft:pipeline/entity_translucent: HAND_TRANSLUCENT
[218月2026 05:36:42.009] [Render thread/WARN] [Iris/]: Found fine program match for minecraft:pipeline/entity_translucent_emissive: HAND_TRANSLUCENT
[218月2026 05:36:42.012] [Render thread/WARN] [Iris/]: Found fine program match for minecraft:pipeline/entity_cutout: HAND_CUTOUT
[218月2026 05:36:42.012] [Render thread/WARN] [Iris/]: Found fine program match for minecraft:pipeline/entity_translucent: HAND_TRANSLUCENT
[218月2026 05:36:42.012] [Render thread/WARN] [Iris/]: Found fine program match for minecraft:pipeline/entity_translucent_emissive: HAND_TRANSLUCENT
[218月2026 05:36:42.016] [Render thread/WARN] [Iris/]: Found fine program match for minecraft:pipeline/entity_cutout: HAND_CUTOUT
[218月2026 05:36:42.016] [Render thread/WARN] [Iris/]: Found fine program match for minecraft:pipeline/entity_translucent: HAND_TRANSLUCENT
[218月2026 05:36:42.016] [Render thread/WARN] [Iris/]: Found fine program match for minecraft:pipeline/entity_translucent_emissive: HAND_TRANSLUCENT
[218月2026 05:36:42.021] [Render thread/WARN] [Iris/]: Found fine program match for minecraft:pipeline/entity_cutout: HAND_CUTOUT
[218月2026 05:36:42.021] [Render thread/WARN] [Iris/]: Found fine program match for minecraft:pipeline/entity_translucent: HAND_TRANSLUCENT
[218月2026 05:36:42.021] [Render thread/WARN] [Iris/]: Found fine program match for minecraft:pipeline/entity_translucent_emissive: HAND_TRANSLUCENT
[218月2026 05:36:42.025] [Render thread/WARN] [Iris/]: Found fine program match for minecraft:pipeline/entity_cutout: HAND_CUTOUT
[218月2026 05:36:42.025] [Render thread/WARN] [Iris/]: Found fine program match for minecraft:pipeline/entity_translucent: HAND_TRANSLUCENT
[218月2026 05:36:42.025] [Render thread/WARN] [Iris/]: Found fine program match for minecraft:pipeline/entity_translucent_emissive: HAND_TRANSLUCENT
[218月2026 05:36:42.030] [Render thread/WARN] [Iris/]: Found fine program match for minecraft:pipeline/entity_cutout: HAND_CUTOUT
[218月2026 05:36:42.030] [Render thread/WARN] [Iris/]: Found fine program match for minecraft:pipeline/entity_translucent: HAND_TRANSLUCENT
[218月2026 05:36:42.030] [Render thread/WARN] [Iris/]: Found fine program match for minecraft:pipeline/entity_translucent_emissive: HAND_TRANSLUCENT
[218月2026 05:36:42.033] [Render thread/WARN] [Iris/]: Found fine program match for minecraft:pipeline/entity_cutout: HAND_CUTOUT
[218月2026 05:36:42.033] [Render thread/WARN] [Iris/]: Found fine program match for minecraft:pipeline/entity_translucent: HAND_TRANSLUCENT
[218月2026 05:36:42.033] [Render thread/WARN] [Iris/]: Found fine program match for minecraft:pipeline/entity_translucent_emissive: HAND_TRANSLUCENT
[218月2026 05:36:42.037] [Render thread/WARN] [Iris/]: Found fine program match for minecraft:pipeline/entity_cutout: HAND_CUTOUT
[218月2026 05:36:42.038] [Render thread/WARN] [Iris/]: Found fine program match for minecraft:pipeline/entity_translucent: HAND_TRANSLUCENT
[218月2026 05:36:42.038] [Render thread/WARN] [Iris/]: Found fine program match for minecraft:pipeline/entity_translucent_emissive: HAND_TRANSLUCENT
[218月2026 05:36:42.041] [Render thread/WARN] [Iris/]: Found fine program match for minecraft:pipeline/entity_cutout: HAND_CUTOUT
[218月2026 05:36:42.041] [Render thread/WARN] [Iris/]: Found fine program match for minecraft:pipeline/entity_translucent: HAND_TRANSLUCENT
[218月2026 05:36:42.041] [Render thread/WARN] [Iris/]: Found fine program match for minecraft:pipeline/entity_translucent_emissive: HAND_TRANSLUCENT
[218月2026 05:36:42.045] [Render thread/WARN] [Iris/]: Found fine program match for minecraft:pipeline/entity_cutout: HAND_CUTOUT
[218月2026 05:36:42.045] [Render thread/WARN] [Iris/]: Found fine program match for minecraft:pipeline/entity_translucent: HAND_TRANSLUCENT
[218月2026 05:36:42.045] [Render thread/WARN] [Iris/]: Found fine program match for minecraft:pipeline/entity_translucent_emissive: HAND_TRANSLUCENT
[218月2026 05:36:42.050] [Render thread/WARN] [Iris/]: Found fine program match for minecraft:pipeline/entity_cutout: HAND_CUTOUT
[218月2026 05:36:42.050] [Render thread/WARN] [Iris/]: Found fine program match for minecraft:pipeline/entity_translucent: HAND_TRANSLUCENT
[218月2026 05:36:42.050] [Render thread/WARN] [Iris/]: Found fine program match for minecraft:pipeline/entity_translucent_emissive: HAND_TRANSLUCENT
[218月2026 05:36:42.054] [Render thread/WARN] [Iris/]: Found fine program match for minecraft:pipeline/entity_cutout: HAND_CUTOUT
[218月2026 05:36:42.054] [Render thread/WARN] [Iris/]: Found fine program match for minecraft:pipeline/entity_translucent: HAND_TRANSLUCENT
[218月2026 05:36:42.054] [Render thread/WARN] [Iris/]: Found fine program match for minecraft:pipeline/entity_translucent_emissive: HAND_TRANSLUCENT
[218月2026 05:36:42.058] [Render thread/WARN] [Iris/]: Found fine program match for minecraft:pipeline/entity_cutout: HAND_CUTOUT
[218月2026 05:36:42.058] [Render thread/WARN] [Iris/]: Found fine program match for minecraft:pipeline/entity_translucent: HAND_TRANSLUCENT
[218月2026 05:36:42.058] [Render thread/WARN] [Iris/]: Found fine program match for minecraft:pipeline/entity_translucent_emissive: HAND_TRANSLUCENT
[218月2026 05:36:42.061] [Render thread/WARN] [Iris/]: Found fine program match for minecraft:pipeline/entity_cutout: HAND_CUTOUT
[218月2026 05:36:42.061] [Render thread/WARN] [Iris/]: Found fine program match for minecraft:pipeline/entity_translucent: HAND_TRANSLUCENT
[218月2026 05:36:42.061] [Render thread/WARN] [Iris/]: Found fine program match for minecraft:pipeline/entity_translucent_emissive: HAND_TRANSLUCENT
[218月2026 05:36:42.065] [Render thread/WARN] [Iris/]: Found fine program match for minecraft:pipeline/entity_cutout: HAND_CUTOUT
[218月2026 05:36:42.065] [Render thread/WARN] [Iris/]: Found fine program match for minecraft:pipeline/entity_translucent: HAND_TRANSLUCENT
[218月2026 05:36:42.065] [Render thread/WARN] [Iris/]: Found fine program match for minecraft:pipeline/entity_translucent_emissive: HAND_TRANSLUCENT
[218月2026 05:36:42.069] [Render thread/WARN] [Iris/]: Found fine program match for minecraft:pipeline/entity_cutout: HAND_CUTOUT
[218月2026 05:36:42.069] [Render thread/WARN] [Iris/]: Found fine program match for minecraft:pipeline/entity_translucent: HAND_TRANSLUCENT
[218月2026 05:36:42.069] [Render thread/WARN] [Iris/]: Found fine program match for minecraft:pipeline/entity_translucent_emissive: HAND_TRANSLUCENT
[218月2026 05:36:42.073] [Render thread/WARN] [Iris/]: Found fine program match for minecraft:pipeline/entity_cutout: HAND_CUTOUT
[218月2026 05:36:42.073] [Render thread/WARN] [Iris/]: Found fine program match for minecraft:pipeline/entity_translucent: HAND_TRANSLUCENT
[218月2026 05:36:42.073] [Render thread/WARN] [Iris/]: Found fine program match for minecraft:pipeline/entity_translucent_emissive: HAND_TRANSLUCENT
[218月2026 05:36:42.079] [Render thread/WARN] [Iris/]: Found fine program match for minecraft:pipeline/entity_cutout: HAND_CUTOUT
[218月2026 05:36:42.079] [Render thread/WARN] [Iris/]: Found fine program match for minecraft:pipeline/entity_translucent: HAND_TRANSLUCENT
[218月2026 05:36:42.079] [Render thread/WARN] [Iris/]: Found fine program match for minecraft:pipeline/entity_translucent_emissive: HAND_TRANSLUCENT
[218月2026 05:36:42.081] [Render thread/WARN] [Iris/]: Found fine program match for minecraft:pipeline/entity_cutout: HAND_CUTOUT
[218月2026 05:36:42.081] [Render thread/WARN] [Iris/]: Found fine program match for minecraft:pipeline/entity_translucent: HAND_TRANSLUCENT
[218月2026 05:36:42.081] [Render thread/WARN] [Iris/]: Found fine program match for minecraft:pipeline/entity_translucent_emissive: HAND_TRANSLUCENT
[218月2026 05:36:42.086] [Render thread/WARN] [Iris/]: Found fine program match for minecraft:pipeline/entity_cutout: HAND_CUTOUT
[218月2026 05:36:42.086] [Render thread/WARN] [Iris/]: Found fine program match for minecraft:pipeline/entity_translucent: HAND_TRANSLUCENT
[218月2026 05:36:42.086] [Render thread/WARN] [Iris/]: Found fine program match for minecraft:pipeline/entity_translucent_emissive: HAND_TRANSLUCENT
[218月2026 05:36:42.089] [Render thread/WARN] [Iris/]: Found fine program match for minecraft:pipeline/entity_cutout: HAND_CUTOUT
[218月2026 05:36:42.089] [Render thread/WARN] [Iris/]: Found fine program match for minecraft:pipeline/entity_translucent: HAND_TRANSLUCENT
[218月2026 05:36:42.089] [Render thread/WARN] [Iris/]: Found fine program match for minecraft:pipeline/entity_translucent_emissive: HAND_TRANSLUCENT
[218月2026 05:36:42.093] [Render thread/WARN] [Iris/]: Found fine program match for minecraft:pipeline/entity_cutout: HAND_CUTOUT
[218月2026 05:36:42.093] [Render thread/WARN] [Iris/]: Found fine program match for minecraft:pipeline/entity_translucent: HAND_TRANSLUCENT
[218月2026 05:36:42.093] [Render thread/WARN] [Iris/]: Found fine program match for minecraft:pipeline/entity_translucent_emissive: HAND_TRANSLUCENT
[218月2026 05:36:42.097] [Render thread/WARN] [Iris/]: Found fine program match for minecraft:pipeline/entity_cutout: HAND_CUTOUT
[218月2026 05:36:42.097] [Render thread/WARN] [Iris/]: Found fine program match for minecraft:pipeline/entity_translucent: HAND_TRANSLUCENT
[218月2026 05:36:42.097] [Render thread/WARN] [Iris/]: Found fine program match for minecraft:pipeline/entity_translucent_emissive: HAND_TRANSLUCENT
[218月2026 05:36:42.101] [Render thread/WARN] [Iris/]: Found fine program match for minecraft:pipeline/entity_cutout: HAND_CUTOUT
[218月2026 05:36:42.101] [Render thread/WARN] [Iris/]: Found fine program match for minecraft:pipeline/entity_translucent: HAND_TRANSLUCENT
[218月2026 05:36:42.101] [Render thread/WARN] [Iris/]: Found fine program match for minecraft:pipeline/entity_translucent_emissive: HAND_TRANSLUCENT
[218月2026 05:36:42.105] [Render thread/WARN] [Iris/]: Found fine program match for minecraft:pipeline/entity_cutout: HAND_CUTOUT
[218月2026 05:36:42.105] [Render thread/WARN] [Iris/]: Found fine program match for minecraft:pipeline/entity_translucent: HAND_TRANSLUCENT
[218月2026 05:36:42.105] [Render thread/WARN] [Iris/]: Found fine program match for minecraft:pipeline/entity_translucent_emissive: HAND_TRANSLUCENT
[218月2026 05:36:42.109] [Render thread/WARN] [Iris/]: Found fine program match for minecraft:pipeline/entity_cutout: HAND_CUTOUT
[218月2026 05:36:42.109] [Render thread/WARN] [Iris/]: Found fine program match for minecraft:pipeline/entity_translucent: HAND_TRANSLUCENT
[218月2026 05:36:42.109] [Render thread/WARN] [Iris/]: Found fine program match for minecraft:pipeline/entity_translucent_emissive: HAND_TRANSLUCENT
[218月2026 05:36:42.114] [Render thread/WARN] [Iris/]: Found fine program match for minecraft:pipeline/entity_cutout: HAND_CUTOUT
[218月2026 05:36:42.114] [Render thread/WARN] [Iris/]: Found fine program match for minecraft:pipeline/entity_translucent: HAND_TRANSLUCENT
[218月2026 05:36:42.114] [Render thread/WARN] [Iris/]: Found fine program match for minecraft:pipeline/entity_translucent_emissive: HAND_TRANSLUCENT
[218月2026 05:36:42.119] [Render thread/WARN] [Iris/]: Found fine program match for minecraft:pipeline/entity_cutout: HAND_CUTOUT
[218月2026 05:36:42.120] [Render thread/WARN] [Iris/]: Found fine program match for minecraft:pipeline/entity_translucent: HAND_TRANSLUCENT
[218月2026 05:36:42.120] [Render thread/WARN] [Iris/]: Found fine program match for minecraft:pipeline/entity_translucent_emissive: HAND_TRANSLUCENT
[218月2026 05:36:42.123] [Render thread/WARN] [Iris/]: Found fine program match for minecraft:pipeline/entity_cutout: HAND_CUTOUT
[218月2026 05:36:42.123] [Render thread/WARN] [Iris/]: Found fine program match for minecraft:pipeline/entity_translucent: HAND_TRANSLUCENT
[218月2026 05:36:42.123] [Render thread/WARN] [Iris/]: Found fine program match for minecraft:pipeline/entity_translucent_emissive: HAND_TRANSLUCENT
[218月2026 05:36:42.127] [Render thread/WARN] [Iris/]: Found fine program match for minecraft:pipeline/entity_cutout: HAND_CUTOUT
[218月2026 05:36:42.127] [Render thread/WARN] [Iris/]: Found fine program match for minecraft:pipeline/entity_translucent: HAND_TRANSLUCENT
[218月2026 05:36:42.127] [Render thread/WARN] [Iris/]: Found fine program match for minecraft:pipeline/entity_translucent_emissive: HAND_TRANSLUCENT
[218月2026 05:36:42.132] [Render thread/WARN] [Iris/]: Found fine program match for minecraft:pipeline/entity_cutout: HAND_CUTOUT
[218月2026 05:36:42.132] [Render thread/WARN] [Iris/]: Found fine program match for minecraft:pipeline/entity_translucent: HAND_TRANSLUCENT
[218月2026 05:36:42.132] [Render thread/WARN] [Iris/]: Found fine program match for minecraft:pipeline/entity_translucent_emissive: HAND_TRANSLUCENT
[218月2026 05:36:42.137] [Render thread/WARN] [Iris/]: Found fine program match for minecraft:pipeline/entity_cutout: HAND_CUTOUT
[218月2026 05:36:42.137] [Render thread/WARN] [Iris/]: Found fine program match for minecraft:pipeline/entity_translucent: HAND_TRANSLUCENT
[218月2026 05:36:42.137] [Render thread/WARN] [Iris/]: Found fine program match for minecraft:pipeline/entity_translucent_emissive: HAND_TRANSLUCENT
[218月2026 05:36:42.138] [Render thread/WARN] [Iris/]: Found fine program match for minecraft:pipeline/entity_cutout: HAND_CUTOUT
[218月2026 05:36:42.138] [Render thread/WARN] [Iris/]: Found fine program match for minecraft:pipeline/entity_translucent: HAND_TRANSLUCENT
[218月2026 05:36:42.138] [Render thread/WARN] [Iris/]: Found fine program match for minecraft:pipeline/entity_translucent_emissive: HAND_TRANSLUCENT
[218月2026 05:36:42.143] [Render thread/WARN] [Iris/]: Found fine program match for minecraft:pipeline/entity_cutout: HAND_CUTOUT
[218月2026 05:36:42.143] [Render thread/WARN] [Iris/]: Found fine program match for minecraft:pipeline/entity_translucent: HAND_TRANSLUCENT
[218月2026 05:36:42.143] [Render thread/WARN] [Iris/]: Found fine program match for minecraft:pipeline/entity_translucent_emissive: HAND_TRANSLUCENT
[218月2026 05:36:42.147] [Render thread/WARN] [Iris/]: Found fine program match for minecraft:pipeline/entity_cutout: HAND_CUTOUT
[218月2026 05:36:42.147] [Render thread/WARN] [Iris/]: Found fine program match for minecraft:pipeline/entity_translucent: HAND_TRANSLUCENT
[218月2026 05:36:42.147] [Render thread/WARN] [Iris/]: Found fine program match for minecraft:pipeline/entity_translucent_emissive: HAND_TRANSLUCENT
[218月2026 05:36:42.151] [Render thread/WARN] [Iris/]: Found fine program match for minecraft:pipeline/entity_cutout: HAND_CUTOUT
[218月2026 05:36:42.151] [Render thread/WARN] [Iris/]: Found fine program match for minecraft:pipeline/entity_translucent: HAND_TRANSLUCENT
[218月2026 05:36:42.151] [Render thread/WARN] [Iris/]: Found fine program match for minecraft:pipeline/entity_translucent_emissive: HAND_TRANSLUCENT
[218月2026 05:36:42.154] [Render thread/WARN] [Iris/]: Found fine program match for minecraft:pipeline/entity_cutout: HAND_CUTOUT
[218月2026 05:36:42.154] [Render thread/WARN] [Iris/]: Found fine program match for minecraft:pipeline/entity_translucent: HAND_TRANSLUCENT
[218月2026 05:36:42.154] [Render thread/WARN] [Iris/]: Found fine program match for minecraft:pipeline/entity_translucent_emissive: HAND_TRANSLUCENT
[218月2026 05:36:42.159] [Render thread/WARN] [Iris/]: Found fine program match for minecraft:pipeline/entity_cutout: HAND_CUTOUT
[218月2026 05:36:42.159] [Render thread/WARN] [Iris/]: Found fine program match for minecraft:pipeline/entity_translucent: HAND_TRANSLUCENT
[218月2026 05:36:42.159] [Render thread/WARN] [Iris/]: Found fine program match for minecraft:pipeline/entity_translucent_emissive: HAND_TRANSLUCENT
[218月2026 05:36:42.163] [Render thread/WARN] [Iris/]: Found fine program match for minecraft:pipeline/entity_cutout: HAND_CUTOUT
[218月2026 05:36:42.163] [Render thread/WARN] [Iris/]: Found fine program match for minecraft:pipeline/entity_translucent: HAND_TRANSLUCENT
[218月2026 05:36:42.163] [Render thread/WARN] [Iris/]: Found fine program match for minecraft:pipeline/entity_translucent_emissive: HAND_TRANSLUCENT
[218月2026 05:36:42.167] [Render thread/WARN] [Iris/]: Found fine program match for minecraft:pipeline/entity_cutout: HAND_CUTOUT
[218月2026 05:36:42.167] [Render thread/WARN] [Iris/]: Found fine program match for minecraft:pipeline/entity_translucent: HAND_TRANSLUCENT
[218月2026 05:36:42.167] [Render thread/WARN] [Iris/]: Found fine program match for minecraft:pipeline/entity_translucent_emissive: HAND_TRANSLUCENT
[218月2026 05:36:42.172] [Render thread/WARN] [Iris/]: Found fine program match for minecraft:pipeline/entity_cutout: HAND_CUTOUT
[218月2026 05:36:42.172] [Render thread/WARN] [Iris/]: Found fine program match for minecraft:pipeline/entity_translucent: HAND_TRANSLUCENT
[218月2026 05:36:42.172] [Render thread/WARN] [Iris/]: Found fine program match for minecraft:pipeline/entity_translucent_emissive: HAND_TRANSLUCENT
[218月2026 05:36:42.175] [Render thread/WARN] [Iris/]: Found fine program match for minecraft:pipeline/entity_cutout: HAND_CUTOUT
[218月2026 05:36:42.175] [Render thread/WARN] [Iris/]: Found fine program match for minecraft:pipeline/entity_translucent: HAND_TRANSLUCENT
[218月2026 05:36:42.175] [Render thread/WARN] [Iris/]: Found fine program match for minecraft:pipeline/entity_translucent_emissive: HAND_TRANSLUCENT
[218月2026 05:36:42.190] [Render thread/WARN] [Iris/]: Found fine program match for minecraft:pipeline/entity_cutout: HAND_CUTOUT
[218月2026 05:36:42.190] [Render thread/WARN] [Iris/]: Found fine program match for minecraft:pipeline/entity_translucent: HAND_TRANSLUCENT
[218月2026 05:36:42.190] [Render thread/WARN] [Iris/]: Found fine program match for minecraft:pipeline/entity_translucent_emissive: HAND_TRANSLUCENT
[218月2026 05:36:42.201] [Render thread/WARN] [Iris/]: Found fine program match for minecraft:pipeline/entity_cutout: HAND_CUTOUT
[218月2026 05:36:42.201] [Render thread/WARN] [Iris/]: Found fine program match for minecraft:pipeline/entity_translucent: HAND_TRANSLUCENT
[218月2026 05:36:42.201] [Render thread/WARN] [Iris/]: Found fine program match for minecraft:pipeline/entity_translucent_emissive: HAND_TRANSLUCENT
[218月2026 05:36:42.206] [Render thread/WARN] [Iris/]: Found fine program match for minecraft:pipeline/entity_cutout: HAND_CUTOUT
[218月2026 05:36:42.206] [Render thread/WARN] [Iris/]: Found fine program match for minecraft:pipeline/entity_translucent: HAND_TRANSLUCENT
[218月2026 05:36:42.206] [Render thread/WARN] [Iris/]: Found fine program match for minecraft:pipeline/entity_translucent_emissive: HAND_TRANSLUCENT
[218月2026 05:36:42.210] [Render thread/WARN] [Iris/]: Found fine program match for minecraft:pipeline/entity_cutout: HAND_CUTOUT
[218月2026 05:36:42.210] [Render thread/WARN] [Iris/]: Found fine program match for minecraft:pipeline/entity_translucent: HAND_TRANSLUCENT
[218月2026 05:36:42.210] [Render thread/WARN] [Iris/]: Found fine program match for minecraft:pipeline/entity_translucent_emissive: HAND_TRANSLUCENT
[218月2026 05:36:42.214] [Render thread/WARN] [Iris/]: Found fine program match for minecraft:pipeline/entity_cutout: HAND_CUTOUT
[218月2026 05:36:42.214] [Render thread/WARN] [Iris/]: Found fine program match for minecraft:pipeline/entity_translucent: HAND_TRANSLUCENT
[218月2026 05:36:42.214] [Render thread/WARN] [Iris/]: Found fine program match for minecraft:pipeline/entity_translucent_emissive: HAND_TRANSLUCENT
[218月2026 05:36:42.219] [Render thread/WARN] [Iris/]: Found fine program match for minecraft:pipeline/entity_cutout: HAND_CUTOUT
[218月2026 05:36:42.219] [Render thread/WARN] [Iris/]: Found fine program match for minecraft:pipeline/entity_translucent: HAND_TRANSLUCENT
[218月2026 05:36:42.219] [Render thread/WARN] [Iris/]: Found fine program match for minecraft:pipeline/entity_translucent_emissive: HAND_TRANSLUCENT
[218月2026 05:36:42.224] [Render thread/WARN] [Iris/]: Found fine program match for minecraft:pipeline/entity_cutout: HAND_CUTOUT
[218月2026 05:36:42.224] [Render thread/WARN] [Iris/]: Found fine program match for minecraft:pipeline/entity_translucent: HAND_TRANSLUCENT
[218月2026 05:36:42.224] [Render thread/WARN] [Iris/]: Found fine program match for minecraft:pipeline/entity_translucent_emissive: HAND_TRANSLUCENT
[218月2026 05:36:42.229] [Render thread/WARN] [Iris/]: Found fine program match for minecraft:pipeline/entity_cutout: HAND_CUTOUT
[218月2026 05:36:42.229] [Render thread/WARN] [Iris/]: Found fine program match for minecraft:pipeline/entity_translucent: HAND_TRANSLUCENT
[218月2026 05:36:42.229] [Render thread/WARN] [Iris/]: Found fine program match for minecraft:pipeline/entity_translucent_emissive: HAND_TRANSLUCENT
[218月2026 05:36:42.233] [Render thread/WARN] [Iris/]: Found fine program match for minecraft:pipeline/entity_cutout: HAND_CUTOUT
[218月2026 05:36:42.234] [Render thread/WARN] [Iris/]: Found fine program match for minecraft:pipeline/entity_translucent: HAND_TRANSLUCENT
[218月2026 05:36:42.234] [Render thread/WARN] [Iris/]: Found fine program match for minecraft:pipeline/entity_translucent_emissive: HAND_TRANSLUCENT
[218月2026 05:36:42.237] [Render thread/WARN] [Iris/]: Found fine program match for minecraft:pipeline/entity_cutout: HAND_CUTOUT
[218月2026 05:36:42.237] [Render thread/WARN] [Iris/]: Found fine program match for minecraft:pipeline/entity_translucent: HAND_TRANSLUCENT
[218月2026 05:36:42.237] [Render thread/WARN] [Iris/]: Found fine program match for minecraft:pipeline/entity_translucent_emissive: HAND_TRANSLUCENT
[218月2026 05:36:42.242] [Render thread/WARN] [Iris/]: Found fine program match for minecraft:pipeline/entity_cutout: HAND_CUTOUT
[218月2026 05:36:42.242] [Render thread/WARN] [Iris/]: Found fine program match for minecraft:pipeline/entity_translucent: HAND_TRANSLUCENT
[218月2026 05:36:42.242] [Render thread/WARN] [Iris/]: Found fine program match for minecraft:pipeline/entity_translucent_emissive: HAND_TRANSLUCENT
[218月2026 05:36:42.246] [Render thread/WARN] [Iris/]: Found fine program match for minecraft:pipeline/entity_cutout: HAND_CUTOUT
[218月2026 05:36:42.246] [Render thread/WARN] [Iris/]: Found fine program match for minecraft:pipeline/entity_translucent: HAND_TRANSLUCENT
[218月2026 05:36:42.246] [Render thread/WARN] [Iris/]: Found fine program match for minecraft:pipeline/entity_translucent_emissive: HAND_TRANSLUCENT
[218月2026 05:36:42.249] [Render thread/WARN] [Iris/]: Found fine program match for minecraft:pipeline/entity_cutout: HAND_CUTOUT
[218月2026 05:36:42.249] [Render thread/WARN] [Iris/]: Found fine program match for minecraft:pipeline/entity_translucent: HAND_TRANSLUCENT
[218月2026 05:36:42.249] [Render thread/WARN] [Iris/]: Found fine program match for minecraft:pipeline/entity_translucent_emissive: HAND_TRANSLUCENT
[218月2026 05:36:42.253] [Render thread/WARN] [Iris/]: Found fine program match for minecraft:pipeline/entity_cutout: HAND_CUTOUT
[218月2026 05:36:42.253] [Render thread/WARN] [Iris/]: Found fine program match for minecraft:pipeline/entity_translucent: HAND_TRANSLUCENT
[218月2026 05:36:42.253] [Render thread/WARN] [Iris/]: Found fine program match for minecraft:pipeline/entity_translucent_emissive: HAND_TRANSLUCENT
[218月2026 05:36:42.257] [Render thread/WARN] [Iris/]: Found fine program match for minecraft:pipeline/entity_cutout: HAND_CUTOUT
[218月2026 05:36:42.257] [Render thread/WARN] [Iris/]: Found fine program match for minecraft:pipeline/entity_translucent: HAND_TRANSLUCENT
[218月2026 05:36:42.257] [Render thread/WARN] [Iris/]: Found fine program match for minecraft:pipeline/entity_translucent_emissive: HAND_TRANSLUCENT
[218月2026 05:36:42.261] [Render thread/WARN] [Iris/]: Found fine program match for minecraft:pipeline/entity_cutout: HAND_CUTOUT
[218月2026 05:36:42.261] [Render thread/WARN] [Iris/]: Found fine program match for minecraft:pipeline/entity_translucent: HAND_TRANSLUCENT
[218月2026 05:36:42.261] [Render thread/WARN] [Iris/]: Found fine program match for minecraft:pipeline/entity_translucent_emissive: HAND_TRANSLUCENT
[218月2026 05:36:42.265] [Render thread/WARN] [Iris/]: Found fine program match for minecraft:pipeline/entity_cutout: HAND_CUTOUT
[218月2026 05:36:42.265] [Render thread/WARN] [Iris/]: Found fine program match for minecraft:pipeline/entity_translucent: HAND_TRANSLUCENT
[218月2026 05:36:42.265] [Render thread/WARN] [Iris/]: Found fine program match for minecraft:pipeline/entity_translucent_emissive: HAND_TRANSLUCENT
[218月2026 05:36:42.269] [Render thread/WARN] [Iris/]: Found fine program match for minecraft:pipeline/entity_cutout: HAND_CUTOUT
[218月2026 05:36:42.269] [Render thread/WARN] [Iris/]: Found fine program match for minecraft:pipeline/entity_translucent: HAND_TRANSLUCENT
[218月2026 05:36:42.269] [Render thread/WARN] [Iris/]: Found fine program match for minecraft:pipeline/entity_translucent_emissive: HAND_TRANSLUCENT
[218月2026 05:36:42.274] [Render thread/WARN] [Iris/]: Found fine program match for minecraft:pipeline/entity_cutout: HAND_CUTOUT
[218月2026 05:36:42.274] [Render thread/WARN] [Iris/]: Found fine program match for minecraft:pipeline/entity_translucent: HAND_TRANSLUCENT
[218月2026 05:36:42.274] [Render thread/WARN] [Iris/]: Found fine program match for minecraft:pipeline/entity_translucent_emissive: HAND_TRANSLUCENT
[218月2026 05:36:42.278] [Render thread/WARN] [Iris/]: Found fine program match for minecraft:pipeline/entity_cutout: HAND_CUTOUT
[218月2026 05:36:42.278] [Render thread/WARN] [Iris/]: Found fine program match for minecraft:pipeline/entity_translucent: HAND_TRANSLUCENT
[218月2026 05:36:42.278] [Render thread/WARN] [Iris/]: Found fine program match for minecraft:pipeline/entity_translucent_emissive: HAND_TRANSLUCENT
[218月2026 05:36:42.283] [Render thread/WARN] [Iris/]: Found fine program match for minecraft:pipeline/entity_cutout: HAND_CUTOUT
[218月2026 05:36:42.283] [Render thread/WARN] [Iris/]: Found fine program match for minecraft:pipeline/entity_translucent: HAND_TRANSLUCENT
[218月2026 05:36:42.283] [Render thread/WARN] [Iris/]: Found fine program match for minecraft:pipeline/entity_translucent_emissive: HAND_TRANSLUCENT
[218月2026 05:36:42.289] [Render thread/WARN] [Iris/]: Found fine program match for minecraft:pipeline/entity_cutout: HAND_CUTOUT
[218月2026 05:36:42.289] [Render thread/WARN] [Iris/]: Found fine program match for minecraft:pipeline/entity_translucent: HAND_TRANSLUCENT
[218月2026 05:36:42.289] [Render thread/WARN] [Iris/]: Found fine program match for minecraft:pipeline/entity_translucent_emissive: HAND_TRANSLUCENT
[218月2026 05:36:42.299] [Render thread/WARN] [Iris/]: Found fine program match for minecraft:pipeline/entity_cutout: HAND_CUTOUT
[218月2026 05:36:42.299] [Render thread/WARN] [Iris/]: Found fine program match for minecraft:pipeline/entity_translucent: HAND_TRANSLUCENT
[218月2026 05:36:42.299] [Render thread/WARN] [Iris/]: Found fine program match for minecraft:pipeline/entity_translucent_emissive: HAND_TRANSLUCENT
[218月2026 05:36:42.305] [Render thread/WARN] [Iris/]: Found fine program match for minecraft:pipeline/entity_cutout: HAND_CUTOUT
[218月2026 05:36:42.305] [Render thread/WARN] [Iris/]: Found fine program match for minecraft:pipeline/entity_translucent: HAND_TRANSLUCENT
[218月2026 05:36:42.305] [Render thread/WARN] [Iris/]: Found fine program match for minecraft:pipeline/entity_translucent_emissive: HAND_TRANSLUCENT
[218月2026 05:36:42.310] [Render thread/WARN] [Iris/]: Found fine program match for minecraft:pipeline/entity_cutout: HAND_CUTOUT
[218月2026 05:36:42.310] [Render thread/WARN] [Iris/]: Found fine program match for minecraft:pipeline/entity_translucent: HAND_TRANSLUCENT
[218月2026 05:36:42.310] [Render thread/WARN] [Iris/]: Found fine program match for minecraft:pipeline/entity_translucent_emissive: HAND_TRANSLUCENT
[218月2026 05:36:42.316] [Render thread/WARN] [Iris/]: Found fine program match for minecraft:pipeline/entity_cutout: HAND_CUTOUT
[218月2026 05:36:42.316] [Render thread/WARN] [Iris/]: Found fine program match for minecraft:pipeline/entity_translucent: HAND_TRANSLUCENT
[218月2026 05:36:42.316] [Render thread/WARN] [Iris/]: Found fine program match for minecraft:pipeline/entity_translucent_emissive: HAND_TRANSLUCENT
[218月2026 05:36:42.320] [Render thread/WARN] [Iris/]: Found fine program match for minecraft:pipeline/entity_cutout: HAND_CUTOUT
[218月2026 05:36:42.320] [Render thread/WARN] [Iris/]: Found fine program match for minecraft:pipeline/entity_translucent: HAND_TRANSLUCENT
[218月2026 05:36:42.320] [Render thread/WARN] [Iris/]: Found fine program match for minecraft:pipeline/entity_translucent_emissive: HAND_TRANSLUCENT
[218月2026 05:36:42.324] [Render thread/WARN] [Iris/]: Found fine program match for minecraft:pipeline/entity_cutout: HAND_CUTOUT
[218月2026 05:36:42.324] [Render thread/WARN] [Iris/]: Found fine program match for minecraft:pipeline/entity_translucent: HAND_TRANSLUCENT
[218月2026 05:36:42.324] [Render thread/WARN] [Iris/]: Found fine program match for minecraft:pipeline/entity_translucent_emissive: HAND_TRANSLUCENT
[218月2026 05:36:42.329] [Render thread/WARN] [Iris/]: Found fine program match for minecraft:pipeline/entity_cutout: HAND_CUTOUT
[218月2026 05:36:42.329] [Render thread/WARN] [Iris/]: Found fine program match for minecraft:pipeline/entity_translucent: HAND_TRANSLUCENT
[218月2026 05:36:42.329] [Render thread/WARN] [Iris/]: Found fine program match for minecraft:pipeline/entity_translucent_emissive: HAND_TRANSLUCENT
[218月2026 05:36:42.334] [Render thread/WARN] [Iris/]: Found fine program match for minecraft:pipeline/entity_cutout: HAND_CUTOUT
[218月2026 05:36:42.334] [Render thread/WARN] [Iris/]: Found fine program match for minecraft:pipeline/entity_translucent: HAND_TRANSLUCENT
[218月2026 05:36:42.334] [Render thread/WARN] [Iris/]: Found fine program match for minecraft:pipeline/entity_translucent_emissive: HAND_TRANSLUCENT
[218月2026 05:36:42.340] [Render thread/WARN] [Iris/]: Found fine program match for minecraft:pipeline/entity_cutout: HAND_CUTOUT
[218月2026 05:36:42.340] [Render thread/WARN] [Iris/]: Found fine program match for minecraft:pipeline/entity_translucent: HAND_TRANSLUCENT
[218月2026 05:36:42.340] [Render thread/WARN] [Iris/]: Found fine program match for minecraft:pipeline/entity_translucent_emissive: HAND_TRANSLUCENT
[218月2026 05:36:42.344] [Render thread/WARN] [Iris/]: Found fine program match for minecraft:pipeline/entity_cutout: HAND_CUTOUT
[218月2026 05:36:42.344] [Render thread/WARN] [Iris/]: Found fine program match for minecraft:pipeline/entity_translucent: HAND_TRANSLUCENT
[218月2026 05:36:42.344] [Render thread/WARN] [Iris/]: Found fine program match for minecraft:pipeline/entity_translucent_emissive: HAND_TRANSLUCENT
[218月2026 05:36:42.347] [Render thread/WARN] [Iris/]: Found fine program match for minecraft:pipeline/entity_cutout: HAND_CUTOUT
[218月2026 05:36:42.347] [Render thread/WARN] [Iris/]: Found fine program match for minecraft:pipeline/entity_translucent: HAND_TRANSLUCENT
[218月2026 05:36:42.347] [Render thread/WARN] [Iris/]: Found fine program match for minecraft:pipeline/entity_translucent_emissive: HAND_TRANSLUCENT
[218月2026 05:36:42.352] [Render thread/WARN] [Iris/]: Found fine program match for minecraft:pipeline/entity_cutout: HAND_CUTOUT
[218月2026 05:36:42.352] [Render thread/WARN] [Iris/]: Found fine program match for minecraft:pipeline/entity_translucent: HAND_TRANSLUCENT
[218月2026 05:36:42.352] [Render thread/WARN] [Iris/]: Found fine program match for minecraft:pipeline/entity_translucent_emissive: HAND_TRANSLUCENT
[218月2026 05:36:42.356] [Render thread/WARN] [Iris/]: Found fine program match for minecraft:pipeline/entity_cutout: HAND_CUTOUT
[218月2026 05:36:42.356] [Render thread/WARN] [Iris/]: Found fine program match for minecraft:pipeline/entity_translucent: HAND_TRANSLUCENT
[218月2026 05:36:42.356] [Render thread/WARN] [Iris/]: Found fine program match for minecraft:pipeline/entity_translucent_emissive: HAND_TRANSLUCENT
[218月2026 05:36:42.360] [Render thread/WARN] [Iris/]: Found fine program match for minecraft:pipeline/entity_cutout: HAND_CUTOUT
[218月2026 05:36:42.360] [Render thread/WARN] [Iris/]: Found fine program match for minecraft:pipeline/entity_translucent: HAND_TRANSLUCENT
[218月2026 05:36:42.360] [Render thread/WARN] [Iris/]: Found fine program match for minecraft:pipeline/entity_translucent_emissive: HAND_TRANSLUCENT
[218月2026 05:36:42.365] [Render thread/WARN] [Iris/]: Found fine program match for minecraft:pipeline/entity_cutout: HAND_CUTOUT
[218月2026 05:36:42.365] [Render thread/WARN] [Iris/]: Found fine program match for minecraft:pipeline/entity_translucent: HAND_TRANSLUCENT
[218月2026 05:36:42.365] [Render thread/WARN] [Iris/]: Found fine program match for minecraft:pipeline/entity_translucent_emissive: HAND_TRANSLUCENT
[218月2026 05:36:42.369] [Render thread/WARN] [Iris/]: Found fine program match for minecraft:pipeline/entity_cutout: HAND_CUTOUT
[218月2026 05:36:42.369] [Render thread/WARN] [Iris/]: Found fine program match for minecraft:pipeline/entity_translucent: HAND_TRANSLUCENT
[218月2026 05:36:42.369] [Render thread/WARN] [Iris/]: Found fine program match for minecraft:pipeline/entity_translucent_emissive: HAND_TRANSLUCENT
[218月2026 05:36:42.374] [Render thread/WARN] [Iris/]: Found fine program match for minecraft:pipeline/entity_cutout: HAND_CUTOUT
[218月2026 05:36:42.374] [Render thread/WARN] [Iris/]: Found fine program match for minecraft:pipeline/entity_translucent: HAND_TRANSLUCENT
[218月2026 05:36:42.374] [Render thread/WARN] [Iris/]: Found fine program match for minecraft:pipeline/entity_translucent_emissive: HAND_TRANSLUCENT
[218月2026 05:36:42.377] [Render thread/WARN] [Iris/]: Found fine program match for minecraft:pipeline/entity_cutout: HAND_CUTOUT
[218月2026 05:36:42.378] [Render thread/WARN] [Iris/]: Found fine program match for minecraft:pipeline/entity_translucent: HAND_TRANSLUCENT
[218月2026 05:36:42.378] [Render thread/WARN] [Iris/]: Found fine program match for minecraft:pipeline/entity_translucent_emissive: HAND_TRANSLUCENT
[218月2026 05:36:42.384] [Render thread/WARN] [Iris/]: Found fine program match for minecraft:pipeline/entity_cutout: HAND_CUTOUT
[218月2026 05:36:42.384] [Render thread/WARN] [Iris/]: Found fine program match for minecraft:pipeline/entity_translucent: HAND_TRANSLUCENT
[218月2026 05:36:42.384] [Render thread/WARN] [Iris/]: Found fine program match for minecraft:pipeline/entity_translucent_emissive: HAND_TRANSLUCENT
[218月2026 05:36:42.389] [Render thread/WARN] [Iris/]: Found fine program match for minecraft:pipeline/entity_cutout: HAND_CUTOUT
[218月2026 05:36:42.389] [Render thread/WARN] [Iris/]: Found fine program match for minecraft:pipeline/entity_translucent: HAND_TRANSLUCENT
[218月2026 05:36:42.389] [Render thread/WARN] [Iris/]: Found fine program match for minecraft:pipeline/entity_translucent_emissive: HAND_TRANSLUCENT
[218月2026 05:36:42.393] [Render thread/WARN] [Iris/]: Found fine program match for minecraft:pipeline/entity_cutout: HAND_CUTOUT
[218月2026 05:36:42.393] [Render thread/WARN] [Iris/]: Found fine program match for minecraft:pipeline/entity_translucent: HAND_TRANSLUCENT
[218月2026 05:36:42.393] [Render thread/WARN] [Iris/]: Found fine program match for minecraft:pipeline/entity_translucent_emissive: HAND_TRANSLUCENT
[218月2026 05:36:42.396] [Render thread/WARN] [Iris/]: Found fine program match for minecraft:pipeline/entity_cutout: HAND_CUTOUT
[218月2026 05:36:42.396] [Render thread/WARN] [Iris/]: Found fine program match for minecraft:pipeline/entity_translucent: HAND_TRANSLUCENT
[218月2026 05:36:42.396] [Render thread/WARN] [Iris/]: Found fine program match for minecraft:pipeline/entity_translucent_emissive: HAND_TRANSLUCENT
[218月2026 05:36:42.400] [Render thread/WARN] [Iris/]: Found fine program match for minecraft:pipeline/entity_cutout: HAND_CUTOUT
[218月2026 05:36:42.400] [Render thread/WARN] [Iris/]: Found fine program match for minecraft:pipeline/entity_translucent: HAND_TRANSLUCENT
[218月2026 05:36:42.400] [Render thread/WARN] [Iris/]: Found fine program match for minecraft:pipeline/entity_translucent_emissive: HAND_TRANSLUCENT
[218月2026 05:36:42.404] [Render thread/WARN] [Iris/]: Found fine program match for minecraft:pipeline/entity_cutout: HAND_CUTOUT
[218月2026 05:36:42.404] [Render thread/WARN] [Iris/]: Found fine program match for minecraft:pipeline/entity_translucent: HAND_TRANSLUCENT
[218月2026 05:36:42.404] [Render thread/WARN] [Iris/]: Found fine program match for minecraft:pipeline/entity_translucent_emissive: HAND_TRANSLUCENT
[218月2026 05:36:42.408] [Render thread/WARN] [Iris/]: Found fine program match for minecraft:pipeline/entity_cutout: HAND_CUTOUT
[218月2026 05:36:42.408] [Render thread/WARN] [Iris/]: Found fine program match for minecraft:pipeline/entity_translucent: HAND_TRANSLUCENT
[218月2026 05:36:42.408] [Render thread/WARN] [Iris/]: Found fine program match for minecraft:pipeline/entity_translucent_emissive: HAND_TRANSLUCENT
[218月2026 05:36:42.412] [Render thread/WARN] [Iris/]: Found fine program match for minecraft:pipeline/entity_cutout: HAND_CUTOUT
[218月2026 05:36:42.412] [Render thread/WARN] [Iris/]: Found fine program match for minecraft:pipeline/entity_translucent: HAND_TRANSLUCENT
[218月2026 05:36:42.412] [Render thread/WARN] [Iris/]: Found fine program match for minecraft:pipeline/entity_translucent_emissive: HAND_TRANSLUCENT
[218月2026 05:36:42.416] [Render thread/WARN] [Iris/]: Found fine program match for minecraft:pipeline/entity_cutout: HAND_CUTOUT
[218月2026 05:36:42.417] [Render thread/WARN] [Iris/]: Found fine program match for minecraft:pipeline/entity_translucent: HAND_TRANSLUCENT
[218月2026 05:36:42.417] [Render thread/WARN] [Iris/]: Found fine program match for minecraft:pipeline/entity_translucent_emissive: HAND_TRANSLUCENT
[218月2026 05:36:42.420] [Render thread/WARN] [Iris/]: Found fine program match for minecraft:pipeline/entity_cutout: HAND_CUTOUT
[218月2026 05:36:42.420] [Render thread/WARN] [Iris/]: Found fine program match for minecraft:pipeline/entity_translucent: HAND_TRANSLUCENT
[218月2026 05:36:42.420] [Render thread/WARN] [Iris/]: Found fine program match for minecraft:pipeline/entity_translucent_emissive: HAND_TRANSLUCENT
[218月2026 05:36:42.423] [Render thread/WARN] [Iris/]: Found fine program match for minecraft:pipeline/entity_cutout: HAND_CUTOUT
[218月2026 05:36:42.423] [Render thread/WARN] [Iris/]: Found fine program match for minecraft:pipeline/entity_translucent: HAND_TRANSLUCENT
[218月2026 05:36:42.423] [Render thread/WARN] [Iris/]: Found fine program match for minecraft:pipeline/entity_translucent_emissive: HAND_TRANSLUCENT
[218月2026 05:36:42.431] [Render thread/WARN] [Iris/]: Found fine program match for minecraft:pipeline/entity_cutout: HAND_CUTOUT
[218月2026 05:36:42.431] [Render thread/WARN] [Iris/]: Found fine program match for minecraft:pipeline/entity_translucent: HAND_TRANSLUCENT
[218月2026 05:36:42.431] [Render thread/WARN] [Iris/]: Found fine program match for minecraft:pipeline/entity_translucent_emissive: HAND_TRANSLUCENT
[218月2026 05:36:42.436] [Render thread/WARN] [Iris/]: Found fine program match for minecraft:pipeline/entity_cutout: HAND_CUTOUT
[218月2026 05:36:42.436] [Render thread/WARN] [Iris/]: Found fine program match for minecraft:pipeline/entity_translucent: HAND_TRANSLUCENT
[218月2026 05:36:42.436] [Render thread/WARN] [Iris/]: Found fine program match for minecraft:pipeline/entity_translucent_emissive: HAND_TRANSLUCENT
[218月2026 05:36:42.439] [Render thread/WARN] [Iris/]: Found fine program match for minecraft:pipeline/entity_cutout: HAND_CUTOUT
[218月2026 05:36:42.439] [Render thread/WARN] [Iris/]: Found fine program match for minecraft:pipeline/entity_translucent: HAND_TRANSLUCENT
[218月2026 05:36:42.439] [Render thread/WARN] [Iris/]: Found fine program match for minecraft:pipeline/entity_translucent_emissive: HAND_TRANSLUCENT
[218月2026 05:36:42.442] [Render thread/WARN] [Iris/]: Found fine program match for minecraft:pipeline/entity_cutout: HAND_CUTOUT
[218月2026 05:36:42.442] [Render thread/WARN] [Iris/]: Found fine program match for minecraft:pipeline/entity_translucent: HAND_TRANSLUCENT
[218月2026 05:36:42.442] [Render thread/WARN] [Iris/]: Found fine program match for minecraft:pipeline/entity_translucent_emissive: HAND_TRANSLUCENT
[218月2026 05:36:42.446] [Render thread/WARN] [Iris/]: Found fine program match for minecraft:pipeline/entity_cutout: HAND_CUTOUT
[218月2026 05:36:42.446] [Render thread/WARN] [Iris/]: Found fine program match for minecraft:pipeline/entity_translucent: HAND_TRANSLUCENT
[218月2026 05:36:42.446] [Render thread/WARN] [Iris/]: Found fine program match for minecraft:pipeline/entity_translucent_emissive: HAND_TRANSLUCENT
[218月2026 05:36:42.450] [Render thread/WARN] [Iris/]: Found fine program match for minecraft:pipeline/entity_cutout: HAND_CUTOUT
[218月2026 05:36:42.451] [Render thread/WARN] [Iris/]: Found fine program match for minecraft:pipeline/entity_translucent: HAND_TRANSLUCENT
[218月2026 05:36:42.451] [Render thread/WARN] [Iris/]: Found fine program match for minecraft:pipeline/entity_translucent_emissive: HAND_TRANSLUCENT
[218月2026 05:36:42.455] [Render thread/WARN] [Iris/]: Found fine program match for minecraft:pipeline/entity_cutout: HAND_CUTOUT
[218月2026 05:36:42.455] [Render thread/WARN] [Iris/]: Found fine program match for minecraft:pipeline/entity_translucent: HAND_TRANSLUCENT
[218月2026 05:36:42.455] [Render thread/WARN] [Iris/]: Found fine program match for minecraft:pipeline/entity_translucent_emissive: HAND_TRANSLUCENT
[218月2026 05:36:42.459] [Render thread/WARN] [Iris/]: Found fine program match for minecraft:pipeline/entity_cutout: HAND_CUTOUT
[218月2026 05:36:42.459] [Render thread/WARN] [Iris/]: Found fine program match for minecraft:pipeline/entity_translucent: HAND_TRANSLUCENT
[218月2026 05:36:42.459] [Render thread/WARN] [Iris/]: Found fine program match for minecraft:pipeline/entity_translucent_emissive: HAND_TRANSLUCENT
[218月2026 05:36:42.463] [Render thread/WARN] [Iris/]: Found fine program match for minecraft:pipeline/entity_cutout: HAND_CUTOUT
[218月2026 05:36:42.463] [Render thread/WARN] [Iris/]: Found fine program match for minecraft:pipeline/entity_translucent: HAND_TRANSLUCENT
[218月2026 05:36:42.463] [Render thread/WARN] [Iris/]: Found fine program match for minecraft:pipeline/entity_translucent_emissive: HAND_TRANSLUCENT
[218月2026 05:36:42.468] [Render thread/WARN] [Iris/]: Found fine program match for minecraft:pipeline/entity_cutout: HAND_CUTOUT
[218月2026 05:36:42.468] [Render thread/WARN] [Iris/]: Found fine program match for minecraft:pipeline/entity_translucent: HAND_TRANSLUCENT
[218月2026 05:36:42.468] [Render thread/WARN] [Iris/]: Found fine program match for minecraft:pipeline/entity_translucent_emissive: HAND_TRANSLUCENT
[218月2026 05:36:42.473] [Render thread/WARN] [Iris/]: Found fine program match for minecraft:pipeline/entity_cutout: HAND_CUTOUT
[218月2026 05:36:42.473] [Render thread/WARN] [Iris/]: Found fine program match for minecraft:pipeline/entity_translucent: HAND_TRANSLUCENT
[218月2026 05:36:42.473] [Render thread/WARN] [Iris/]: Found fine program match for minecraft:pipeline/entity_translucent_emissive: HAND_TRANSLUCENT
[218月2026 05:36:42.477] [Render thread/WARN] [Iris/]: Found fine program match for minecraft:pipeline/entity_cutout: HAND_CUTOUT
[218月2026 05:36:42.477] [Render thread/WARN] [Iris/]: Found fine program match for minecraft:pipeline/entity_translucent: HAND_TRANSLUCENT
[218月2026 05:36:42.477] [Render thread/WARN] [Iris/]: Found fine program match for minecraft:pipeline/entity_translucent_emissive: HAND_TRANSLUCENT
[218月2026 05:36:42.483] [Render thread/WARN] [Iris/]: Found fine program match for minecraft:pipeline/entity_cutout: HAND_CUTOUT
[218月2026 05:36:42.483] [Render thread/WARN] [Iris/]: Found fine program match for minecraft:pipeline/entity_translucent: HAND_TRANSLUCENT
[218月2026 05:36:42.483] [Render thread/WARN] [Iris/]: Found fine program match for minecraft:pipeline/entity_translucent_emissive: HAND_TRANSLUCENT
[218月2026 05:36:42.487] [Render thread/WARN] [Iris/]: Found fine program match for minecraft:pipeline/entity_cutout: HAND_CUTOUT
[218月2026 05:36:42.487] [Render thread/WARN] [Iris/]: Found fine program match for minecraft:pipeline/entity_translucent: HAND_TRANSLUCENT
[218月2026 05:36:42.487] [Render thread/WARN] [Iris/]: Found fine program match for minecraft:pipeline/entity_translucent_emissive: HAND_TRANSLUCENT
[218月2026 05:36:42.490] [Render thread/WARN] [Iris/]: Found fine program match for minecraft:pipeline/entity_cutout: HAND_CUTOUT
[218月2026 05:36:42.490] [Render thread/WARN] [Iris/]: Found fine program match for minecraft:pipeline/entity_translucent: HAND_TRANSLUCENT
[218月2026 05:36:42.490] [Render thread/WARN] [Iris/]: Found fine program match for minecraft:pipeline/entity_translucent_emissive: HAND_TRANSLUCENT
[218月2026 05:36:42.493] [Render thread/WARN] [Iris/]: Found fine program match for minecraft:pipeline/entity_cutout: HAND_CUTOUT
[218月2026 05:36:42.493] [Render thread/WARN] [Iris/]: Found fine program match for minecraft:pipeline/entity_translucent: HAND_TRANSLUCENT
[218月2026 05:36:42.493] [Render thread/WARN] [Iris/]: Found fine program match for minecraft:pipeline/entity_translucent_emissive: HAND_TRANSLUCENT
[218月2026 05:36:42.497] [Render thread/WARN] [Iris/]: Found fine program match for minecraft:pipeline/entity_cutout: HAND_CUTOUT
[218月2026 05:36:42.497] [Render thread/WARN] [Iris/]: Found fine program match for minecraft:pipeline/entity_translucent: HAND_TRANSLUCENT
[218月2026 05:36:42.497] [Render thread/WARN] [Iris/]: Found fine program match for minecraft:pipeline/entity_translucent_emissive: HAND_TRANSLUCENT
[218月2026 05:36:42.501] [Render thread/WARN] [Iris/]: Found fine program match for minecraft:pipeline/entity_cutout: HAND_CUTOUT
[218月2026 05:36:42.502] [Render thread/WARN] [Iris/]: Found fine program match for minecraft:pipeline/entity_translucent: HAND_TRANSLUCENT
[218月2026 05:36:42.502] [Render thread/WARN] [Iris/]: Found fine program match for minecraft:pipeline/entity_translucent_emissive: HAND_TRANSLUCENT
[218月2026 05:36:42.506] [Render thread/WARN] [Iris/]: Found fine program match for minecraft:pipeline/entity_cutout: HAND_CUTOUT
[218月2026 05:36:42.506] [Render thread/WARN] [Iris/]: Found fine program match for minecraft:pipeline/entity_translucent: HAND_TRANSLUCENT
[218月2026 05:36:42.506] [Render thread/WARN] [Iris/]: Found fine program match for minecraft:pipeline/entity_translucent_emissive: HAND_TRANSLUCENT
[218月2026 05:36:42.509] [Render thread/WARN] [Iris/]: Found fine program match for minecraft:pipeline/entity_cutout: HAND_CUTOUT
[218月2026 05:36:42.509] [Render thread/WARN] [Iris/]: Found fine program match for minecraft:pipeline/entity_translucent: HAND_TRANSLUCENT
[218月2026 05:36:42.509] [Render thread/WARN] [Iris/]: Found fine program match for minecraft:pipeline/entity_translucent_emissive: HAND_TRANSLUCENT
[218月2026 05:36:42.514] [Render thread/WARN] [Iris/]: Found fine program match for minecraft:pipeline/entity_cutout: HAND_CUTOUT
[218月2026 05:36:42.514] [Render thread/WARN] [Iris/]: Found fine program match for minecraft:pipeline/entity_translucent: HAND_TRANSLUCENT
[218月2026 05:36:42.514] [Render thread/WARN] [Iris/]: Found fine program match for minecraft:pipeline/entity_translucent_emissive: HAND_TRANSLUCENT
[218月2026 05:36:42.518] [Render thread/WARN] [Iris/]: Found fine program match for minecraft:pipeline/entity_cutout: HAND_CUTOUT
[218月2026 05:36:42.518] [Render thread/WARN] [Iris/]: Found fine program match for minecraft:pipeline/entity_translucent: HAND_TRANSLUCENT
[218月2026 05:36:42.518] [Render thread/WARN] [Iris/]: Found fine program match for minecraft:pipeline/entity_translucent_emissive: HAND_TRANSLUCENT
[218月2026 05:36:42.522] [Render thread/WARN] [Iris/]: Found fine program match for minecraft:pipeline/entity_cutout: HAND_CUTOUT
[218月2026 05:36:42.522] [Render thread/WARN] [Iris/]: Found fine program match for minecraft:pipeline/entity_translucent: HAND_TRANSLUCENT
[218月2026 05:36:42.522] [Render thread/WARN] [Iris/]: Found fine program match for minecraft:pipeline/entity_translucent_emissive: HAND_TRANSLUCENT
[218月2026 05:36:42.525] [Render thread/WARN] [Iris/]: Found fine program match for minecraft:pipeline/entity_cutout: HAND_CUTOUT
[218月2026 05:36:42.525] [Render thread/WARN] [Iris/]: Found fine program match for minecraft:pipeline/entity_translucent: HAND_TRANSLUCENT
[218月2026 05:36:42.525] [Render thread/WARN] [Iris/]: Found fine program match for minecraft:pipeline/entity_translucent_emissive: HAND_TRANSLUCENT
[218月2026 05:36:42.532] [Render thread/WARN] [Iris/]: Found fine program match for minecraft:pipeline/entity_cutout: HAND_CUTOUT
[218月2026 05:36:42.532] [Render thread/WARN] [Iris/]: Found fine program match for minecraft:pipeline/entity_translucent: HAND_TRANSLUCENT
[218月2026 05:36:42.532] [Render thread/WARN] [Iris/]: Found fine program match for minecraft:pipeline/entity_translucent_emissive: HAND_TRANSLUCENT
[218月2026 05:36:42.534] [Render thread/WARN] [Iris/]: Found fine program match for minecraft:pipeline/entity_cutout: HAND_CUTOUT
[218月2026 05:36:42.534] [Render thread/WARN] [Iris/]: Found fine program match for minecraft:pipeline/entity_translucent: HAND_TRANSLUCENT
[218月2026 05:36:42.534] [Render thread/WARN] [Iris/]: Found fine program match for minecraft:pipeline/entity_translucent_emissive: HAND_TRANSLUCENT
[218月2026 05:36:42.539] [Render thread/WARN] [Iris/]: Found fine program match for minecraft:pipeline/entity_cutout: HAND_CUTOUT
[218月2026 05:36:42.539] [Render thread/WARN] [Iris/]: Found fine program match for minecraft:pipeline/entity_translucent: HAND_TRANSLUCENT
[218月2026 05:36:42.539] [Render thread/WARN] [Iris/]: Found fine program match for minecraft:pipeline/entity_translucent_emissive: HAND_TRANSLUCENT
[218月2026 05:36:42.542] [Render thread/WARN] [Iris/]: Found fine program match for minecraft:pipeline/entity_cutout: HAND_CUTOUT
[218月2026 05:36:42.542] [Render thread/WARN] [Iris/]: Found fine program match for minecraft:pipeline/entity_translucent: HAND_TRANSLUCENT
[218月2026 05:36:42.542] [Render thread/WARN] [Iris/]: Found fine program match for minecraft:pipeline/entity_translucent_emissive: HAND_TRANSLUCENT
[218月2026 05:36:42.546] [Render thread/WARN] [Iris/]: Found fine program match for minecraft:pipeline/entity_cutout: HAND_CUTOUT
[218月2026 05:36:42.546] [Render thread/WARN] [Iris/]: Found fine program match for minecraft:pipeline/entity_translucent: HAND_TRANSLUCENT
[218月2026 05:36:42.546] [Render thread/WARN] [Iris/]: Found fine program match for minecraft:pipeline/entity_translucent_emissive: HAND_TRANSLUCENT
[218月2026 05:36:42.550] [Render thread/WARN] [Iris/]: Found fine program match for minecraft:pipeline/entity_cutout: HAND_CUTOUT
[218月2026 05:36:42.550] [Render thread/WARN] [Iris/]: Found fine program match for minecraft:pipeline/entity_translucent: HAND_TRANSLUCENT
[218月2026 05:36:42.550] [Render thread/WARN] [Iris/]: Found fine program match for minecraft:pipeline/entity_translucent_emissive: HAND_TRANSLUCENT
[218月2026 05:36:42.554] [Render thread/WARN] [Iris/]: Found fine program match for minecraft:pipeline/entity_cutout: HAND_CUTOUT
[218月2026 05:36:42.554] [Render thread/WARN] [Iris/]: Found fine program match for minecraft:pipeline/entity_translucent: HAND_TRANSLUCENT
[218月2026 05:36:42.554] [Render thread/WARN] [Iris/]: Found fine program match for minecraft:pipeline/entity_translucent_emissive: HAND_TRANSLUCENT
[218月2026 05:36:42.557] [Render thread/WARN] [Iris/]: Found fine program match for minecraft:pipeline/entity_cutout: HAND_CUTOUT
[218月2026 05:36:42.557] [Render thread/WARN] [Iris/]: Found fine program match for minecraft:pipeline/entity_translucent: HAND_TRANSLUCENT
[218月2026 05:36:42.557] [Render thread/WARN] [Iris/]: Found fine program match for minecraft:pipeline/entity_translucent_emissive: HAND_TRANSLUCENT
[218月2026 05:36:42.563] [Render thread/WARN] [Iris/]: Found fine program match for minecraft:pipeline/entity_cutout: HAND_CUTOUT
[218月2026 05:36:42.563] [Render thread/WARN] [Iris/]: Found fine program match for minecraft:pipeline/entity_translucent: HAND_TRANSLUCENT
[218月2026 05:36:42.563] [Render thread/WARN] [Iris/]: Found fine program match for minecraft:pipeline/entity_translucent_emissive: HAND_TRANSLUCENT
[218月2026 05:36:42.567] [Render thread/WARN] [Iris/]: Found fine program match for minecraft:pipeline/entity_cutout: HAND_CUTOUT
[218月2026 05:36:42.567] [Render thread/WARN] [Iris/]: Found fine program match for minecraft:pipeline/entity_translucent: HAND_TRANSLUCENT
[218月2026 05:36:42.567] [Render thread/WARN] [Iris/]: Found fine program match for minecraft:pipeline/entity_translucent_emissive: HAND_TRANSLUCENT
[218月2026 05:36:42.572] [Render thread/WARN] [Iris/]: Found fine program match for minecraft:pipeline/entity_cutout: HAND_CUTOUT
[218月2026 05:36:42.572] [Render thread/WARN] [Iris/]: Found fine program match for minecraft:pipeline/entity_translucent: HAND_TRANSLUCENT
[218月2026 05:36:42.572] [Render thread/WARN] [Iris/]: Found fine program match for minecraft:pipeline/entity_translucent_emissive: HAND_TRANSLUCENT
[218月2026 05:36:42.575] [Render thread/WARN] [Iris/]: Found fine program match for minecraft:pipeline/entity_cutout: HAND_CUTOUT
[218月2026 05:36:42.575] [Render thread/WARN] [Iris/]: Found fine program match for minecraft:pipeline/entity_translucent: HAND_TRANSLUCENT
[218月2026 05:36:42.575] [Render thread/WARN] [Iris/]: Found fine program match for minecraft:pipeline/entity_translucent_emissive: HAND_TRANSLUCENT
[218月2026 05:36:42.581] [Render thread/WARN] [Iris/]: Found fine program match for minecraft:pipeline/entity_cutout: HAND_CUTOUT
[218月2026 05:36:42.581] [Render thread/WARN] [Iris/]: Found fine program match for minecraft:pipeline/entity_translucent: HAND_TRANSLUCENT
[218月2026 05:36:42.581] [Render thread/WARN] [Iris/]: Found fine program match for minecraft:pipeline/entity_translucent_emissive: HAND_TRANSLUCENT
[218月2026 05:36:42.587] [Render thread/WARN] [Iris/]: Found fine program match for minecraft:pipeline/entity_cutout: HAND_CUTOUT
[218月2026 05:36:42.587] [Render thread/WARN] [Iris/]: Found fine program match for minecraft:pipeline/entity_translucent: HAND_TRANSLUCENT
[218月2026 05:36:42.587] [Render thread/WARN] [Iris/]: Found fine program match for minecraft:pipeline/entity_translucent_emissive: HAND_TRANSLUCENT
[218月2026 05:36:42.590] [Render thread/WARN] [Iris/]: Found fine program match for minecraft:pipeline/entity_cutout: HAND_CUTOUT
[218月2026 05:36:42.590] [Render thread/WARN] [Iris/]: Found fine program match for minecraft:pipeline/entity_translucent: HAND_TRANSLUCENT
[218月2026 05:36:42.590] [Render thread/WARN] [Iris/]: Found fine program match for minecraft:pipeline/entity_translucent_emissive: HAND_TRANSLUCENT
[218月2026 05:36:42.593] [Render thread/WARN] [Iris/]: Found fine program match for minecraft:pipeline/entity_cutout: HAND_CUTOUT
[218月2026 05:36:42.593] [Render thread/WARN] [Iris/]: Found fine program match for minecraft:pipeline/entity_translucent: HAND_TRANSLUCENT
[218月2026 05:36:42.593] [Render thread/WARN] [Iris/]: Found fine program match for minecraft:pipeline/entity_translucent_emissive: HAND_TRANSLUCENT
[218月2026 05:36:42.597] [Render thread/WARN] [Iris/]: Found fine program match for minecraft:pipeline/entity_cutout: HAND_CUTOUT
[218月2026 05:36:42.597] [Render thread/WARN] [Iris/]: Found fine program match for minecraft:pipeline/entity_translucent: HAND_TRANSLUCENT
[218月2026 05:36:42.597] [Render thread/WARN] [Iris/]: Found fine program match for minecraft:pipeline/entity_translucent_emissive: HAND_TRANSLUCENT
[218月2026 05:36:42.602] [Render thread/WARN] [Iris/]: Found fine program match for minecraft:pipeline/entity_cutout: HAND_CUTOUT
[218月2026 05:36:42.602] [Render thread/WARN] [Iris/]: Found fine program match for minecraft:pipeline/entity_translucent: HAND_TRANSLUCENT
[218月2026 05:36:42.602] [Render thread/WARN] [Iris/]: Found fine program match for minecraft:pipeline/entity_translucent_emissive: HAND_TRANSLUCENT
[218月2026 05:36:42.607] [Render thread/WARN] [Iris/]: Found fine program match for minecraft:pipeline/entity_cutout: HAND_CUTOUT
[218月2026 05:36:42.607] [Render thread/WARN] [Iris/]: Found fine program match for minecraft:pipeline/entity_translucent: HAND_TRANSLUCENT
[218月2026 05:36:42.607] [Render thread/WARN] [Iris/]: Found fine program match for minecraft:pipeline/entity_translucent_emissive: HAND_TRANSLUCENT
[218月2026 05:36:42.610] [Render thread/WARN] [Iris/]: Found fine program match for minecraft:pipeline/entity_cutout: HAND_CUTOUT
[218月2026 05:36:42.610] [Render thread/WARN] [Iris/]: Found fine program match for minecraft:pipeline/entity_translucent: HAND_TRANSLUCENT
[218月2026 05:36:42.610] [Render thread/WARN] [Iris/]: Found fine program match for minecraft:pipeline/entity_translucent_emissive: HAND_TRANSLUCENT
[218月2026 05:36:42.615] [Render thread/WARN] [Iris/]: Found fine program match for minecraft:pipeline/entity_cutout: HAND_CUTOUT
[218月2026 05:36:42.615] [Render thread/WARN] [Iris/]: Found fine program match for minecraft:pipeline/entity_translucent: HAND_TRANSLUCENT
[218月2026 05:36:42.615] [Render thread/WARN] [Iris/]: Found fine program match for minecraft:pipeline/entity_translucent_emissive: HAND_TRANSLUCENT
[218月2026 05:36:42.619] [Render thread/WARN] [Iris/]: Found fine program match for minecraft:pipeline/entity_cutout: HAND_CUTOUT
[218月2026 05:36:42.620] [Render thread/WARN] [Iris/]: Found fine program match for minecraft:pipeline/entity_translucent: HAND_TRANSLUCENT
[218月2026 05:36:42.620] [Render thread/WARN] [Iris/]: Found fine program match for minecraft:pipeline/entity_translucent_emissive: HAND_TRANSLUCENT
[218月2026 05:36:42.623] [Render thread/WARN] [Iris/]: Found fine program match for minecraft:pipeline/entity_cutout: HAND_CUTOUT
[218月2026 05:36:42.623] [Render thread/WARN] [Iris/]: Found fine program match for minecraft:pipeline/entity_translucent: HAND_TRANSLUCENT
[218月2026 05:36:42.623] [Render thread/WARN] [Iris/]: Found fine program match for minecraft:pipeline/entity_translucent_emissive: HAND_TRANSLUCENT
[218月2026 05:36:42.627] [Render thread/WARN] [Iris/]: Found fine program match for minecraft:pipeline/entity_cutout: HAND_CUTOUT
[218月2026 05:36:42.627] [Render thread/WARN] [Iris/]: Found fine program match for minecraft:pipeline/entity_translucent: HAND_TRANSLUCENT
[218月2026 05:36:42.627] [Render thread/WARN] [Iris/]: Found fine program match for minecraft:pipeline/entity_translucent_emissive: HAND_TRANSLUCENT
[218月2026 05:36:42.632] [Render thread/WARN] [Iris/]: Found fine program match for minecraft:pipeline/entity_cutout: HAND_CUTOUT
[218月2026 05:36:42.632] [Render thread/WARN] [Iris/]: Found fine program match for minecraft:pipeline/entity_translucent: HAND_TRANSLUCENT
[218月2026 05:36:42.632] [Render thread/WARN] [Iris/]: Found fine program match for minecraft:pipeline/entity_translucent_emissive: HAND_TRANSLUCENT
[218月2026 05:36:42.639] [Render thread/WARN] [Iris/]: Found fine program match for minecraft:pipeline/entity_cutout: HAND_CUTOUT
[218月2026 05:36:42.639] [Render thread/WARN] [Iris/]: Found fine program match for minecraft:pipeline/entity_translucent: HAND_TRANSLUCENT
[218月2026 05:36:42.639] [Render thread/WARN] [Iris/]: Found fine program match for minecraft:pipeline/entity_translucent_emissive: HAND_TRANSLUCENT
[218月2026 05:36:42.642] [Render thread/WARN] [Iris/]: Found fine program match for minecraft:pipeline/entity_cutout: HAND_CUTOUT
[218月2026 05:36:42.642] [Render thread/WARN] [Iris/]: Found fine program match for minecraft:pipeline/entity_translucent: HAND_TRANSLUCENT
[218月2026 05:36:42.642] [Render thread/WARN] [Iris/]: Found fine program match for minecraft:pipeline/entity_translucent_emissive: HAND_TRANSLUCENT
[218月2026 05:36:42.645] [Render thread/WARN] [Iris/]: Found fine program match for minecraft:pipeline/entity_cutout: HAND_CUTOUT
[218月2026 05:36:42.645] [Render thread/WARN] [Iris/]: Found fine program match for minecraft:pipeline/entity_translucent: HAND_TRANSLUCENT
[218月2026 05:36:42.645] [Render thread/WARN] [Iris/]: Found fine program match for minecraft:pipeline/entity_translucent_emissive: HAND_TRANSLUCENT
[218月2026 05:36:42.649] [Render thread/WARN] [Iris/]: Found fine program match for minecraft:pipeline/entity_cutout: HAND_CUTOUT
[218月2026 05:36:42.649] [Render thread/WARN] [Iris/]: Found fine program match for minecraft:pipeline/entity_translucent: HAND_TRANSLUCENT
[218月2026 05:36:42.650] [Render thread/WARN] [Iris/]: Found fine program match for minecraft:pipeline/entity_translucent_emissive: HAND_TRANSLUCENT
[218月2026 05:36:42.653] [Render thread/WARN] [Iris/]: Found fine program match for minecraft:pipeline/entity_cutout: HAND_CUTOUT
[218月2026 05:36:42.653] [Render thread/WARN] [Iris/]: Found fine program match for minecraft:pipeline/entity_translucent: HAND_TRANSLUCENT
[218月2026 05:36:42.654] [Render thread/WARN] [Iris/]: Found fine program match for minecraft:pipeline/entity_translucent_emissive: HAND_TRANSLUCENT
[218月2026 05:36:42.657] [Render thread/WARN] [Iris/]: Found fine program match for minecraft:pipeline/entity_cutout: HAND_CUTOUT
[218月2026 05:36:42.657] [Render thread/WARN] [Iris/]: Found fine program match for minecraft:pipeline/entity_translucent: HAND_TRANSLUCENT
[218月2026 05:36:42.657] [Render thread/WARN] [Iris/]: Found fine program match for minecraft:pipeline/entity_translucent_emissive: HAND_TRANSLUCENT
[218月2026 05:36:42.661] [Render thread/WARN] [Iris/]: Found fine program match for minecraft:pipeline/entity_cutout: HAND_CUTOUT
[218月2026 05:36:42.661] [Render thread/WARN] [Iris/]: Found fine program match for minecraft:pipeline/entity_translucent: HAND_TRANSLUCENT
[218月2026 05:36:42.661] [Render thread/WARN] [Iris/]: Found fine program match for minecraft:pipeline/entity_translucent_emissive: HAND_TRANSLUCENT
[218月2026 05:36:42.665] [Render thread/WARN] [Iris/]: Found fine program match for minecraft:pipeline/entity_cutout: HAND_CUTOUT
[218月2026 05:36:42.665] [Render thread/WARN] [Iris/]: Found fine program match for minecraft:pipeline/entity_translucent: HAND_TRANSLUCENT
[218月2026 05:36:42.665] [Render thread/WARN] [Iris/]: Found fine program match for minecraft:pipeline/entity_translucent_emissive: HAND_TRANSLUCENT
[218月2026 05:36:42.669] [Render thread/WARN] [Iris/]: Found fine program match for minecraft:pipeline/entity_cutout: HAND_CUTOUT
[218月2026 05:36:42.670] [Render thread/WARN] [Iris/]: Found fine program match for minecraft:pipeline/entity_translucent: HAND_TRANSLUCENT
[218月2026 05:36:42.670] [Render thread/WARN] [Iris/]: Found fine program match for minecraft:pipeline/entity_translucent_emissive: HAND_TRANSLUCENT
[218月2026 05:36:42.674] [Render thread/WARN] [Iris/]: Found fine program match for minecraft:pipeline/entity_cutout: HAND_CUTOUT
[218月2026 05:36:42.674] [Render thread/WARN] [Iris/]: Found fine program match for minecraft:pipeline/entity_translucent: HAND_TRANSLUCENT
[218月2026 05:36:42.674] [Render thread/WARN] [Iris/]: Found fine program match for minecraft:pipeline/entity_translucent_emissive: HAND_TRANSLUCENT
[218月2026 05:36:42.677] [Render thread/WARN] [Iris/]: Found fine program match for minecraft:pipeline/entity_cutout: HAND_CUTOUT
[218月2026 05:36:42.677] [Render thread/WARN] [Iris/]: Found fine program match for minecraft:pipeline/entity_translucent: HAND_TRANSLUCENT
[218月2026 05:36:42.677] [Render thread/WARN] [Iris/]: Found fine program match for minecraft:pipeline/entity_translucent_emissive: HAND_TRANSLUCENT
[218月2026 05:36:42.682] [Render thread/WARN] [Iris/]: Found fine program match for minecraft:pipeline/entity_cutout: HAND_CUTOUT
[218月2026 05:36:42.682] [Render thread/WARN] [Iris/]: Found fine program match for minecraft:pipeline/entity_translucent: HAND_TRANSLUCENT
[218月2026 05:36:42.682] [Render thread/WARN] [Iris/]: Found fine program match for minecraft:pipeline/entity_translucent_emissive: HAND_TRANSLUCENT
[218月2026 05:36:42.686] [Render thread/WARN] [Iris/]: Found fine program match for minecraft:pipeline/entity_cutout: HAND_CUTOUT
[218月2026 05:36:42.686] [Render thread/WARN] [Iris/]: Found fine program match for minecraft:pipeline/entity_translucent: HAND_TRANSLUCENT
[218月2026 05:36:42.686] [Render thread/WARN] [Iris/]: Found fine program match for minecraft:pipeline/entity_translucent_emissive: HAND_TRANSLUCENT
[218月2026 05:36:42.689] [Render thread/WARN] [Iris/]: Found fine program match for minecraft:pipeline/entity_cutout: HAND_CUTOUT
[218月2026 05:36:42.689] [Render thread/WARN] [Iris/]: Found fine program match for minecraft:pipeline/entity_translucent: HAND_TRANSLUCENT
[218月2026 05:36:42.689] [Render thread/WARN] [Iris/]: Found fine program match for minecraft:pipeline/entity_translucent_emissive: HAND_TRANSLUCENT
[218月2026 05:36:42.693] [Render thread/WARN] [Iris/]: Found fine program match for minecraft:pipeline/entity_cutout: HAND_CUTOUT
[218月2026 05:36:42.693] [Render thread/WARN] [Iris/]: Found fine program match for minecraft:pipeline/entity_translucent: HAND_TRANSLUCENT
[218月2026 05:36:42.693] [Render thread/WARN] [Iris/]: Found fine program match for minecraft:pipeline/entity_translucent_emissive: HAND_TRANSLUCENT
[218月2026 05:36:42.697] [Render thread/WARN] [Iris/]: Found fine program match for minecraft:pipeline/entity_cutout: HAND_CUTOUT
[218月2026 05:36:42.697] [Render thread/WARN] [Iris/]: Found fine program match for minecraft:pipeline/entity_translucent: HAND_TRANSLUCENT
[218月2026 05:36:42.697] [Render thread/WARN] [Iris/]: Found fine program match for minecraft:pipeline/entity_translucent_emissive: HAND_TRANSLUCENT
[218月2026 05:36:42.701] [Render thread/WARN] [Iris/]: Found fine program match for minecraft:pipeline/entity_cutout: HAND_CUTOUT
[218月2026 05:36:42.702] [Render thread/WARN] [Iris/]: Found fine program match for minecraft:pipeline/entity_translucent: HAND_TRANSLUCENT
[218月2026 05:36:42.702] [Render thread/WARN] [Iris/]: Found fine program match for minecraft:pipeline/entity_translucent_emissive: HAND_TRANSLUCENT
[218月2026 05:36:42.706] [Render thread/WARN] [Iris/]: Found fine program match for minecraft:pipeline/entity_cutout: HAND_CUTOUT
[218月2026 05:36:42.706] [Render thread/WARN] [Iris/]: Found fine program match for minecraft:pipeline/entity_translucent: HAND_TRANSLUCENT
[218月2026 05:36:42.706] [Render thread/WARN] [Iris/]: Found fine program match for minecraft:pipeline/entity_translucent_emissive: HAND_TRANSLUCENT
[218月2026 05:36:42.709] [Render thread/WARN] [Iris/]: Found fine program match for minecraft:pipeline/entity_cutout: HAND_CUTOUT
[218月2026 05:36:42.709] [Render thread/WARN] [Iris/]: Found fine program match for minecraft:pipeline/entity_translucent: HAND_TRANSLUCENT
[218月2026 05:36:42.709] [Render thread/WARN] [Iris/]: Found fine program match for minecraft:pipeline/entity_translucent_emissive: HAND_TRANSLUCENT
[218月2026 05:36:42.715] [Render thread/WARN] [Iris/]: Found fine program match for minecraft:pipeline/entity_cutout: HAND_CUTOUT
[218月2026 05:36:42.715] [Render thread/WARN] [Iris/]: Found fine program match for minecraft:pipeline/entity_translucent: HAND_TRANSLUCENT
[218月2026 05:36:42.715] [Render thread/WARN] [Iris/]: Found fine program match for minecraft:pipeline/entity_translucent_emissive: HAND_TRANSLUCENT
[218月2026 05:36:42.719] [Render thread/WARN] [Iris/]: Found fine program match for minecraft:pipeline/entity_cutout: HAND_CUTOUT
[218月2026 05:36:42.719] [Render thread/WARN] [Iris/]: Found fine program match for minecraft:pipeline/entity_translucent: HAND_TRANSLUCENT
[218月2026 05:36:42.719] [Render thread/WARN] [Iris/]: Found fine program match for minecraft:pipeline/entity_translucent_emissive: HAND_TRANSLUCENT
[218月2026 05:36:42.723] [Render thread/WARN] [Iris/]: Found fine program match for minecraft:pipeline/entity_cutout: HAND_CUTOUT
[218月2026 05:36:42.723] [Render thread/WARN] [Iris/]: Found fine program match for minecraft:pipeline/entity_translucent: HAND_TRANSLUCENT
[218月2026 05:36:42.723] [Render thread/WARN] [Iris/]: Found fine program match for minecraft:pipeline/entity_translucent_emissive: HAND_TRANSLUCENT
[218月2026 05:36:42.727] [Render thread/WARN] [Iris/]: Found fine program match for minecraft:pipeline/entity_cutout: HAND_CUTOUT
[218月2026 05:36:42.727] [Render thread/WARN] [Iris/]: Found fine program match for minecraft:pipeline/entity_translucent: HAND_TRANSLUCENT
[218月2026 05:36:42.727] [Render thread/WARN] [Iris/]: Found fine program match for minecraft:pipeline/entity_translucent_emissive: HAND_TRANSLUCENT
[218月2026 05:36:42.733] [Render thread/WARN] [Iris/]: Found fine program match for minecraft:pipeline/entity_cutout: HAND_CUTOUT
[218月2026 05:36:42.733] [Render thread/WARN] [Iris/]: Found fine program match for minecraft:pipeline/entity_translucent: HAND_TRANSLUCENT
[218月2026 05:36:42.733] [Render thread/WARN] [Iris/]: Found fine program match for minecraft:pipeline/entity_translucent_emissive: HAND_TRANSLUCENT
[218月2026 05:36:42.739] [Render thread/WARN] [Iris/]: Found fine program match for minecraft:pipeline/entity_cutout: HAND_CUTOUT
[218月2026 05:36:42.739] [Render thread/WARN] [Iris/]: Found fine program match for minecraft:pipeline/entity_translucent: HAND_TRANSLUCENT
[218月2026 05:36:42.739] [Render thread/WARN] [Iris/]: Found fine program match for minecraft:pipeline/entity_translucent_emissive: HAND_TRANSLUCENT
[218月2026 05:36:42.742] [Render thread/WARN] [Iris/]: Found fine program match for minecraft:pipeline/entity_cutout: HAND_CUTOUT
[218月2026 05:36:42.742] [Render thread/WARN] [Iris/]: Found fine program match for minecraft:pipeline/entity_translucent: HAND_TRANSLUCENT
[218月2026 05:36:42.742] [Render thread/WARN] [Iris/]: Found fine program match for minecraft:pipeline/entity_translucent_emissive: HAND_TRANSLUCENT
[218月2026 05:36:42.746] [Render thread/WARN] [Iris/]: Found fine program match for minecraft:pipeline/entity_cutout: HAND_CUTOUT
[218月2026 05:36:42.746] [Render thread/WARN] [Iris/]: Found fine program match for minecraft:pipeline/entity_translucent: HAND_TRANSLUCENT
[218月2026 05:36:42.746] [Render thread/WARN] [Iris/]: Found fine program match for minecraft:pipeline/entity_translucent_emissive: HAND_TRANSLUCENT
[218月2026 05:36:42.750] [Render thread/WARN] [Iris/]: Found fine program match for minecraft:pipeline/entity_cutout: HAND_CUTOUT
[218月2026 05:36:42.750] [Render thread/WARN] [Iris/]: Found fine program match for minecraft:pipeline/entity_translucent: HAND_TRANSLUCENT
[218月2026 05:36:42.750] [Render thread/WARN] [Iris/]: Found fine program match for minecraft:pipeline/entity_translucent_emissive: HAND_TRANSLUCENT
[218月2026 05:36:42.754] [Render thread/WARN] [Iris/]: Found fine program match for minecraft:pipeline/entity_cutout: HAND_CUTOUT
[218月2026 05:36:42.754] [Render thread/WARN] [Iris/]: Found fine program match for minecraft:pipeline/entity_translucent: HAND_TRANSLUCENT
[218月2026 05:36:42.754] [Render thread/WARN] [Iris/]: Found fine program match for minecraft:pipeline/entity_translucent_emissive: HAND_TRANSLUCENT
[218月2026 05:36:42.759] [Render thread/WARN] [Iris/]: Found fine program match for minecraft:pipeline/entity_cutout: HAND_CUTOUT
[218月2026 05:36:42.759] [Render thread/WARN] [Iris/]: Found fine program match for minecraft:pipeline/entity_translucent: HAND_TRANSLUCENT
[218月2026 05:36:42.759] [Render thread/WARN] [Iris/]: Found fine program match for minecraft:pipeline/entity_translucent_emissive: HAND_TRANSLUCENT
[218月2026 05:36:42.762] [Render thread/WARN] [Iris/]: Found fine program match for minecraft:pipeline/entity_cutout: HAND_CUTOUT
[218月2026 05:36:42.763] [Render thread/WARN] [Iris/]: Found fine program match for minecraft:pipeline/entity_translucent: HAND_TRANSLUCENT
[218月2026 05:36:42.763] [Render thread/WARN] [Iris/]: Found fine program match for minecraft:pipeline/entity_translucent_emissive: HAND_TRANSLUCENT
[218月2026 05:36:42.767] [Render thread/WARN] [Iris/]: Found fine program match for minecraft:pipeline/entity_cutout: HAND_CUTOUT
[218月2026 05:36:42.767] [Render thread/WARN] [Iris/]: Found fine program match for minecraft:pipeline/entity_translucent: HAND_TRANSLUCENT
[218月2026 05:36:42.767] [Render thread/WARN] [Iris/]: Found fine program match for minecraft:pipeline/entity_translucent_emissive: HAND_TRANSLUCENT
[218月2026 05:36:42.771] [Render thread/WARN] [Iris/]: Found fine program match for minecraft:pipeline/entity_cutout: HAND_CUTOUT
[218月2026 05:36:42.771] [Render thread/WARN] [Iris/]: Found fine program match for minecraft:pipeline/entity_translucent: HAND_TRANSLUCENT
[218月2026 05:36:42.771] [Render thread/WARN] [Iris/]: Found fine program match for minecraft:pipeline/entity_translucent_emissive: HAND_TRANSLUCENT
[218月2026 05:36:42.775] [Render thread/WARN] [Iris/]: Found fine program match for minecraft:pipeline/entity_cutout: HAND_CUTOUT
[218月2026 05:36:42.775] [Render thread/WARN] [Iris/]: Found fine program match for minecraft:pipeline/entity_translucent: HAND_TRANSLUCENT
[218月2026 05:36:42.775] [Render thread/WARN] [Iris/]: Found fine program match for minecraft:pipeline/entity_translucent_emissive: HAND_TRANSLUCENT
[218月2026 05:36:42.781] [Render thread/WARN] [Iris/]: Found fine program match for minecraft:pipeline/entity_cutout: HAND_CUTOUT
[218月2026 05:36:42.781] [Render thread/WARN] [Iris/]: Found fine program match for minecraft:pipeline/entity_translucent: HAND_TRANSLUCENT
[218月2026 05:36:42.781] [Render thread/WARN] [Iris/]: Found fine program match for minecraft:pipeline/entity_translucent_emissive: HAND_TRANSLUCENT
[218月2026 05:36:42.784] [Render thread/WARN] [Iris/]: Found fine program match for minecraft:pipeline/entity_cutout: HAND_CUTOUT
[218月2026 05:36:42.784] [Render thread/WARN] [Iris/]: Found fine program match for minecraft:pipeline/entity_translucent: HAND_TRANSLUCENT
[218月2026 05:36:42.785] [Render thread/WARN] [Iris/]: Found fine program match for minecraft:pipeline/entity_translucent_emissive: HAND_TRANSLUCENT
[218月2026 05:36:42.789] [Render thread/WARN] [Iris/]: Found fine program match for minecraft:pipeline/entity_cutout: HAND_CUTOUT
[218月2026 05:36:42.789] [Render thread/WARN] [Iris/]: Found fine program match for minecraft:pipeline/entity_translucent: HAND_TRANSLUCENT
[218月2026 05:36:42.789] [Render thread/WARN] [Iris/]: Found fine program match for minecraft:pipeline/entity_translucent_emissive: HAND_TRANSLUCENT
[218月2026 05:36:42.792] [Render thread/WARN] [Iris/]: Found fine program match for minecraft:pipeline/entity_cutout: HAND_CUTOUT
[218月2026 05:36:42.792] [Render thread/WARN] [Iris/]: Found fine program match for minecraft:pipeline/entity_translucent: HAND_TRANSLUCENT
[218月2026 05:36:42.792] [Render thread/WARN] [Iris/]: Found fine program match for minecraft:pipeline/entity_translucent_emissive: HAND_TRANSLUCENT
[218月2026 05:36:42.796] [Render thread/WARN] [Iris/]: Found fine program match for minecraft:pipeline/entity_cutout: HAND_CUTOUT
[218月2026 05:36:42.796] [Render thread/WARN] [Iris/]: Found fine program match for minecraft:pipeline/entity_translucent: HAND_TRANSLUCENT
[218月2026 05:36:42.796] [Render thread/WARN] [Iris/]: Found fine program match for minecraft:pipeline/entity_translucent_emissive: HAND_TRANSLUCENT
[218月2026 05:36:42.800] [Render thread/WARN] [Iris/]: Found fine program match for minecraft:pipeline/entity_cutout: HAND_CUTOUT
[218月2026 05:36:42.800] [Render thread/WARN] [Iris/]: Found fine program match for minecraft:pipeline/entity_translucent: HAND_TRANSLUCENT
[218月2026 05:36:42.800] [Render thread/WARN] [Iris/]: Found fine program match for minecraft:pipeline/entity_translucent_emissive: HAND_TRANSLUCENT
[218月2026 05:36:42.804] [Render thread/WARN] [Iris/]: Found fine program match for minecraft:pipeline/entity_cutout: HAND_CUTOUT
[218月2026 05:36:42.804] [Render thread/WARN] [Iris/]: Found fine program match for minecraft:pipeline/entity_translucent: HAND_TRANSLUCENT
[218月2026 05:36:42.804] [Render thread/WARN] [Iris/]: Found fine program match for minecraft:pipeline/entity_translucent_emissive: HAND_TRANSLUCENT
[218月2026 05:36:42.808] [Render thread/WARN] [Iris/]: Found fine program match for minecraft:pipeline/entity_cutout: HAND_CUTOUT
[218月2026 05:36:42.809] [Render thread/WARN] [Iris/]: Found fine program match for minecraft:pipeline/entity_translucent: HAND_TRANSLUCENT
[218月2026 05:36:42.809] [Render thread/WARN] [Iris/]: Found fine program match for minecraft:pipeline/entity_translucent_emissive: HAND_TRANSLUCENT
[218月2026 05:36:42.812] [Render thread/WARN] [Iris/]: Found fine program match for minecraft:pipeline/entity_cutout: HAND_CUTOUT
[218月2026 05:36:42.812] [Render thread/WARN] [Iris/]: Found fine program match for minecraft:pipeline/entity_translucent: HAND_TRANSLUCENT
[218月2026 05:36:42.812] [Render thread/WARN] [Iris/]: Found fine program match for minecraft:pipeline/entity_translucent_emissive: HAND_TRANSLUCENT
[218月2026 05:36:42.817] [Render thread/WARN] [Iris/]: Found fine program match for minecraft:pipeline/entity_cutout: HAND_CUTOUT
[218月2026 05:36:42.817] [Render thread/WARN] [Iris/]: Found fine program match for minecraft:pipeline/entity_translucent: HAND_TRANSLUCENT
[218月2026 05:36:42.817] [Render thread/WARN] [Iris/]: Found fine program match for minecraft:pipeline/entity_translucent_emissive: HAND_TRANSLUCENT
[218月2026 05:36:42.819] [Render thread/WARN] [Iris/]: Found fine program match for minecraft:pipeline/entity_cutout: HAND_CUTOUT
[218月2026 05:36:42.819] [Render thread/WARN] [Iris/]: Found fine program match for minecraft:pipeline/entity_translucent: HAND_TRANSLUCENT
[218月2026 05:36:42.819] [Render thread/WARN] [Iris/]: Found fine program match for minecraft:pipeline/entity_translucent_emissive: HAND_TRANSLUCENT
[218月2026 05:36:42.823] [Render thread/WARN] [Iris/]: Found fine program match for minecraft:pipeline/entity_cutout: HAND_CUTOUT
[218月2026 05:36:42.823] [Render thread/WARN] [Iris/]: Found fine program match for minecraft:pipeline/entity_translucent: HAND_TRANSLUCENT
[218月2026 05:36:42.823] [Render thread/WARN] [Iris/]: Found fine program match for minecraft:pipeline/entity_translucent_emissive: HAND_TRANSLUCENT
[218月2026 05:36:42.827] [Render thread/WARN] [Iris/]: Found fine program match for minecraft:pipeline/entity_cutout: HAND_CUTOUT
[218月2026 05:36:42.827] [Render thread/WARN] [Iris/]: Found fine program match for minecraft:pipeline/entity_translucent: HAND_TRANSLUCENT
[218月2026 05:36:42.827] [Render thread/WARN] [Iris/]: Found fine program match for minecraft:pipeline/entity_translucent_emissive: HAND_TRANSLUCENT
[218月2026 05:36:42.834] [Render thread/WARN] [Iris/]: Found fine program match for minecraft:pipeline/entity_cutout: HAND_CUTOUT
[218月2026 05:36:42.834] [Render thread/WARN] [Iris/]: Found fine program match for minecraft:pipeline/entity_translucent: HAND_TRANSLUCENT
[218月2026 05:36:42.834] [Render thread/WARN] [Iris/]: Found fine program match for minecraft:pipeline/entity_translucent_emissive: HAND_TRANSLUCENT
[218月2026 05:36:42.837] [Render thread/WARN] [Iris/]: Found fine program match for minecraft:pipeline/entity_cutout: HAND_CUTOUT
[218月2026 05:36:42.837] [Render thread/WARN] [Iris/]: Found fine program match for minecraft:pipeline/entity_translucent: HAND_TRANSLUCENT
[218月2026 05:36:42.837] [Render thread/WARN] [Iris/]: Found fine program match for minecraft:pipeline/entity_translucent_emissive: HAND_TRANSLUCENT
[218月2026 05:36:42.841] [Render thread/WARN] [Iris/]: Found fine program match for minecraft:pipeline/entity_cutout: HAND_CUTOUT
[218月2026 05:36:42.841] [Render thread/WARN] [Iris/]: Found fine program match for minecraft:pipeline/entity_translucent: HAND_TRANSLUCENT
[218月2026 05:36:42.841] [Render thread/WARN] [Iris/]: Found fine program match for minecraft:pipeline/entity_translucent_emissive: HAND_TRANSLUCENT
[218月2026 05:36:42.844] [Render thread/WARN] [Iris/]: Found fine program match for minecraft:pipeline/entity_cutout: HAND_CUTOUT
[218月2026 05:36:42.844] [Render thread/WARN] [Iris/]: Found fine program match for minecraft:pipeline/entity_translucent: HAND_TRANSLUCENT
[218月2026 05:36:42.844] [Render thread/WARN] [Iris/]: Found fine program match for minecraft:pipeline/entity_translucent_emissive: HAND_TRANSLUCENT
[218月2026 05:36:42.849] [Render thread/WARN] [com.tacz.guns.GunMod/]: [TACZ Sound] Missing gun sound resource, skipped. sound=minecraft:galilace32_put_away, path=minecraft:tacz_sounds/galilace32_put_away.ogg
[218月2026 05:36:42.849] [Render thread/WARN] [Iris/]: Found fine program match for minecraft:pipeline/entity_cutout: HAND_CUTOUT
[218月2026 05:36:42.849] [Render thread/WARN] [Iris/]: Found fine program match for minecraft:pipeline/entity_translucent: HAND_TRANSLUCENT
[218月2026 05:36:42.849] [Render thread/WARN] [Iris/]: Found fine program match for minecraft:pipeline/entity_translucent_emissive: HAND_TRANSLUCENT
[218月2026 05:36:42.852] [Render thread/WARN] [Iris/]: Found fine program match for minecraft:pipeline/entity_cutout: HAND_CUTOUT
[218月2026 05:36:42.852] [Render thread/WARN] [Iris/]: Found fine program match for minecraft:pipeline/entity_translucent: HAND_TRANSLUCENT
[218月2026 05:36:42.852] [Render thread/WARN] [Iris/]: Found fine program match for minecraft:pipeline/entity_translucent_emissive: HAND_TRANSLUCENT
[218月2026 05:36:42.856] [Render thread/WARN] [Iris/]: Found fine program match for minecraft:pipeline/entity_cutout: HAND_CUTOUT
[218月2026 05:36:42.856] [Render thread/WARN] [Iris/]: Found fine program match for minecraft:pipeline/entity_translucent: HAND_TRANSLUCENT
[218月2026 05:36:42.856] [Render thread/WARN] [Iris/]: Found fine program match for minecraft:pipeline/entity_translucent_emissive: HAND_TRANSLUCENT
[218月2026 05:36:42.859] [Render thread/WARN] [Iris/]: Found fine program match for minecraft:pipeline/entity_cutout: HAND_CUTOUT
[218月2026 05:36:42.859] [Render thread/WARN] [Iris/]: Found fine program match for minecraft:pipeline/entity_translucent: HAND_TRANSLUCENT
[218月2026 05:36:42.859] [Render thread/WARN] [Iris/]: Found fine program match for minecraft:pipeline/entity_translucent_emissive: HAND_TRANSLUCENT
[218月2026 05:36:42.865] [Render thread/WARN] [Iris/]: Found fine program match for minecraft:pipeline/entity_cutout: HAND_CUTOUT
[218月2026 05:36:42.865] [Render thread/WARN] [Iris/]: Found fine program match for minecraft:pipeline/entity_translucent: HAND_TRANSLUCENT
[218月2026 05:36:42.865] [Render thread/WARN] [Iris/]: Found fine program match for minecraft:pipeline/entity_translucent_emissive: HAND_TRANSLUCENT
[218月2026 05:36:42.869] [Render thread/WARN] [Iris/]: Found fine program match for minecraft:pipeline/entity_cutout: HAND_CUTOUT
[218月2026 05:36:42.869] [Render thread/WARN] [Iris/]: Found fine program match for minecraft:pipeline/entity_translucent: HAND_TRANSLUCENT
[218月2026 05:36:42.869] [Render thread/WARN] [Iris/]: Found fine program match for minecraft:pipeline/entity_translucent_emissive: HAND_TRANSLUCENT
[218月2026 05:36:42.873] [Render thread/WARN] [Iris/]: Found fine program match for minecraft:pipeline/entity_cutout: HAND_CUTOUT
[218月2026 05:36:42.873] [Render thread/WARN] [Iris/]: Found fine program match for minecraft:pipeline/entity_translucent: HAND_TRANSLUCENT
[218月2026 05:36:42.873] [Render thread/WARN] [Iris/]: Found fine program match for minecraft:pipeline/entity_translucent_emissive: HAND_TRANSLUCENT
[218月2026 05:36:42.877] [Render thread/WARN] [Iris/]: Found fine program match for minecraft:pipeline/entity_cutout: HAND_CUTOUT
[218月2026 05:36:42.877] [Render thread/WARN] [Iris/]: Found fine program match for minecraft:pipeline/entity_translucent: HAND_TRANSLUCENT
[218月2026 05:36:42.877] [Render thread/WARN] [Iris/]: Found fine program match for minecraft:pipeline/entity_translucent_emissive: HAND_TRANSLUCENT
[218月2026 05:36:42.882] [Render thread/WARN] [Iris/]: Found fine program match for minecraft:pipeline/entity_cutout: HAND_CUTOUT
[218月2026 05:36:42.882] [Render thread/WARN] [Iris/]: Found fine program match for minecraft:pipeline/entity_translucent: HAND_TRANSLUCENT
[218月2026 05:36:42.882] [Render thread/WARN] [Iris/]: Found fine program match for minecraft:pipeline/entity_translucent_emissive: HAND_TRANSLUCENT
[218月2026 05:36:42.884] [Render thread/WARN] [Iris/]: Found fine program match for minecraft:pipeline/entity_cutout: HAND_CUTOUT
[218月2026 05:36:42.885] [Render thread/WARN] [Iris/]: Found fine program match for minecraft:pipeline/entity_translucent: HAND_TRANSLUCENT
[218月2026 05:36:42.885] [Render thread/WARN] [Iris/]: Found fine program match for minecraft:pipeline/entity_translucent_emissive: HAND_TRANSLUCENT
[218月2026 05:36:42.889] [Render thread/WARN] [Iris/]: Found fine program match for minecraft:pipeline/entity_cutout: HAND_CUTOUT
[218月2026 05:36:42.889] [Render thread/WARN] [Iris/]: Found fine program match for minecraft:pipeline/entity_translucent: HAND_TRANSLUCENT
[218月2026 05:36:42.889] [Render thread/WARN] [Iris/]: Found fine program match for minecraft:pipeline/entity_translucent_emissive: HAND_TRANSLUCENT
[218月2026 05:36:42.893] [Render thread/WARN] [Iris/]: Found fine program match for minecraft:pipeline/entity_cutout: HAND_CUTOUT
[218月2026 05:36:42.893] [Render thread/WARN] [Iris/]: Found fine program match for minecraft:pipeline/entity_translucent: HAND_TRANSLUCENT
[218月2026 05:36:42.893] [Render thread/WARN] [Iris/]: Found fine program match for minecraft:pipeline/entity_translucent_emissive: HAND_TRANSLUCENT
[218月2026 05:36:42.898] [Render thread/WARN] [Iris/]: Found fine program match for minecraft:pipeline/entity_cutout: HAND_CUTOUT
[218月2026 05:36:42.898] [Render thread/WARN] [Iris/]: Found fine program match for minecraft:pipeline/entity_translucent: HAND_TRANSLUCENT
[218月2026 05:36:42.898] [Render thread/WARN] [Iris/]: Found fine program match for minecraft:pipeline/entity_translucent_emissive: HAND_TRANSLUCENT
[218月2026 05:36:42.901] [Render thread/WARN] [Iris/]: Found fine program match for minecraft:pipeline/entity_cutout: HAND_CUTOUT
[218月2026 05:36:42.901] [Render thread/WARN] [Iris/]: Found fine program match for minecraft:pipeline/entity_translucent: HAND_TRANSLUCENT
[218月2026 05:36:42.901] [Render thread/WARN] [Iris/]: Found fine program match for minecraft:pipeline/entity_translucent_emissive: HAND_TRANSLUCENT
[218月2026 05:36:42.904] [Render thread/WARN] [Iris/]: Found fine program match for minecraft:pipeline/entity_cutout: HAND_CUTOUT
[218月2026 05:36:42.904] [Render thread/WARN] [Iris/]: Found fine program match for minecraft:pipeline/entity_translucent: HAND_TRANSLUCENT
[218月2026 05:36:42.905] [Render thread/WARN] [Iris/]: Found fine program match for minecraft:pipeline/entity_translucent_emissive: HAND_TRANSLUCENT
[218月2026 05:36:42.909] [Render thread/WARN] [Iris/]: Found fine program match for minecraft:pipeline/entity_cutout: HAND_CUTOUT
[218月2026 05:36:42.909] [Render thread/WARN] [Iris/]: Found fine program match for minecraft:pipeline/entity_translucent: HAND_TRANSLUCENT
[218月2026 05:36:42.909] [Render thread/WARN] [Iris/]: Found fine program match for minecraft:pipeline/entity_translucent_emissive: HAND_TRANSLUCENT
[218月2026 05:36:42.913] [Render thread/WARN] [Iris/]: Found fine program match for minecraft:pipeline/entity_cutout: HAND_CUTOUT
[218月2026 05:36:42.913] [Render thread/WARN] [Iris/]: Found fine program match for minecraft:pipeline/entity_translucent: HAND_TRANSLUCENT
[218月2026 05:36:42.913] [Render thread/WARN] [Iris/]: Found fine program match for minecraft:pipeline/entity_translucent_emissive: HAND_TRANSLUCENT
[218月2026 05:36:42.917] [Render thread/WARN] [Iris/]: Found fine program match for minecraft:pipeline/entity_cutout: HAND_CUTOUT
[218月2026 05:36:42.917] [Render thread/WARN] [Iris/]: Found fine program match for minecraft:pipeline/entity_translucent: HAND_TRANSLUCENT
[218月2026 05:36:42.917] [Render thread/WARN] [Iris/]: Found fine program match for minecraft:pipeline/entity_translucent_emissive: HAND_TRANSLUCENT
[218月2026 05:36:42.921] [Render thread/WARN] [Iris/]: Found fine program match for minecraft:pipeline/entity_cutout: HAND_CUTOUT
[218月2026 05:36:42.922] [Render thread/WARN] [Iris/]: Found fine program match for minecraft:pipeline/entity_translucent: HAND_TRANSLUCENT
[218月2026 05:36:42.922] [Render thread/WARN] [Iris/]: Found fine program match for minecraft:pipeline/entity_translucent_emissive: HAND_TRANSLUCENT
[218月2026 05:36:42.925] [Render thread/WARN] [Iris/]: Found fine program match for minecraft:pipeline/entity_cutout: HAND_CUTOUT
[218月2026 05:36:42.925] [Render thread/WARN] [Iris/]: Found fine program match for minecraft:pipeline/entity_translucent: HAND_TRANSLUCENT
[218月2026 05:36:42.925] [Render thread/WARN] [Iris/]: Found fine program match for minecraft:pipeline/entity_translucent_emissive: HAND_TRANSLUCENT
[218月2026 05:36:44.465] [Server thread/INFO] [net.minecraft.client.server.IntegratedServer/]: Saving and pausing game...
[218月2026 05:36:44.480] [Server thread/INFO] [net.minecraft.server.MinecraftServer/]: Saving chunks for level 'ServerLevel[新的世界]'/minecraft:overworld
[218月2026 05:36:44.487] [Server thread/INFO] [net.minecraft.server.MinecraftServer/]: Saving chunks for level 'ServerLevel[新的世界]'/minecraft:the_nether
[218月2026 05:36:44.488] [Server thread/INFO] [net.minecraft.server.MinecraftServer/]: Saving chunks for level 'ServerLevel[新的世界]'/minecraft:the_end
[218月2026 05:36:45.199] [Render thread/INFO] [xaero.hud.minimap.MinimapLogs/]: Xaero hud session finalized.
[218月2026 05:36:45.216] [Server thread/INFO] [net.minecraft.server.MinecraftServer/]: Stopping server
[218月2026 05:36:45.217] [Server thread/INFO] [net.minecraft.server.MinecraftServer/]: Saving players
[218月2026 05:36:45.228] [Server thread/INFO] [net.minecraft.server.network.ServerGamePacketListenerImpl/]: GOOSTL lost connection: 连接中断
[218月2026 05:36:45.228] [Server thread/INFO] [net.minecraft.server.MinecraftServer/]: GOOSTL退出了游戏
[218月2026 05:36:45.239] [Server thread/INFO] [net.minecraft.server.network.ServerCommonPacketListenerImpl/]: Stopping singleplayer server as player logged out
[218月2026 05:36:45.239] [Server thread/INFO] [net.minecraft.server.MinecraftServer/]: Saving worlds
[218月2026 05:36:45.320] [Server thread/INFO] [net.minecraft.server.MinecraftServer/]: Saving chunks for level 'ServerLevel[新的世界]'/minecraft:overworld
[218月2026 05:36:45.586] [Server thread/INFO] [net.minecraft.server.MinecraftServer/]: Saving chunks for level 'ServerLevel[新的世界]'/minecraft:the_nether
[218月2026 05:36:45.590] [Server thread/INFO] [net.minecraft.server.MinecraftServer/]: Saving chunks for level 'ServerLevel[新的世界]'/minecraft:the_end
[218月2026 05:36:45.597] [Server thread/INFO] [net.minecraft.server.MinecraftServer/]: ThreadedAnvilChunkStorage (world): All chunks are saved
[218月2026 05:36:45.597] [Server thread/INFO] [net.minecraft.server.MinecraftServer/]: ThreadedAnvilChunkStorage (DIM-1): All chunks are saved
[218月2026 05:36:45.597] [Server thread/INFO] [net.minecraft.server.MinecraftServer/]: ThreadedAnvilChunkStorage (DIM1): All chunks are saved
[218月2026 05:36:45.597] [Server thread/INFO] [net.minecraft.server.MinecraftServer/]: ThreadedAnvilChunkStorage: All dimensions are saved
[218月2026 05:36:45.651] [Render thread/INFO] [ChunkBuilder/]: Stopping worker threads
[218月2026 05:36:46.004] [Render thread/INFO] [net.minecraft.client.Minecraft/]: Stopping!
